CREATE DATABASE  IF NOT EXISTS `shc_cms` /*!40100 DEFAULT CHARACTER SET latin1 */;
USE `shc_cms`;
-- MySQL dump 10.13  Distrib 5.6.19, for debian-linux-gnu (x86_64)
--
-- Host: 192.168.10.10    Database: shc_cms
-- ------------------------------------------------------
-- Server version	5.6.19-0ubuntu0.14.04.1

/*!40101 SET @OLD_CHARACTER_SET_CLIENT=@@CHARACTER_SET_CLIENT */;
/*!40101 SET @OLD_CHARACTER_SET_RESULTS=@@CHARACTER_SET_RESULTS */;
/*!40101 SET @OLD_COLLATION_CONNECTION=@@COLLATION_CONNECTION */;
/*!40101 SET NAMES utf8 */;
/*!40103 SET @OLD_TIME_ZONE=@@TIME_ZONE */;
/*!40103 SET TIME_ZONE='+00:00' */;
/*!40014 SET @OLD_UNIQUE_CHECKS=@@UNIQUE_CHECKS, UNIQUE_CHECKS=0 */;
/*!40014 SET @OLD_FOREIGN_KEY_CHECKS=@@FOREIGN_KEY_CHECKS, FOREIGN_KEY_CHECKS=0 */;
/*!40101 SET @OLD_SQL_MODE=@@SQL_MODE, SQL_MODE='NO_AUTO_VALUE_ON_ZERO' */;
/*!40111 SET @OLD_SQL_NOTES=@@SQL_NOTES, SQL_NOTES=0 */;

--
-- Table structure for table `auth_group`
--

DROP TABLE IF EXISTS `auth_group`;
/*!40101 SET @saved_cs_client     = @@character_set_client */;
/*!40101 SET character_set_client = utf8 */;
CREATE TABLE `auth_group` (
  `id` int(11) NOT NULL AUTO_INCREMENT,
  `name` varchar(80) NOT NULL,
  PRIMARY KEY (`id`),
  UNIQUE KEY `name` (`name`)
) ENGINE=InnoDB AUTO_INCREMENT=2 DEFAULT CHARSET=latin1;
/*!40101 SET character_set_client = @saved_cs_client */;

--
-- Dumping data for table `auth_group`
--

LOCK TABLES `auth_group` WRITE;
/*!40000 ALTER TABLE `auth_group` DISABLE KEYS */;
INSERT INTO `auth_group` VALUES (1,'G.Web-Content-Mgr');
/*!40000 ALTER TABLE `auth_group` ENABLE KEYS */;
UNLOCK TABLES;

--
-- Table structure for table `auth_group_permissions`
--

DROP TABLE IF EXISTS `auth_group_permissions`;
/*!40101 SET @saved_cs_client     = @@character_set_client */;
/*!40101 SET character_set_client = utf8 */;
CREATE TABLE `auth_group_permissions` (
  `id` int(11) NOT NULL AUTO_INCREMENT,
  `group_id` int(11) NOT NULL,
  `permission_id` int(11) NOT NULL,
  PRIMARY KEY (`id`),
  UNIQUE KEY `group_id` (`group_id`,`permission_id`),
  KEY `auth_group_permissions_5f412f9a` (`group_id`),
  KEY `auth_group_permissions_83d7f98b` (`permission_id`),
  CONSTRAINT `group_id_refs_id_f4b32aac` FOREIGN KEY (`group_id`) REFERENCES `auth_group` (`id`),
  CONSTRAINT `permission_id_refs_id_6ba0f519` FOREIGN KEY (`permission_id`) REFERENCES `auth_permission` (`id`)
) ENGINE=InnoDB AUTO_INCREMENT=142 DEFAULT CHARSET=latin1;
/*!40101 SET character_set_client = @saved_cs_client */;

--
-- Dumping data for table `auth_group_permissions`
--

LOCK TABLES `auth_group_permissions` WRITE;
/*!40000 ALTER TABLE `auth_group_permissions` DISABLE KEYS */;
INSERT INTO `auth_group_permissions` VALUES (112,1,25),(113,1,26),(114,1,27),(115,1,28),(116,1,29),(117,1,30),(118,1,34),(119,1,35),(120,1,36),(121,1,37),(122,1,38),(123,1,39),(124,1,43),(125,1,44),(126,1,45),(127,1,49),(128,1,50),(129,1,51),(130,1,58),(131,1,59),(132,1,60),(133,1,61),(134,1,62),(135,1,63),(136,1,76),(137,1,77),(138,1,78),(139,1,79),(140,1,80),(141,1,81);
/*!40000 ALTER TABLE `auth_group_permissions` ENABLE KEYS */;
UNLOCK TABLES;

--
-- Table structure for table `auth_permission`
--

DROP TABLE IF EXISTS `auth_permission`;
/*!40101 SET @saved_cs_client     = @@character_set_client */;
/*!40101 SET character_set_client = utf8 */;
CREATE TABLE `auth_permission` (
  `id` int(11) NOT NULL AUTO_INCREMENT,
  `name` varchar(50) NOT NULL,
  `content_type_id` int(11) NOT NULL,
  `codename` varchar(100) NOT NULL,
  PRIMARY KEY (`id`),
  UNIQUE KEY `content_type_id` (`content_type_id`,`codename`),
  KEY `auth_permission_37ef4eb4` (`content_type_id`),
  CONSTRAINT `content_type_id_refs_id_d043b34a` FOREIGN KEY (`content_type_id`) REFERENCES `django_content_type` (`id`)
) ENGINE=InnoDB AUTO_INCREMENT=85 DEFAULT CHARSET=latin1;
/*!40101 SET character_set_client = @saved_cs_client */;

--
-- Dumping data for table `auth_permission`
--

LOCK TABLES `auth_permission` WRITE;
/*!40000 ALTER TABLE `auth_permission` DISABLE KEYS */;
INSERT INTO `auth_permission` VALUES (1,'Can add permission',1,'add_permission'),(2,'Can change permission',1,'change_permission'),(3,'Can delete permission',1,'delete_permission'),(4,'Can add group',2,'add_group'),(5,'Can change group',2,'change_group'),(6,'Can delete group',2,'delete_group'),(7,'Can add user',3,'add_user'),(8,'Can change user',3,'change_user'),(9,'Can delete user',3,'delete_user'),(10,'Can add content type',4,'add_contenttype'),(11,'Can change content type',4,'change_contenttype'),(12,'Can delete content type',4,'delete_contenttype'),(13,'Can add session',5,'add_session'),(14,'Can change session',5,'change_session'),(15,'Can delete session',5,'delete_session'),(16,'Can add site',6,'add_site'),(17,'Can change site',6,'change_site'),(18,'Can delete site',6,'delete_site'),(19,'Can add migration history',7,'add_migrationhistory'),(20,'Can change migration history',7,'change_migrationhistory'),(21,'Can delete migration history',7,'delete_migrationhistory'),(22,'Can add log entry',8,'add_logentry'),(23,'Can change log entry',8,'change_logentry'),(24,'Can delete log entry',8,'delete_logentry'),(25,'Can add category',9,'add_category'),(26,'Can change category',9,'change_category'),(27,'Can delete category',9,'delete_category'),(28,'Can add media file',10,'add_mediafile'),(29,'Can change media file',10,'change_mediafile'),(30,'Can delete media file',10,'delete_mediafile'),(31,'Can add media file translation',11,'add_mediafiletranslation'),(32,'Can change media file translation',11,'change_mediafiletranslation'),(33,'Can delete media file translation',11,'delete_mediafiletranslation'),(34,'Can add page',12,'add_page'),(35,'Can change page',12,'change_page'),(36,'Can delete page',12,'delete_page'),(37,'Can add textile page content',13,'add_textilepagecontent'),(38,'Can change textile page content',13,'change_textilepagecontent'),(39,'Can delete textile page content',13,'delete_textilepagecontent'),(40,'Can add rich text',14,'add_richtextcontent'),(41,'Can change rich text',14,'change_richtextcontent'),(42,'Can delete rich text',14,'delete_richtextcontent'),(43,'Can add raw content',15,'add_rawcontent'),(44,'Can change raw content',15,'change_rawcontent'),(45,'Can delete raw content',15,'delete_rawcontent'),(46,'Can add slide',16,'add_slidecontent'),(47,'Can change slide',16,'change_slidecontent'),(48,'Can delete slide',16,'delete_slidecontent'),(49,'Can add media file',17,'add_mediafilecontent'),(50,'Can change media file',17,'change_mediafilecontent'),(51,'Can delete media file',17,'delete_mediafilecontent'),(52,'Can add subpages listing',18,'add_subpagecontent'),(53,'Can change subpages listing',18,'change_subpagecontent'),(54,'Can delete subpages listing',18,'delete_subpagecontent'),(55,'Can add page teaser',19,'add_pageteasercontent'),(56,'Can change page teaser',19,'change_pageteasercontent'),(57,'Can delete page teaser',19,'delete_pageteasercontent'),(58,'Can add Form',20,'add_formcontent'),(59,'Can change Form',20,'change_formcontent'),(60,'Can delete Form',20,'delete_formcontent'),(61,'Can add template content',21,'add_templatecontent'),(62,'Can change template content',21,'change_templatecontent'),(63,'Can delete template content',21,'delete_templatecontent'),(64,'Can add Form entry',22,'add_formentry'),(65,'Can change Form entry',22,'change_formentry'),(66,'Can delete Form entry',22,'delete_formentry'),(67,'Can add Form field entry',23,'add_fieldentry'),(68,'Can change Form field entry',23,'change_fieldentry'),(69,'Can delete Form field entry',23,'delete_fieldentry'),(70,'Can add Form',24,'add_form'),(71,'Can change Form',24,'change_form'),(72,'Can delete Form',24,'delete_form'),(73,'Can add Field',25,'add_field'),(74,'Can change Field',25,'change_field'),(75,'Can delete Field',25,'delete_field'),(76,'Can add directory listing',26,'add_directorylistingcontent'),(77,'Can change directory listing',26,'change_directorylistingcontent'),(78,'Can delete directory listing',26,'delete_directorylistingcontent'),(79,'Can add testimonial',27,'add_testimonial'),(80,'Can change testimonial',27,'change_testimonial'),(81,'Can delete testimonial',27,'delete_testimonial'),(82,'Can add media category listing',28,'add_mediacategorylistingcontent'),(83,'Can change media category listing',28,'change_mediacategorylistingcontent'),(84,'Can delete media category listing',28,'delete_mediacategorylistingcontent');
/*!40000 ALTER TABLE `auth_permission` ENABLE KEYS */;
UNLOCK TABLES;

--
-- Table structure for table `auth_user`
--

DROP TABLE IF EXISTS `auth_user`;
/*!40101 SET @saved_cs_client     = @@character_set_client */;
/*!40101 SET character_set_client = utf8 */;
CREATE TABLE `auth_user` (
  `id` int(11) NOT NULL AUTO_INCREMENT,
  `password` varchar(128) NOT NULL,
  `last_login` datetime NOT NULL,
  `is_superuser` tinyint(1) NOT NULL,
  `username` varchar(30) NOT NULL,
  `first_name` varchar(30) NOT NULL,
  `last_name` varchar(30) NOT NULL,
  `email` varchar(75) NOT NULL,
  `is_staff` tinyint(1) NOT NULL,
  `is_active` tinyint(1) NOT NULL,
  `date_joined` datetime NOT NULL,
  PRIMARY KEY (`id`),
  UNIQUE KEY `username` (`username`)
) ENGINE=InnoDB AUTO_INCREMENT=17 DEFAULT CHARSET=latin1;
/*!40101 SET character_set_client = @saved_cs_client */;

--
-- Dumping data for table `auth_user`
--

LOCK TABLES `auth_user` WRITE;
/*!40000 ALTER TABLE `auth_user` DISABLE KEYS */;
INSERT INTO `auth_user` VALUES (1,'pbkdf2_sha256$12000$NTKn4PAvpPmc$zSDsI0nP4btnUbWgdYoymU+67ZKLPy/JYy4zxOqix50=','2015-02-04 09:40:11',1,'admin','','','chughes@shc.edu',1,1,'2014-08-08 20:26:23'),(15,'pbkdf2_sha256$12000$JEnkammU54gD$Ece84ForA4QwC7xf0AJQOYFSuPVVYCc7QWnRWnQCXyg=','2015-01-22 10:36:11',0,'lmcneill','Laura','McNeill','lmcneill@shc.edu',1,1,'2014-08-14 16:06:59'),(16,'','2014-12-19 16:08:44',1,'chughes','Christopher','Hughes','chughes@shc.edu',1,1,'2014-08-15 10:25:36');
/*!40000 ALTER TABLE `auth_user` ENABLE KEYS */;
UNLOCK TABLES;

--
-- Table structure for table `auth_user_groups`
--

DROP TABLE IF EXISTS `auth_user_groups`;
/*!40101 SET @saved_cs_client     = @@character_set_client */;
/*!40101 SET character_set_client = utf8 */;
CREATE TABLE `auth_user_groups` (
  `id` int(11) NOT NULL AUTO_INCREMENT,
  `user_id` int(11) NOT NULL,
  `group_id` int(11) NOT NULL,
  PRIMARY KEY (`id`),
  UNIQUE KEY `user_id` (`user_id`,`group_id`),
  KEY `auth_user_groups_6340c63c` (`user_id`),
  KEY `auth_user_groups_5f412f9a` (`group_id`),
  CONSTRAINT `group_id_refs_id_274b862c` FOREIGN KEY (`group_id`) REFERENCES `auth_group` (`id`),
  CONSTRAINT `user_id_refs_id_40c41112` FOREIGN KEY (`user_id`) REFERENCES `auth_user` (`id`)
) ENGINE=InnoDB AUTO_INCREMENT=17 DEFAULT CHARSET=latin1;
/*!40101 SET character_set_client = @saved_cs_client */;

--
-- Dumping data for table `auth_user_groups`
--

LOCK TABLES `auth_user_groups` WRITE;
/*!40000 ALTER TABLE `auth_user_groups` DISABLE KEYS */;
INSERT INTO `auth_user_groups` VALUES (16,15,1);
/*!40000 ALTER TABLE `auth_user_groups` ENABLE KEYS */;
UNLOCK TABLES;

--
-- Table structure for table `auth_user_user_permissions`
--

DROP TABLE IF EXISTS `auth_user_user_permissions`;
/*!40101 SET @saved_cs_client     = @@character_set_client */;
/*!40101 SET character_set_client = utf8 */;
CREATE TABLE `auth_user_user_permissions` (
  `id` int(11) NOT NULL AUTO_INCREMENT,
  `user_id` int(11) NOT NULL,
  `permission_id` int(11) NOT NULL,
  PRIMARY KEY (`id`),
  UNIQUE KEY `user_id` (`user_id`,`permission_id`),
  KEY `auth_user_user_permissions_6340c63c` (`user_id`),
  KEY `auth_user_user_permissions_83d7f98b` (`permission_id`),
  CONSTRAINT `permission_id_refs_id_35d9ac25` FOREIGN KEY (`permission_id`) REFERENCES `auth_permission` (`id`),
  CONSTRAINT `user_id_refs_id_4dc23c39` FOREIGN KEY (`user_id`) REFERENCES `auth_user` (`id`)
) ENGINE=InnoDB DEFAULT CHARSET=latin1;
/*!40101 SET character_set_client = @saved_cs_client */;

--
-- Dumping data for table `auth_user_user_permissions`
--

LOCK TABLES `auth_user_user_permissions` WRITE;
/*!40000 ALTER TABLE `auth_user_user_permissions` DISABLE KEYS */;
/*!40000 ALTER TABLE `auth_user_user_permissions` ENABLE KEYS */;
UNLOCK TABLES;

--
-- Table structure for table `degrees_academicarea`
--

DROP TABLE IF EXISTS `degrees_academicarea`;
/*!40101 SET @saved_cs_client     = @@character_set_client */;
/*!40101 SET character_set_client = utf8 */;
CREATE TABLE `degrees_academicarea` (
  `id` int(11) NOT NULL AUTO_INCREMENT,
  `level` varchar(10) NOT NULL,
  `title` varchar(100) NOT NULL,
  `intro` longtext NOT NULL,
  `image_slug` varchar(100) NOT NULL,
  PRIMARY KEY (`id`)
) ENGINE=InnoDB AUTO_INCREMENT=12 DEFAULT CHARSET=latin1;
/*!40101 SET character_set_client = @saved_cs_client */;

--
-- Dumping data for table `degrees_academicarea`
--

LOCK TABLES `degrees_academicarea` WRITE;
/*!40000 ALTER TABLE `degrees_academicarea` DISABLE KEYS */;
INSERT INTO `degrees_academicarea` VALUES (1,'ug','Business','Develop. Build for the Future. Lead.','BUS3.jpg'),(2,'ug','Comm Arts','Inform. Persuade. Entertain.','CA.jpg'),(3,'ug','Fine Arts','Dream. Imagine. Create.','FA2.jpg'),(4,'ug','Humanities','Experience. Absorb. Share with the World.','HUM3.jpg'),(5,'ug','Natural Sciences','Research. Problem Solve. Explore.','SCI2.jpg'),(6,'ug','Social Sciences','Think Deeply. Understand. Become.','SOCSCI2.jpg'),(7,'grad','Business','Accelerate your career as a global business leader.','MBU.jpg'),(8,'grad','Liberal Arts','Personal and Professional Transformation.','MLA.jpg'),(9,'grad','Nursing','Expertise. Leadership. Knowledge.','MNU.jpg'),(10,'grad','Teacher Education','Develop. Grow. Create positive change.','MTE.jpg'),(11,'grad','Theological Studies','God\'s Calling. Rich Diversity. Distinguished Faculty.','MTHEO.jpg');
/*!40000 ALTER TABLE `degrees_academicarea` ENABLE KEYS */;
UNLOCK TABLES;

--
-- Table structure for table `degrees_degree`
--

DROP TABLE IF EXISTS `degrees_degree`;
/*!40101 SET @saved_cs_client     = @@character_set_client */;
/*!40101 SET character_set_client = utf8 */;
CREATE TABLE `degrees_degree` (
  `id` int(11) NOT NULL AUTO_INCREMENT,
  `academic_area_id` int(11) NOT NULL,
  `dept_code` varchar(5) NOT NULL,
  `page_ref_id` int(11) NOT NULL,
  PRIMARY KEY (`id`),
  KEY `degrees_degree_6ec1bdf6` (`academic_area_id`),
  KEY `degrees_degree_ef275429` (`page_ref_id`),
  CONSTRAINT `academic_area_id_refs_id_4d09ab3a` FOREIGN KEY (`academic_area_id`) REFERENCES `degrees_academicarea` (`id`)
) ENGINE=InnoDB AUTO_INCREMENT=55 DEFAULT CHARSET=latin1;
/*!40101 SET character_set_client = @saved_cs_client */;

--
-- Dumping data for table `degrees_degree`
--

LOCK TABLES `degrees_degree` WRITE;
/*!40000 ALTER TABLE `degrees_degree` DISABLE KEYS */;
INSERT INTO `degrees_degree` VALUES (2,1,'BA',16),(3,1,'BA',63),(4,2,'CA',24),(5,2,'CA',25),(6,2,'CA',26),(7,1,'BA',64),(8,1,'BA',17),(9,1,'BA',53),(10,1,'BA',19),(11,1,'BA',20),(12,3,'FA',21),(13,3,'FA',22),(14,3,'FA',23),(15,3,'FA',3),(16,4,'EN',27),(17,4,'LG',59),(18,4,'GENST',28),(19,4,'LG',29),(20,4,'HUM',30),(21,4,'LG',60),(22,4,'LG',61),(23,4,'EN',31),(24,4,'PL',46),(25,4,'TH',52),(26,5,'CH',32),(27,5,'CH',5),(28,5,'BI',34),(29,5,'CH',58),(30,5,'BI',35),(31,5,'BI',36),(32,5,'MA',37),(33,5,'MA',38),(34,5,'MA',39),(35,5,'MA',40),(36,5,'MA',41),(37,5,'NU',42),(38,6,'SO',43),(39,6,'HS',44),(40,6,'PS',45),(41,6,'PS',47),(42,6,'PS',62),(43,6,'PY',4),(44,6,'HS',49),(45,6,'SO',50),(46,6,'ED',51),(47,7,'BA',67),(48,8,'',74),(49,9,'NU',72),(50,10,'ED',71),(51,10,'ED',70),(52,11,'TH',66),(53,11,'TH',68),(54,11,'TH',69);
/*!40000 ALTER TABLE `degrees_degree` ENABLE KEYS */;
UNLOCK TABLES;

--
-- Table structure for table `degrees_degree_mmc`
--

DROP TABLE IF EXISTS `degrees_degree_mmc`;
/*!40101 SET @saved_cs_client     = @@character_set_client */;
/*!40101 SET character_set_client = utf8 */;
CREATE TABLE `degrees_degree_mmc` (
  `id` int(11) NOT NULL AUTO_INCREMENT,
  `degree_id` int(11) NOT NULL,
  `mmc_id` int(11) NOT NULL,
  PRIMARY KEY (`id`),
  UNIQUE KEY `degree_id` (`degree_id`,`mmc_id`),
  KEY `degrees_degree_mmc_d45c62ff` (`degree_id`),
  KEY `degrees_degree_mmc_3c202738` (`mmc_id`),
  CONSTRAINT `degree_id_refs_id_ce05d95b` FOREIGN KEY (`degree_id`) REFERENCES `degrees_degree` (`id`),
  CONSTRAINT `mmc_id_refs_id_acf4b322` FOREIGN KEY (`mmc_id`) REFERENCES `degrees_mmc` (`id`)
) ENGINE=InnoDB AUTO_INCREMENT=70 DEFAULT CHARSET=latin1;
/*!40101 SET character_set_client = @saved_cs_client */;

--
-- Dumping data for table `degrees_degree_mmc`
--

LOCK TABLES `degrees_degree_mmc` WRITE;
/*!40000 ALTER TABLE `degrees_degree_mmc` DISABLE KEYS */;
INSERT INTO `degrees_degree_mmc` VALUES (12,2,2),(13,2,3),(5,3,2),(6,4,2),(7,4,3),(8,5,2),(9,5,3),(10,6,2),(11,6,3),(14,7,2),(15,8,3),(16,9,3),(17,10,2),(18,10,3),(19,11,2),(20,11,3),(21,12,1),(22,13,1),(23,13,2),(24,14,1),(25,14,2),(26,15,1),(27,15,2),(28,16,1),(29,16,2),(30,17,2),(31,18,1),(32,19,1),(33,20,1),(34,21,2),(35,22,2),(36,23,1),(37,23,2),(38,24,1),(39,24,2),(40,25,1),(41,25,2),(42,26,1),(43,26,2),(44,27,1),(45,27,2),(46,28,3),(47,29,2),(48,30,3),(49,31,3),(50,32,1),(51,33,3),(52,34,3),(53,35,3),(54,36,3),(55,37,1),(56,38,3),(57,39,1),(58,39,2),(59,40,1),(60,40,2),(61,41,1),(62,41,2),(63,42,2),(64,43,1),(65,43,2),(66,44,1),(67,45,1),(68,45,2),(69,46,1);
/*!40000 ALTER TABLE `degrees_degree_mmc` ENABLE KEYS */;
UNLOCK TABLES;

--
-- Table structure for table `degrees_mmc`
--

DROP TABLE IF EXISTS `degrees_mmc`;
/*!40101 SET @saved_cs_client     = @@character_set_client */;
/*!40101 SET character_set_client = utf8 */;
CREATE TABLE `degrees_mmc` (
  `id` int(11) NOT NULL AUTO_INCREMENT,
  `code` varchar(2) NOT NULL,
  `description` varchar(20) NOT NULL,
  PRIMARY KEY (`id`)
) ENGINE=InnoDB AUTO_INCREMENT=4 DEFAULT CHARSET=latin1;
/*!40101 SET character_set_client = @saved_cs_client */;

--
-- Dumping data for table `degrees_mmc`
--

LOCK TABLES `degrees_mmc` WRITE;
/*!40000 ALTER TABLE `degrees_mmc` DISABLE KEYS */;
INSERT INTO `degrees_mmc` VALUES (1,'M','Major'),(2,'m','Minor'),(3,'C','Concentration');
/*!40000 ALTER TABLE `degrees_mmc` ENABLE KEYS */;
UNLOCK TABLES;

--
-- Table structure for table `django_admin_log`
--

DROP TABLE IF EXISTS `django_admin_log`;
/*!40101 SET @saved_cs_client     = @@character_set_client */;
/*!40101 SET character_set_client = utf8 */;
CREATE TABLE `django_admin_log` (
  `id` int(11) NOT NULL AUTO_INCREMENT,
  `action_time` datetime NOT NULL,
  `user_id` int(11) NOT NULL,
  `content_type_id` int(11) DEFAULT NULL,
  `object_id` longtext,
  `object_repr` varchar(200) NOT NULL,
  `action_flag` smallint(5) unsigned NOT NULL,
  `change_message` longtext NOT NULL,
  PRIMARY KEY (`id`),
  KEY `django_admin_log_6340c63c` (`user_id`),
  KEY `django_admin_log_37ef4eb4` (`content_type_id`),
  CONSTRAINT `content_type_id_refs_id_93d2d1f8` FOREIGN KEY (`content_type_id`) REFERENCES `django_content_type` (`id`),
  CONSTRAINT `user_id_refs_id_c0d12874` FOREIGN KEY (`user_id`) REFERENCES `auth_user` (`id`)
) ENGINE=InnoDB AUTO_INCREMENT=2327 DEFAULT CHARSET=latin1;
/*!40101 SET character_set_client = @saved_cs_client */;

--
-- Dumping data for table `django_admin_log`
--

LOCK TABLES `django_admin_log` WRITE;
/*!40000 ALTER TABLE `django_admin_log` DISABLE KEYS */;
INSERT INTO `django_admin_log` VALUES (1,'2014-08-08 20:35:02',1,9,'1','Banner',1,''),(2,'2014-08-08 20:35:05',1,10,'1','humanities-header.jpg',1,''),(3,'2014-08-08 20:36:01',1,12,'1','Undergraduate Academics',1,''),(4,'2014-08-08 20:38:36',1,10,'2','cool_moth_1.jpg',1,''),(5,'2014-08-08 20:38:57',1,12,'2','Undergraduate Majors & Minors',1,''),(6,'2014-08-08 20:46:32',1,10,'3','fine-arts-banner_1.jpg',1,''),(7,'2014-08-08 20:46:52',1,12,'3','Bachelor of Arts in Studio Art',1,''),(8,'2014-08-08 20:47:22',1,12,'3','Bachelor of Arts in Studio Art',2,'Changed _content_title.'),(9,'2014-08-08 20:49:06',1,12,'4','Bachelor of Science in Psychology',1,''),(10,'2014-08-08 20:49:14',1,12,'4','Bachelor of Science in Psychology',2,'Changed template_key.'),(11,'2014-08-08 20:49:22',1,12,'4','Bachelor of Science in Psychology',2,'No fields changed.'),(12,'2014-08-08 20:49:35',1,12,'3','Bachelor of Arts in Studio Art',2,'Changed template_key.'),(13,'2014-08-08 20:49:39',1,12,'3','Bachelor of Arts in Studio Art',2,'No fields changed.'),(14,'2014-08-08 20:50:54',1,12,'5','Bachelor of Science in Chemistry',1,''),(15,'2014-08-08 20:51:02',1,12,'5','Bachelor of Science in Chemistry',2,'Changed template_key.'),(16,'2014-08-08 20:51:32',1,12,'4','Bachelor of Science in Psychology',2,'Changed _content_title.'),(17,'2014-08-08 20:53:35',1,12,'6','The Jesuit Advantage',1,''),(18,'2014-08-08 20:53:46',1,12,'6','The Jesuit Advantage',2,'Changed in_navigation.'),(19,'2014-08-08 20:54:40',1,12,'7','Core Curriculum',1,''),(20,'2014-08-08 20:55:45',1,12,'8','Italy Center and Study Abroad',1,''),(21,'2014-08-08 20:56:51',1,12,'9','LEAP Program',1,''),(22,'2014-08-08 20:58:03',1,12,'10','The Honors Program',1,''),(23,'2014-08-08 20:58:56',1,12,'11','Service Learning',1,''),(24,'2014-08-08 20:59:36',1,12,'12','Albert S. Foley, S.J. Community Service Center',1,''),(25,'2014-08-08 21:00:28',1,12,'13','Search Spring Hill College',1,''),(26,'2014-08-08 21:01:03',1,12,'14','Faculty and Staff Directory',1,''),(27,'2014-08-08 21:01:27',1,12,'15','Campus Map',1,''),(28,'2014-08-12 15:19:27',1,12,'8','Italy Center and Study Abroad',2,'Changed content for textile page content \"TextilePageContent<pk=19, parent=Page<pk=8, Italy Center and Study Abroad>, region=main, ordering=1>\".'),(29,'2014-08-12 15:19:54',1,6,'1','ug.shc.edu',2,'Changed domain and name.'),(30,'2014-08-12 15:29:13',1,2,'1','Content Manager',1,''),(31,'2014-08-12 15:29:47',1,3,'2','lmcneill',1,''),(32,'2014-08-12 15:30:09',1,3,'2','lmcneill',2,'Changed first_name, last_name, email, is_staff and groups.'),(33,'2014-08-12 15:30:46',1,3,'1','admin',2,'Changed password.'),(34,'2014-08-12 15:36:45',1,12,'6','The Jesuit Advantage',2,'Changed region for textile page content \"TextilePageContent<pk=13, parent=Page<pk=6, The Jesuit Advantage>, region=main, ordering=0>\". Changed region for textile page content \"TextilePageContent<pk=14, parent=Page<pk=6, The Jesuit Advantage>, region=main, ordering=1>\". Changed region for textile page content \"TextilePageContent<pk=15, parent=Page<pk=6, The Jesuit Advantage>, region=main, ordering=2>\".'),(35,'2014-08-12 15:37:37',1,12,'9','LEAP Program',2,'Changed region for textile page content \"TextilePageContent<pk=21, parent=Page<pk=9, LEAP Program>, region=main, ordering=0>\". Changed region for textile page content \"TextilePageContent<pk=22, parent=Page<pk=9, LEAP Program>, region=main, ordering=1>\". Changed region for textile page content \"TextilePageContent<pk=23, parent=Page<pk=9, LEAP Program>, region=main, ordering=2>\".'),(36,'2014-08-12 15:38:05',1,12,'10','The Honors Program',2,'Changed region for textile page content \"TextilePageContent<pk=24, parent=Page<pk=10, The Honors Program>, region=main, ordering=0>\". Changed region for textile page content \"TextilePageContent<pk=25, parent=Page<pk=10, The Honors Program>, region=main, ordering=1>\". Changed region for textile page content \"TextilePageContent<pk=26, parent=Page<pk=10, The Honors Program>, region=main, ordering=2>\". Changed region for textile page content \"TextilePageContent<pk=27, parent=Page<pk=10, The Honors Program>, region=main, ordering=3>\".'),(37,'2014-08-12 16:43:12',1,12,'6','The Jesuit Advantage',2,'Changed page_vars.'),(38,'2014-08-12 16:44:20',1,12,'6','The Jesuit Advantage',2,'Changed page_vars.'),(39,'2014-08-12 16:44:29',1,12,'9','LEAP Program',2,'Changed page_vars.'),(40,'2014-08-12 16:44:57',1,12,'9','LEAP Program',2,'Changed page_vars.'),(41,'2014-08-12 17:15:57',1,12,'9','LEAP Program',2,'Added template content \"TemplateContent<pk=5, parent=Page<pk=9, LEAP Program>, region=main, ordering=3>\".'),(42,'2014-08-12 17:25:55',1,12,'9','LEAP Program',2,'No fields changed.'),(43,'2014-08-12 17:43:22',1,12,'9','LEAP Program',2,'Changed content for textile page content \"TextilePageContent<pk=23, parent=Page<pk=9, LEAP Program>, region=main, ordering=2>\".'),(44,'2014-08-12 17:44:51',1,12,'9','LEAP Program',2,'Changed region and ordering for textile page content \"TextilePageContent<pk=23, parent=Page<pk=9, LEAP Program>, region=sidebar, ordering=0>\". Changed region and ordering for template content \"TemplateContent<pk=5, parent=Page<pk=9, LEAP Program>, region=sidebar, ordering=1>\".'),(45,'2014-08-13 11:12:04',1,12,'4','Bachelor of Science in Psychology',2,'Changed content for textile page content \"TextilePageContent<pk=8, parent=Page<pk=4, Bachelor of Science in Psychology>, region=main, ordering=2>\".'),(46,'2014-08-13 11:12:10',1,12,'4','Bachelor of Science in Psychology',2,'No fields changed.'),(47,'2014-08-13 11:15:09',1,12,'4','Bachelor of Science in Psychology',2,'Changed content for textile page content \"TextilePageContent<pk=9, parent=Page<pk=4, Bachelor of Science in Psychology>, region=sidebar, ordering=0>\". Changed content for textile page content \"TextilePageContent<pk=10, parent=Page<pk=4, Bachelor of Science in Psychology>, region=sidebar, ordering=1>\". Changed content for textile page content \"TextilePageContent<pk=11, parent=Page<pk=4, Bachelor of Science in Psychology>, region=sidebar, ordering=2>\".'),(48,'2014-08-13 15:08:38',1,12,'4','Bachelor of Science in Psychology',2,'Changed slug.'),(49,'2014-08-13 15:09:03',1,12,'4','Bachelor of Science in Psychology',2,'Changed slug.'),(50,'2014-08-13 15:42:38',1,12,'4','Bachelor of Science in Psychology',2,'Added textile page content \"TextilePageContent<pk=31, parent=Page<pk=4, Bachelor of Science in Psychology>, region=sidebar, ordering=0>\". Changed ordering for textile page content \"TextilePageContent<pk=9, parent=Page<pk=4, Bachelor of Science in Psychology>, region=sidebar, ordering=1>\". Changed ordering for textile page content \"TextilePageContent<pk=10, parent=Page<pk=4, Bachelor of Science in Psychology>, region=sidebar, ordering=2>\". Changed ordering for textile page content \"TextilePageContent<pk=11, parent=Page<pk=4, Bachelor of Science in Psychology>, region=sidebar, ordering=3>\".'),(51,'2014-08-13 15:45:17',1,12,'4','Bachelor of Science in Psychology',2,'Changed content for textile page content \"TextilePageContent<pk=31, parent=Page<pk=4, Bachelor of Science in Psychology>, region=sidebar, ordering=0>\".'),(52,'2014-08-13 15:45:49',1,12,'4','Bachelor of Science in Psychology',2,'Changed content for textile page content \"TextilePageContent<pk=31, parent=Page<pk=4, Bachelor of Science in Psychology>, region=sidebar, ordering=0>\".'),(53,'2014-08-13 15:46:11',1,12,'4','Bachelor of Science in Psychology',2,'Changed content for textile page content \"TextilePageContent<pk=31, parent=Page<pk=4, Bachelor of Science in Psychology>, region=sidebar, ordering=0>\".'),(54,'2014-08-13 15:47:10',1,12,'4','Bachelor of Science in Psychology',2,'Changed region and ordering for textile page content \"TextilePageContent<pk=9, parent=Page<pk=4, Bachelor of Science in Psychology>, region=main, ordering=3>\". Changed region and ordering for textile page content \"TextilePageContent<pk=10, parent=Page<pk=4, Bachelor of Science in Psychology>, region=main, ordering=4>\". Changed ordering for textile page content \"TextilePageContent<pk=11, parent=Page<pk=4, Bachelor of Science in Psychology>, region=sidebar, ordering=1>\".'),(55,'2014-08-13 15:56:24',1,12,'16','Accounting',1,''),(56,'2014-08-13 15:56:41',1,12,'16','Accounting',2,'No fields changed.'),(57,'2014-08-13 15:57:08',1,12,'17','Financial Economics',1,''),(58,'2014-08-13 15:57:13',1,12,'17','Financial Economics',2,'Changed in_navigation.'),(59,'2014-08-13 15:57:42',1,12,'18','International Business',1,''),(60,'2014-08-13 15:57:44',1,12,'18','International Business',2,'No fields changed.'),(61,'2014-08-13 15:58:02',1,12,'2','Undergraduate Majors & Minors',2,'Changed in_navigation and template_key.'),(62,'2014-08-13 15:58:05',1,12,'2','Undergraduate Majors & Minors',2,'No fields changed.'),(63,'2014-08-13 15:58:21',1,12,'19','Management Marketing',1,''),(64,'2014-08-13 15:58:34',1,12,'20','Computer Information Systems',1,''),(65,'2014-08-13 15:58:46',1,12,'21','Art Business',1,''),(66,'2014-08-13 15:58:51',1,12,'22','Theater',1,''),(67,'2014-08-13 15:59:02',1,12,'23','Graphic Design',1,''),(68,'2014-08-13 15:59:20',1,12,'24','Digital Video Production',1,''),(69,'2014-08-13 15:59:27',1,12,'25','Journalism',1,''),(70,'2014-08-13 15:59:38',1,12,'26','Public Relations Advertising',1,''),(71,'2014-08-13 15:59:43',1,12,'27','English',1,''),(72,'2014-08-13 15:59:50',1,12,'28','General Studies',1,''),(73,'2014-08-13 15:59:56',1,12,'29','Hispanic Studies',1,''),(74,'2014-08-13 16:00:07',1,12,'30','Interdisciplinary Studies',1,''),(75,'2014-08-13 16:00:10',1,12,'31','Writing',1,''),(76,'2014-08-13 16:00:17',1,12,'32','Biochemistry',1,''),(77,'2014-08-13 16:00:25',1,12,'33','Chemistry',1,''),(78,'2014-08-13 16:00:46',1,12,'34','Cellular and Molecular Biology',1,''),(79,'2014-08-13 16:01:18',1,12,'35','Organismal and Marine Biology',1,''),(80,'2014-08-13 16:01:33',1,12,'34','Cellular and Molecular Biology',2,'Changed slug.'),(81,'2014-08-13 16:01:44',1,12,'36','Pre-Health',1,''),(82,'2014-08-13 16:01:51',1,12,'37','Pre-Engineering',1,''),(83,'2014-08-13 16:02:03',1,12,'38','Actuarial Math',1,''),(84,'2014-08-13 16:02:08',1,12,'39','Applied Math',1,''),(85,'2014-08-13 16:02:12',1,12,'40','Computer Analysis',1,''),(86,'2014-08-13 16:02:25',1,12,'41','Pure Math',1,''),(87,'2014-08-13 16:02:32',1,12,'42','Nursing',1,''),(88,'2014-08-13 16:02:42',1,12,'43','Criminology',1,''),(89,'2014-08-13 16:02:48',1,12,'44','History',1,''),(90,'2014-08-13 16:02:54',1,12,'45','International Studies',1,''),(91,'2014-08-13 16:03:00',1,12,'46','Philosophy',1,''),(92,'2014-08-13 16:03:05',1,12,'47','Political Science',1,''),(93,'2014-08-13 16:03:13',1,12,'48','Psychology',1,''),(94,'2014-08-13 16:03:20',1,12,'49','Social Science',1,''),(95,'2014-08-13 16:03:25',1,12,'50','Sociology',1,''),(96,'2014-08-13 16:03:30',1,12,'51','Teacher Education',1,''),(97,'2014-08-13 16:03:35',1,12,'52','Theology',1,''),(98,'2014-08-13 16:03:50',1,12,'2','Undergraduate Majors & Minors',2,'Changed template_key.'),(99,'2014-08-13 16:04:01',1,12,'2','Undergraduate Majors & Minors',2,'No fields changed.'),(100,'2014-08-13 16:27:21',1,12,'None','Psychology',3,''),(101,'2014-08-13 16:27:34',1,12,'4','Psychology',2,'Changed title and slug.'),(102,'2014-08-13 16:27:50',1,12,'3','Studio Art',2,'Changed title and slug.'),(103,'2014-08-13 16:28:31',1,12,'None','Chemistry',3,''),(104,'2014-08-13 16:28:42',1,12,'5','Chemistry',2,'Changed title and slug.'),(105,'2014-08-13 16:29:52',1,12,'5','Chemistry',2,'Changed content for textile page content \"TextilePageContent<pk=12, parent=Page<pk=5, Chemistry>, region=main, ordering=0>\".'),(106,'2014-08-13 16:40:04',1,12,'2','Undergraduate Majors & Minors',2,'Deleted media file \"MediaFileContent<pk=None, parent=Page<pk=2, Undergraduate Majors & Minors>, region=main, ordering=0>\".'),(107,'2014-08-14 11:01:16',1,3,'2','lmcneill',2,'Changed password.'),(108,'2014-08-14 12:17:25',1,3,'3','horton',3,''),(109,'2014-08-14 12:17:26',1,3,'4','tparman',3,''),(114,'2014-08-14 13:04:29',1,3,'8','chughes',3,''),(115,'2014-08-14 13:38:20',1,2,'15','academic_class_event_approval_old',3,''),(116,'2014-08-14 13:38:20',1,2,'9','athletic_event_approval_old',3,''),(117,'2014-08-14 13:38:20',1,2,'14','campus_ctr_event_approval_old',3,''),(118,'2014-08-14 13:38:20',1,2,'13','finearts_event_approval_old',3,''),(119,'2014-08-14 13:38:21',1,2,'12','G.Communications',3,''),(120,'2014-08-14 13:38:21',1,2,'6','G.FacstaffSenders',3,''),(121,'2014-08-14 13:38:21',1,2,'5','G.ITS',3,''),(122,'2014-08-14 13:38:21',1,2,'11','g.webdev_old',3,''),(123,'2014-08-14 13:38:22',1,2,'7','IT Group',3,''),(124,'2014-08-14 13:38:22',1,2,'3','SACS_ALL',3,''),(125,'2014-08-14 13:38:22',1,2,'8','SACS_FACULTY',3,''),(126,'2014-08-14 13:38:22',1,2,'10','SACS_Finance',3,''),(127,'2014-08-14 13:38:23',1,2,'4','student_space_event_approval_old',3,''),(128,'2014-08-14 13:39:41',1,3,'9','chughes',3,''),(129,'2014-08-14 13:52:23',1,3,'10','chughes',3,''),(130,'2014-08-14 14:02:25',1,2,'1','g-Web-Content-Mgr',2,'Changed name.'),(131,'2014-08-14 14:03:19',1,2,'1','g-Web-Content-Mgr',2,'Changed permissions.'),(132,'2014-08-14 14:03:32',1,2,'2','g-Web-Admins',3,''),(133,'2014-08-14 14:04:43',1,3,'2','lmcneill',3,''),(134,'2014-08-14 14:15:44',1,3,'11','chughes',3,''),(136,'2014-08-14 14:17:45',1,3,'12','chughes',3,''),(141,'2014-08-14 15:01:04',1,3,'13','chughes',3,''),(142,'2014-08-14 16:06:59',1,3,'15','lmcneill',1,''),(143,'2014-08-14 16:07:23',1,3,'15','lmcneill',2,'Changed first_name, last_name, email, is_staff and groups.'),(144,'2014-08-14 16:50:57',1,12,'2','Undergraduate Majors & Minors',2,'Changed ordering for textile page content \"TextilePageContent<pk=5, parent=Page<pk=2, Undergraduate Majors & Minors>, region=main, ordering=0>\". Changed ordering for template content \"TemplateContent<pk=2, parent=Page<pk=2, Undergraduate Majors & Minors>, region=main, ordering=1>\".'),(145,'2014-08-15 10:23:35',1,3,'14','chughes',3,''),(146,'2014-08-15 10:30:41',1,12,'1','Undergraduate Academics',2,'Changed content for textile page content \"TextilePageContent<pk=4, parent=Page<pk=1, Undergraduate Academics>, region=main, ordering=4>\". Deleted template content \"TemplateContent<pk=None, parent=Page<pk=1, Undergraduate Academics>, region=main, ordering=5>\".'),(147,'2014-08-15 11:41:02',15,12,'3','Studio Art',2,'Added textile page content \"TextilePageContent<pk=32, parent=Page<pk=3, Studio Art>, region=main, ordering=2>\". Changed content for textile page content \"TextilePageContent<pk=6, parent=Page<pk=3, Studio Art>, region=main, ordering=1>\".'),(148,'2014-08-15 11:43:43',15,12,'3','Studio Art',2,'Added textile page content \"TextilePageContent<pk=33, parent=Page<pk=3, Studio Art>, region=sidebar, ordering=0>\".'),(149,'2014-08-15 11:45:14',15,12,'3','Studio Art',2,'Added textile page content \"TextilePageContent<pk=34, parent=Page<pk=3, Studio Art>, region=sidebar, ordering=1>\".'),(150,'2014-08-15 11:45:48',15,12,'1','Undergraduate Academics',2,'No fields changed.'),(151,'2014-08-15 11:46:37',15,12,'3','Studio Art',2,'Changed content for textile page content \"TextilePageContent<pk=34, parent=Page<pk=3, Studio Art>, region=sidebar, ordering=1>\".'),(152,'2014-08-15 11:52:07',15,12,'5','Chemistry',2,'Added textile page content \"TextilePageContent<pk=35, parent=Page<pk=5, Chemistry>, region=main, ordering=1>\". Added textile page content \"TextilePageContent<pk=36, parent=Page<pk=5, Chemistry>, region=main, ordering=2>\". Changed content for textile page content \"TextilePageContent<pk=12, parent=Page<pk=5, Chemistry>, region=main, ordering=0>\".'),(153,'2014-08-15 11:52:42',15,12,'5','Chemistry',2,'Changed content for textile page content \"TextilePageContent<pk=35, parent=Page<pk=5, Chemistry>, region=main, ordering=1>\". Changed content for textile page content \"TextilePageContent<pk=36, parent=Page<pk=5, Chemistry>, region=main, ordering=2>\".'),(154,'2014-08-15 11:55:12',15,12,'5','Chemistry',2,'Added textile page content \"TextilePageContent<pk=37, parent=Page<pk=5, Chemistry>, region=sidebar, ordering=0>\". Added textile page content \"TextilePageContent<pk=38, parent=Page<pk=5, Chemistry>, region=sidebar, ordering=1>\".'),(155,'2014-08-15 11:55:49',15,12,'5','Chemistry',2,'No fields changed.'),(156,'2014-08-15 11:57:10',15,12,'5','Chemistry',2,'Added textile page content \"TextilePageContent<pk=39, parent=Page<pk=5, Chemistry>, region=main, ordering=2>\". Changed ordering for textile page content \"TextilePageContent<pk=36, parent=Page<pk=5, Chemistry>, region=main, ordering=3>\".'),(157,'2014-08-15 11:57:41',15,12,'4','Psychology',2,'Changed content for textile page content \"TextilePageContent<pk=11, parent=Page<pk=4, Psychology>, region=sidebar, ordering=1>\".'),(158,'2014-08-15 11:58:22',15,12,'4','Psychology',2,'Changed content for textile page content \"TextilePageContent<pk=9, parent=Page<pk=4, Psychology>, region=main, ordering=3>\". Changed content for textile page content \"TextilePageContent<pk=10, parent=Page<pk=4, Psychology>, region=main, ordering=4>\".'),(159,'2014-08-15 11:58:39',15,12,'5','Chemistry',2,'Changed content for textile page content \"TextilePageContent<pk=38, parent=Page<pk=5, Chemistry>, region=sidebar, ordering=1>\".'),(160,'2014-08-15 11:59:46',15,12,'5','Chemistry',2,'Changed content for textile page content \"TextilePageContent<pk=39, parent=Page<pk=5, Chemistry>, region=main, ordering=2>\". Changed content for textile page content \"TextilePageContent<pk=36, parent=Page<pk=5, Chemistry>, region=main, ordering=3>\".'),(161,'2014-08-15 12:04:08',15,12,'16','Accounting',2,'Added textile page content \"TextilePageContent<pk=40, parent=Page<pk=16, Accounting>, region=main, ordering=0>\". Added textile page content \"TextilePageContent<pk=41, parent=Page<pk=16, Accounting>, region=main, ordering=1>\". Added textile page content \"TextilePageContent<pk=42, parent=Page<pk=16, Accounting>, region=main, ordering=2>\".'),(162,'2014-08-15 12:05:51',15,12,'16','Accounting',2,'Changed content for textile page content \"TextilePageContent<pk=41, parent=Page<pk=16, Accounting>, region=main, ordering=1>\". Changed content for textile page content \"TextilePageContent<pk=42, parent=Page<pk=16, Accounting>, region=main, ordering=2>\".'),(163,'2014-08-15 12:07:54',15,12,'16','Accounting',2,'Added textile page content \"TextilePageContent<pk=43, parent=Page<pk=16, Accounting>, region=sidebar, ordering=0>\". Added textile page content \"TextilePageContent<pk=44, parent=Page<pk=16, Accounting>, region=sidebar, ordering=1>\".'),(164,'2014-08-15 12:08:51',15,12,'16','Accounting',2,'Changed _content_title.'),(165,'2014-08-15 12:09:11',15,12,'16','Accounting',2,'Changed _content_title.'),(166,'2014-08-15 12:21:07',15,12,'17','Financial Economics',2,'Added textile page content \"TextilePageContent<pk=45, parent=Page<pk=17, Financial Economics>, region=main, ordering=0>\". Added textile page content \"TextilePageContent<pk=46, parent=Page<pk=17, Financial Economics>, region=main, ordering=1>\". Added textile page content \"TextilePageContent<pk=47, parent=Page<pk=17, Financial Economics>, region=main, ordering=2>\".'),(167,'2014-08-15 12:24:37',15,12,'16','Accounting',2,'Added textile page content \"TextilePageContent<pk=48, parent=Page<pk=16, Accounting>, region=banner, ordering=0>\". Added textile page content \"TextilePageContent<pk=49, parent=Page<pk=16, Accounting>, region=banner, ordering=1>\".'),(168,'2014-08-15 12:25:08',15,12,'17','Financial Economics',2,'Changed _content_title.'),(169,'2014-08-15 12:26:45',15,12,'17','Financial Economics',2,'Added textile page content \"TextilePageContent<pk=50, parent=Page<pk=17, Financial Economics>, region=banner, ordering=0>\". Added textile page content \"TextilePageContent<pk=51, parent=Page<pk=17, Financial Economics>, region=banner, ordering=1>\".'),(170,'2014-08-15 12:28:05',15,12,'18','International Business',2,'Added textile page content \"TextilePageContent<pk=52, parent=Page<pk=18, International Business>, region=main, ordering=0>\". Added textile page content \"TextilePageContent<pk=53, parent=Page<pk=18, International Business>, region=main, ordering=1>\".'),(171,'2014-08-15 12:28:40',15,12,'18','International Business',3,''),(172,'2014-08-15 12:29:59',15,12,'53','International Business',1,''),(173,'2014-08-15 12:32:33',15,12,'53','International Business',2,'Added textile page content \"TextilePageContent<pk=56, parent=Page<pk=53, International Business>, region=sidebar, ordering=0>\". Added textile page content \"TextilePageContent<pk=57, parent=Page<pk=53, International Business>, region=sidebar, ordering=1>\".'),(174,'2014-08-15 12:33:08',15,12,'53','International Business',2,'Changed _content_title.'),(175,'2014-08-15 12:34:06',15,12,'53','International Business',2,'Changed content for textile page content \"TextilePageContent<pk=55, parent=Page<pk=53, International Business>, region=main, ordering=1>\".'),(176,'2014-08-15 12:34:40',15,12,'19','Management Marketing',2,'Changed _content_title.'),(177,'2014-08-15 12:35:43',15,12,'19','Management Marketing',2,'Added textile page content \"TextilePageContent<pk=58, parent=Page<pk=19, Management Marketing>, region=main, ordering=0>\". Added textile page content \"TextilePageContent<pk=59, parent=Page<pk=19, Management Marketing>, region=main, ordering=1>\".'),(178,'2014-08-15 12:36:32',15,12,'19','Management Marketing',2,'Added textile page content \"TextilePageContent<pk=60, parent=Page<pk=19, Management Marketing>, region=sidebar, ordering=0>\".'),(179,'2014-08-15 12:37:16',15,12,'20','Computer Information Systems',2,'Changed _content_title.'),(180,'2014-08-15 12:38:08',15,12,'20','Computer Information Systems',2,'Added textile page content \"TextilePageContent<pk=61, parent=Page<pk=20, Computer Information Systems>, region=main, ordering=0>\". Added textile page content \"TextilePageContent<pk=62, parent=Page<pk=20, Computer Information Systems>, region=main, ordering=1>\".'),(181,'2014-08-15 12:40:40',15,12,'20','Computer Information Systems',2,'Added textile page content \"TextilePageContent<pk=63, parent=Page<pk=20, Computer Information Systems>, region=sidebar, ordering=0>\". Added textile page content \"TextilePageContent<pk=64, parent=Page<pk=20, Computer Information Systems>, region=sidebar, ordering=1>\".'),(182,'2014-08-15 12:41:57',15,12,'21','Art Business',2,'Added textile page content \"TextilePageContent<pk=65, parent=Page<pk=21, Art Business>, region=main, ordering=0>\". Added textile page content \"TextilePageContent<pk=66, parent=Page<pk=21, Art Business>, region=main, ordering=1>\".'),(183,'2014-08-15 12:43:00',15,12,'21','Art Business',2,'Added textile page content \"TextilePageContent<pk=67, parent=Page<pk=21, Art Business>, region=sidebar, ordering=0>\".'),(184,'2014-08-15 12:43:27',15,12,'21','Art Business',2,'Changed _content_title.'),(185,'2014-08-15 12:43:52',15,12,'22','Theater',2,'Changed _content_title.'),(186,'2014-08-15 12:45:07',15,12,'22','Theater',2,'Added textile page content \"TextilePageContent<pk=68, parent=Page<pk=22, Theater>, region=main, ordering=0>\".'),(187,'2014-08-15 12:46:28',15,12,'22','Theater',2,'Added textile page content \"TextilePageContent<pk=69, parent=Page<pk=22, Theater>, region=sidebar, ordering=0>\". Added textile page content \"TextilePageContent<pk=70, parent=Page<pk=22, Theater>, region=sidebar, ordering=1>\".'),(188,'2014-08-15 12:47:28',15,12,'23','Graphic Design',2,'Changed _content_title.'),(189,'2014-08-15 12:49:36',15,12,'23','Graphic Design',2,'Added textile page content \"TextilePageContent<pk=71, parent=Page<pk=23, Graphic Design>, region=main, ordering=0>\". Added textile page content \"TextilePageContent<pk=72, parent=Page<pk=23, Graphic Design>, region=main, ordering=1>\". Added textile page content \"TextilePageContent<pk=73, parent=Page<pk=23, Graphic Design>, region=main, ordering=2>\".'),(190,'2014-08-15 12:55:11',15,12,'23','Graphic Design',2,'No fields changed.'),(191,'2014-08-15 12:56:35',15,12,'23','Graphic Design',2,'Added textile page content \"TextilePageContent<pk=78, parent=Page<pk=23, Graphic Design>, region=sidebar, ordering=0>\".'),(192,'2014-08-15 12:57:09',15,12,'23','Graphic Design',2,'No fields changed.'),(193,'2014-08-15 12:57:22',15,12,'23','Graphic Design',2,'Added textile page content \"TextilePageContent<pk=80, parent=Page<pk=23, Graphic Design>, region=sidebar, ordering=1>\".'),(194,'2014-08-15 12:58:18',15,12,'23','Graphic Design',2,'No fields changed.'),(195,'2014-08-15 13:05:23',15,12,'24','Digital Video Production',2,'Changed _content_title.'),(196,'2014-08-15 13:06:11',15,12,'24','Digital Video Production',2,'Added textile page content \"TextilePageContent<pk=81, parent=Page<pk=24, Digital Video Production>, region=main, ordering=0>\". Added textile page content \"TextilePageContent<pk=82, parent=Page<pk=24, Digital Video Production>, region=main, ordering=1>\".'),(197,'2014-08-15 13:08:08',15,12,'24','Digital Video Production',2,'Added textile page content \"TextilePageContent<pk=83, parent=Page<pk=24, Digital Video Production>, region=sidebar, ordering=0>\". Added textile page content \"TextilePageContent<pk=84, parent=Page<pk=24, Digital Video Production>, region=sidebar, ordering=1>\".'),(198,'2014-08-15 13:11:49',15,12,'25','Journalism',2,'Changed _content_title.'),(199,'2014-08-15 13:13:24',15,12,'25','Journalism',2,'Added textile page content \"TextilePageContent<pk=85, parent=Page<pk=25, Journalism>, region=main, ordering=0>\". Added textile page content \"TextilePageContent<pk=86, parent=Page<pk=25, Journalism>, region=main, ordering=1>\".'),(200,'2014-08-15 13:15:40',15,12,'25','Journalism',2,'Added textile page content \"TextilePageContent<pk=87, parent=Page<pk=25, Journalism>, region=sidebar, ordering=0>\". Added textile page content \"TextilePageContent<pk=88, parent=Page<pk=25, Journalism>, region=sidebar, ordering=2>\".'),(201,'2014-08-15 13:15:51',15,12,'25','Journalism',2,'Changed ordering for textile page content \"TextilePageContent<pk=88, parent=Page<pk=25, Journalism>, region=sidebar, ordering=1>\".'),(202,'2014-08-15 14:25:12',1,12,'23','Graphic Design',2,'Changed content for textile page content \"TextilePageContent<pk=80, parent=Page<pk=23, Graphic Design>, region=sidebar, ordering=1>\".'),(203,'2014-08-15 14:25:45',1,12,'23','Graphic Design',2,'Changed content for textile page content \"TextilePageContent<pk=80, parent=Page<pk=23, Graphic Design>, region=sidebar, ordering=1>\".'),(204,'2014-08-15 14:26:13',1,12,'23','Graphic Design',2,'Changed content for textile page content \"TextilePageContent<pk=80, parent=Page<pk=23, Graphic Design>, region=sidebar, ordering=1>\".'),(205,'2014-08-15 14:26:45',1,12,'23','Graphic Design',2,'Changed content for textile page content \"TextilePageContent<pk=80, parent=Page<pk=23, Graphic Design>, region=sidebar, ordering=1>\".'),(206,'2014-08-15 14:27:28',1,27,'1','John Brown',1,''),(207,'2014-08-15 14:27:47',1,12,'4','Psychology',2,'Changed testimonials.'),(208,'2014-08-15 14:41:51',1,12,'23','Graphic Design',2,'Changed content for textile page content \"TextilePageContent<pk=80, parent=Page<pk=23, Graphic Design>, region=sidebar, ordering=1>\".'),(209,'2014-08-15 14:42:37',1,12,'23','Graphic Design',2,'Changed content for textile page content \"TextilePageContent<pk=80, parent=Page<pk=23, Graphic Design>, region=sidebar, ordering=1>\".'),(210,'2014-08-15 14:43:38',1,12,'23','Graphic Design',2,'Changed content for textile page content \"TextilePageContent<pk=80, parent=Page<pk=23, Graphic Design>, region=sidebar, ordering=1>\".'),(211,'2014-08-15 14:46:44',15,12,'26','Public Relations Advertising',2,'Added textile page content \"TextilePageContent<pk=89, parent=Page<pk=26, Public Relations Advertising>, region=main, ordering=0>\". Added textile page content \"TextilePageContent<pk=90, parent=Page<pk=26, Public Relations Advertising>, region=main, ordering=1>\".'),(212,'2014-08-15 14:56:25',15,12,'26','Public Relations Advertising',2,'Added textile page content \"TextilePageContent<pk=91, parent=Page<pk=26, Public Relations Advertising>, region=main, ordering=2>\".'),(213,'2014-08-15 14:56:47',15,12,'26','Public Relations Advertising',2,'Added textile page content \"TextilePageContent<pk=92, parent=Page<pk=26, Public Relations Advertising>, region=sidebar, ordering=0>\".'),(214,'2014-08-15 14:58:30',15,12,'26','Public Relations Advertising',2,'Added textile page content \"TextilePageContent<pk=93, parent=Page<pk=26, Public Relations Advertising>, region=sidebar, ordering=1>\". Changed content for textile page content \"TextilePageContent<pk=92, parent=Page<pk=26, Public Relations Advertising>, region=sidebar, ordering=0>\".'),(215,'2014-08-15 14:58:49',15,12,'26','Public Relations Advertising',2,'Changed _content_title.'),(216,'2014-08-15 15:00:12',15,12,'26','Public Relations Advertising',2,'Changed _content_title.'),(217,'2014-08-15 15:00:28',15,12,'24','Digital Video Production',2,'Changed _content_title.'),(218,'2014-08-15 15:00:45',15,12,'25','Journalism',2,'Changed _content_title.'),(219,'2014-08-15 15:04:02',1,2,'1','G.Web-Content-Mgr',2,'Changed permissions.'),(220,'2014-08-15 15:14:24',15,12,'27','English',2,'Changed _content_title. Added textile page content \"TextilePageContent<pk=94, parent=Page<pk=27, English>, region=main, ordering=0>\". Added textile page content \"TextilePageContent<pk=95, parent=Page<pk=27, English>, region=main, ordering=1>\".'),(221,'2014-08-15 15:15:42',15,12,'27','English',2,'Added textile page content \"TextilePageContent<pk=96, parent=Page<pk=27, English>, region=sidebar, ordering=0>\". Added textile page content \"TextilePageContent<pk=97, parent=Page<pk=27, English>, region=sidebar, ordering=1>\".'),(222,'2014-08-15 15:15:58',15,12,'27','English',2,'No fields changed.'),(223,'2014-08-15 15:17:18',15,12,'29','Hispanic Studies',2,'Changed _content_title. Added textile page content \"TextilePageContent<pk=98, parent=Page<pk=29, Hispanic Studies>, region=main, ordering=0>\". Added textile page content \"TextilePageContent<pk=99, parent=Page<pk=29, Hispanic Studies>, region=main, ordering=1>\".'),(224,'2014-08-15 15:20:23',15,12,'29','Hispanic Studies',2,'Added textile page content \"TextilePageContent<pk=100, parent=Page<pk=29, Hispanic Studies>, region=sidebar, ordering=0>\". Added textile page content \"TextilePageContent<pk=101, parent=Page<pk=29, Hispanic Studies>, region=sidebar, ordering=1>\".'),(225,'2014-08-15 15:20:28',15,12,'29','Hispanic Studies',2,'No fields changed.'),(226,'2014-08-15 15:20:39',15,12,'29','Hispanic Studies',2,'No fields changed.'),(227,'2014-08-15 15:21:50',15,12,'30','Interdisciplinary Humanities',2,'Changed title, slug and _content_title. Added textile page content \"TextilePageContent<pk=102, parent=Page<pk=30, Interdisciplinary Humanities>, region=main, ordering=0>\".'),(228,'2014-08-15 15:22:19',15,12,'30','Interdisciplinary Humanities',2,'Added textile page content \"TextilePageContent<pk=103, parent=Page<pk=30, Interdisciplinary Humanities>, region=sidebar, ordering=0>\".'),(229,'2014-08-15 15:22:27',15,12,'30','Interdisciplinary Humanities',2,'No fields changed.'),(230,'2014-08-15 15:23:58',15,12,'31','Writing',2,'Changed _content_title. Added textile page content \"TextilePageContent<pk=104, parent=Page<pk=31, Writing>, region=main, ordering=0>\". Added textile page content \"TextilePageContent<pk=105, parent=Page<pk=31, Writing>, region=main, ordering=1>\".'),(231,'2014-08-15 15:25:12',15,12,'31','Writing',2,'Added textile page content \"TextilePageContent<pk=106, parent=Page<pk=31, Writing>, region=sidebar, ordering=0>\".'),(232,'2014-08-15 15:26:55',15,12,'32','Biochemistry',2,'Added textile page content \"TextilePageContent<pk=107, parent=Page<pk=32, Biochemistry>, region=main, ordering=0>\". Added textile page content \"TextilePageContent<pk=108, parent=Page<pk=32, Biochemistry>, region=main, ordering=1>\".'),(233,'2014-08-15 15:27:55',15,12,'32','Biochemistry',2,'Added textile page content \"TextilePageContent<pk=109, parent=Page<pk=32, Biochemistry>, region=sidebar, ordering=0>\". Added textile page content \"TextilePageContent<pk=110, parent=Page<pk=32, Biochemistry>, region=sidebar, ordering=1>\".'),(234,'2014-08-15 15:28:22',15,12,'32','Biochemistry',2,'Changed _content_title.'),(235,'2014-08-15 15:29:59',15,12,'34','Cellular and Molecular Biology',2,'Changed _content_title. Added textile page content \"TextilePageContent<pk=111, parent=Page<pk=34, Cellular and Molecular Biology>, region=main, ordering=0>\". Added textile page content \"TextilePageContent<pk=112, parent=Page<pk=34, Cellular and Molecular Biology>, region=main, ordering=1>\". Added textile page content \"TextilePageContent<pk=113, parent=Page<pk=34, Cellular and Molecular Biology>, region=main, ordering=2>\".'),(236,'2014-08-15 15:30:39',15,12,'34','Cellular and Molecular Biology',2,'Added textile page content \"TextilePageContent<pk=114, parent=Page<pk=34, Cellular and Molecular Biology>, region=sidebar, ordering=0>\".'),(237,'2014-08-15 15:32:30',15,12,'35','Organismal and Marine Biology',2,'Changed _content_title. Added textile page content \"TextilePageContent<pk=115, parent=Page<pk=35, Organismal and Marine Biology>, region=main, ordering=0>\". Added textile page content \"TextilePageContent<pk=116, parent=Page<pk=35, Organismal and Marine Biology>, region=main, ordering=1>\".'),(238,'2014-08-15 15:33:48',15,12,'35','Organismal and Marine Biology',2,'Added textile page content \"TextilePageContent<pk=117, parent=Page<pk=35, Organismal and Marine Biology>, region=sidebar, ordering=0>\". Added textile page content \"TextilePageContent<pk=118, parent=Page<pk=35, Organismal and Marine Biology>, region=sidebar, ordering=1>\".'),(239,'2014-08-15 15:34:55',15,12,'41','Pure Math',2,'Changed _content_title. Added textile page content \"TextilePageContent<pk=119, parent=Page<pk=41, Pure Math>, region=main, ordering=0>\".'),(240,'2014-08-15 15:35:25',15,12,'41','Pure Math',2,'Added textile page content \"TextilePageContent<pk=120, parent=Page<pk=41, Pure Math>, region=sidebar, ordering=0>\".'),(241,'2014-08-15 15:37:02',15,12,'42','Nursing',2,'Changed _content_title. Added textile page content \"TextilePageContent<pk=121, parent=Page<pk=42, Nursing>, region=main, ordering=0>\". Added textile page content \"TextilePageContent<pk=122, parent=Page<pk=42, Nursing>, region=main, ordering=1>\".'),(242,'2014-08-15 15:38:10',15,12,'42','Nursing',2,'Added textile page content \"TextilePageContent<pk=123, parent=Page<pk=42, Nursing>, region=sidebar, ordering=0>\".'),(243,'2014-08-15 15:40:03',15,12,'42','Nursing',2,'Added textile page content \"TextilePageContent<pk=124, parent=Page<pk=42, Nursing>, region=sidebar, ordering=1>\".'),(244,'2014-08-15 15:41:01',15,12,'43','Criminology',2,'Changed _content_title. Added textile page content \"TextilePageContent<pk=125, parent=Page<pk=43, Criminology>, region=main, ordering=0>\". Added textile page content \"TextilePageContent<pk=126, parent=Page<pk=43, Criminology>, region=main, ordering=1>\".'),(245,'2014-08-15 15:45:49',15,12,'43','Criminology',2,'Added textile page content \"TextilePageContent<pk=127, parent=Page<pk=43, Criminology>, region=sidebar, ordering=0>\". Added textile page content \"TextilePageContent<pk=128, parent=Page<pk=43, Criminology>, region=sidebar, ordering=1>\".'),(246,'2014-08-15 15:46:57',15,12,'44','History',2,'Changed _content_title. Added textile page content \"TextilePageContent<pk=129, parent=Page<pk=44, History>, region=main, ordering=0>\". Added textile page content \"TextilePageContent<pk=130, parent=Page<pk=44, History>, region=main, ordering=1>\".'),(247,'2014-08-15 15:47:21',15,12,'44','History',2,'Added textile page content \"TextilePageContent<pk=131, parent=Page<pk=44, History>, region=sidebar, ordering=0>\".'),(248,'2014-08-15 15:49:22',15,12,'47','Political Science',2,'Changed _content_title. Added textile page content \"TextilePageContent<pk=132, parent=Page<pk=47, Political Science>, region=main, ordering=0>\". Added textile page content \"TextilePageContent<pk=133, parent=Page<pk=47, Political Science>, region=main, ordering=1>\".'),(249,'2014-08-15 15:50:00',15,12,'47','Political Science',2,'Added textile page content \"TextilePageContent<pk=134, parent=Page<pk=47, Political Science>, region=sidebar, ordering=0>\". Changed content for textile page content \"TextilePageContent<pk=133, parent=Page<pk=47, Political Science>, region=main, ordering=1>\".'),(250,'2014-08-15 15:51:03',15,12,'47','Political Science',2,'Changed content for textile page content \"TextilePageContent<pk=133, parent=Page<pk=47, Political Science>, region=main, ordering=1>\".'),(251,'2014-08-15 15:51:56',15,12,'47','Political Science',2,'Added textile page content \"TextilePageContent<pk=135, parent=Page<pk=47, Political Science>, region=sidebar, ordering=0>\". Changed ordering for textile page content \"TextilePageContent<pk=134, parent=Page<pk=47, Political Science>, region=sidebar, ordering=1>\".'),(252,'2014-08-15 15:53:00',15,12,'38','Actuarial Math',2,'Changed _content_title. Added textile page content \"TextilePageContent<pk=136, parent=Page<pk=38, Actuarial Math>, region=main, ordering=0>\".'),(253,'2014-08-15 15:54:52',15,12,'38','Actuarial Math',2,'Added textile page content \"TextilePageContent<pk=137, parent=Page<pk=38, Actuarial Math>, region=sidebar, ordering=0>\". Added textile page content \"TextilePageContent<pk=138, parent=Page<pk=38, Actuarial Math>, region=sidebar, ordering=1>\".'),(254,'2014-08-15 15:56:23',15,12,'40','Computer Analysis',2,'Changed _content_title. Added textile page content \"TextilePageContent<pk=139, parent=Page<pk=40, Computer Analysis>, region=main, ordering=0>\". Added textile page content \"TextilePageContent<pk=140, parent=Page<pk=40, Computer Analysis>, region=main, ordering=1>\".'),(255,'2014-08-15 15:56:35',15,12,'40','Computer Analysis',2,'No fields changed.'),(256,'2014-08-15 15:57:14',15,12,'40','Computer Analysis',2,'Added textile page content \"TextilePageContent<pk=141, parent=Page<pk=40, Computer Analysis>, region=sidebar, ordering=0>\".'),(257,'2014-08-15 15:58:23',15,12,'45','International Studies',2,'Changed _content_title. Added textile page content \"TextilePageContent<pk=142, parent=Page<pk=45, International Studies>, region=main, ordering=0>\".'),(258,'2014-08-15 15:59:25',15,12,'45','International Studies',2,'Added textile page content \"TextilePageContent<pk=143, parent=Page<pk=45, International Studies>, region=sidebar, ordering=0>\".'),(259,'2014-08-15 16:01:38',15,12,'37','Pre-Engineering',2,'Changed _content_title. Added textile page content \"TextilePageContent<pk=144, parent=Page<pk=37, Pre-Engineering>, region=main, ordering=0>\". Added textile page content \"TextilePageContent<pk=145, parent=Page<pk=37, Pre-Engineering>, region=main, ordering=1>\".'),(260,'2014-08-15 16:02:24',15,12,'37','Pre-Engineering',2,'Added textile page content \"TextilePageContent<pk=146, parent=Page<pk=37, Pre-Engineering>, region=sidebar, ordering=0>\".'),(261,'2014-08-15 16:02:55',15,12,'37','Pre-Engineering',2,'Added textile page content \"TextilePageContent<pk=147, parent=Page<pk=37, Pre-Engineering>, region=main, ordering=2>\".'),(262,'2014-08-15 16:03:10',15,12,'37','Pre-Engineering',2,'No fields changed.'),(263,'2014-08-15 16:04:04',15,12,'36','Pre-Health',2,'Changed _content_title. Added textile page content \"TextilePageContent<pk=148, parent=Page<pk=36, Pre-Health>, region=main, ordering=0>\".'),(264,'2014-08-15 16:04:27',15,12,'36','Pre-Health',2,'Added textile page content \"TextilePageContent<pk=149, parent=Page<pk=36, Pre-Health>, region=sidebar, ordering=0>\".'),(265,'2014-08-15 16:05:41',15,12,'46','Philosophy',2,'Changed _content_title. Added textile page content \"TextilePageContent<pk=150, parent=Page<pk=46, Philosophy>, region=main, ordering=0>\". Added textile page content \"TextilePageContent<pk=151, parent=Page<pk=46, Philosophy>, region=main, ordering=1>\".'),(266,'2014-08-15 16:07:11',15,12,'46','Philosophy',2,'Added textile page content \"TextilePageContent<pk=152, parent=Page<pk=46, Philosophy>, region=sidebar, ordering=0>\". Added textile page content \"TextilePageContent<pk=153, parent=Page<pk=46, Philosophy>, region=sidebar, ordering=1>\".'),(267,'2014-08-15 16:08:01',15,12,'39','Applied Math',2,'Changed _content_title. Added textile page content \"TextilePageContent<pk=154, parent=Page<pk=39, Applied Math>, region=main, ordering=0>\".'),(268,'2014-08-15 16:08:28',15,12,'39','Applied Math',2,'Added textile page content \"TextilePageContent<pk=155, parent=Page<pk=39, Applied Math>, region=sidebar, ordering=0>\".'),(269,'2014-08-15 16:08:30',15,12,'39','Applied Math',2,'No fields changed.'),(270,'2014-08-15 16:09:18',15,12,'49','Social Science',2,'Changed _content_title. Added textile page content \"TextilePageContent<pk=156, parent=Page<pk=49, Social Science>, region=main, ordering=0>\".'),(271,'2014-08-15 16:10:03',15,12,'49','Social Science',2,'Added textile page content \"TextilePageContent<pk=157, parent=Page<pk=49, Social Science>, region=sidebar, ordering=0>\".'),(272,'2014-08-15 16:11:51',15,12,'51','Teacher Education',2,'Changed _content_title. Added textile page content \"TextilePageContent<pk=158, parent=Page<pk=51, Teacher Education>, region=main, ordering=0>\". Added textile page content \"TextilePageContent<pk=159, parent=Page<pk=51, Teacher Education>, region=main, ordering=1>\".'),(273,'2014-08-15 16:13:30',15,12,'51','Teacher Education',2,'Added textile page content \"TextilePageContent<pk=160, parent=Page<pk=51, Teacher Education>, region=sidebar, ordering=0>\". Added textile page content \"TextilePageContent<pk=161, parent=Page<pk=51, Teacher Education>, region=sidebar, ordering=1>\".'),(274,'2014-08-15 16:15:26',1,27,'2','Joe Schmoe',1,''),(275,'2014-08-15 16:16:00',1,27,'3','Roger Waters',1,''),(276,'2014-08-15 16:16:02',1,12,'4','Psychology',2,'Changed testimonials.'),(277,'2014-08-15 16:16:11',15,12,'50','Sociology',2,'Changed _content_title. Added textile page content \"TextilePageContent<pk=162, parent=Page<pk=50, Sociology>, region=main, ordering=0>\". Added textile page content \"TextilePageContent<pk=163, parent=Page<pk=50, Sociology>, region=main, ordering=1>\". Added textile page content \"TextilePageContent<pk=164, parent=Page<pk=50, Sociology>, region=main, ordering=2>\".'),(278,'2014-08-15 16:17:10',15,12,'50','Sociology',2,'Added textile page content \"TextilePageContent<pk=165, parent=Page<pk=50, Sociology>, region=sidebar, ordering=0>\". Added textile page content \"TextilePageContent<pk=166, parent=Page<pk=50, Sociology>, region=sidebar, ordering=1>\".'),(279,'2014-08-15 16:17:12',1,27,'4','John Brown',1,''),(280,'2014-08-15 16:17:26',1,27,'5','Testing for unique attributions',1,''),(281,'2014-08-15 16:17:27',1,12,'4','Psychology',2,'Changed testimonials.'),(282,'2014-08-15 16:18:40',15,12,'52','Theology',2,'Changed _content_title. Added textile page content \"TextilePageContent<pk=167, parent=Page<pk=52, Theology>, region=main, ordering=0>\". Added textile page content \"TextilePageContent<pk=168, parent=Page<pk=52, Theology>, region=main, ordering=1>\".'),(283,'2014-08-15 16:19:19',1,27,'5','John Brown',2,'Changed attribution.'),(284,'2014-08-15 16:20:10',15,12,'52','Theology',2,'Added textile page content \"TextilePageContent<pk=169, parent=Page<pk=52, Theology>, region=sidebar, ordering=0>\". Added textile page content \"TextilePageContent<pk=170, parent=Page<pk=52, Theology>, region=sidebar, ordering=1>\".'),(285,'2014-08-15 16:48:10',1,12,'46','Philosophy',2,'Changed content for textile page content \"TextilePageContent<pk=152, parent=Page<pk=46, Philosophy>, region=sidebar, ordering=0>\".'),(286,'2014-08-15 16:48:46',1,12,'46','Philosophy',2,'No fields changed.'),(287,'2014-08-15 16:49:21',1,12,'46','Philosophy',2,'Changed content for textile page content \"TextilePageContent<pk=152, parent=Page<pk=46, Philosophy>, region=sidebar, ordering=0>\".'),(288,'2014-08-15 16:57:28',15,12,'3','Studio Art',2,'Changed content for textile page content \"TextilePageContent<pk=33, parent=Page<pk=3, Studio Art>, region=sidebar, ordering=0>\". Changed content for textile page content \"TextilePageContent<pk=34, parent=Page<pk=3, Studio Art>, region=sidebar, ordering=1>\".'),(289,'2014-08-15 16:59:03',15,12,'3','Studio Art',2,'Changed content for textile page content \"TextilePageContent<pk=33, parent=Page<pk=3, Studio Art>, region=sidebar, ordering=0>\".'),(290,'2014-08-15 17:00:13',15,12,'3','Studio Art',2,'Changed content for textile page content \"TextilePageContent<pk=34, parent=Page<pk=3, Studio Art>, region=sidebar, ordering=1>\".'),(291,'2014-08-15 17:00:57',15,12,'3','Studio Art',2,'Changed content for textile page content \"TextilePageContent<pk=34, parent=Page<pk=3, Studio Art>, region=sidebar, ordering=1>\".'),(292,'2014-08-18 14:35:29',15,12,'3','Studio Art',2,'Changed content for textile page content \"TextilePageContent<pk=34, parent=Page<pk=3, Studio Art>, region=sidebar, ordering=1>\".'),(293,'2014-08-18 14:38:45',15,12,'4','Psychology',2,'Changed content for textile page content \"TextilePageContent<pk=8, parent=Page<pk=4, Psychology>, region=main, ordering=2>\". Changed content for textile page content \"TextilePageContent<pk=9, parent=Page<pk=4, Psychology>, region=main, ordering=3>\". Changed content for textile page content \"TextilePageContent<pk=10, parent=Page<pk=4, Psychology>, region=main, ordering=4>\".'),(294,'2014-08-18 14:40:10',15,12,'5','Chemistry',2,'Changed content for textile page content \"TextilePageContent<pk=39, parent=Page<pk=5, Chemistry>, region=main, ordering=2>\".'),(295,'2014-08-18 14:43:03',15,12,'5','Chemistry',2,'Changed content for textile page content \"TextilePageContent<pk=35, parent=Page<pk=5, Chemistry>, region=main, ordering=1>\". Changed content for textile page content \"TextilePageContent<pk=39, parent=Page<pk=5, Chemistry>, region=main, ordering=2>\". Changed content for textile page content \"TextilePageContent<pk=36, parent=Page<pk=5, Chemistry>, region=main, ordering=3>\".'),(296,'2014-08-18 14:45:06',15,12,'5','Chemistry',2,'Changed content for textile page content \"TextilePageContent<pk=37, parent=Page<pk=5, Chemistry>, region=sidebar, ordering=0>\". Changed content for textile page content \"TextilePageContent<pk=35, parent=Page<pk=5, Chemistry>, region=main, ordering=1>\". Changed content for textile page content \"TextilePageContent<pk=38, parent=Page<pk=5, Chemistry>, region=sidebar, ordering=1>\". Changed content for textile page content \"TextilePageContent<pk=39, parent=Page<pk=5, Chemistry>, region=main, ordering=2>\". Changed content for textile page content \"TextilePageContent<pk=36, parent=Page<pk=5, Chemistry>, region=main, ordering=3>\".'),(297,'2014-08-18 14:47:48',15,12,'5','Chemistry',2,'Changed content for textile page content \"TextilePageContent<pk=35, parent=Page<pk=5, Chemistry>, region=main, ordering=1>\". Changed content for textile page content \"TextilePageContent<pk=39, parent=Page<pk=5, Chemistry>, region=main, ordering=2>\". Changed content for textile page content \"TextilePageContent<pk=36, parent=Page<pk=5, Chemistry>, region=main, ordering=3>\".'),(298,'2014-08-18 14:49:21',15,12,'5','Chemistry',2,'No fields changed.'),(299,'2014-08-18 14:49:26',15,12,'5','Chemistry',2,'No fields changed.'),(300,'2014-08-18 14:52:01',15,12,'5','Chemistry',2,'Changed content for textile page content \"TextilePageContent<pk=37, parent=Page<pk=5, Chemistry>, region=sidebar, ordering=0>\".'),(301,'2014-08-18 14:58:59',15,12,'16','Accounting',2,'Changed content for textile page content \"TextilePageContent<pk=49, parent=Page<pk=16, Accounting>, region=banner, ordering=1>\".'),(302,'2014-08-18 15:01:17',15,12,'16','Accounting',2,'Changed content for textile page content \"TextilePageContent<pk=43, parent=Page<pk=16, Accounting>, region=sidebar, ordering=0>\". Changed content for textile page content \"TextilePageContent<pk=44, parent=Page<pk=16, Accounting>, region=sidebar, ordering=1>\".'),(303,'2014-08-18 15:03:51',15,12,'16','Accounting',2,'Changed content for textile page content \"TextilePageContent<pk=41, parent=Page<pk=16, Accounting>, region=main, ordering=1>\". Changed content for textile page content \"TextilePageContent<pk=42, parent=Page<pk=16, Accounting>, region=main, ordering=2>\".'),(304,'2014-08-18 15:04:29',15,12,'16','Accounting',2,'Changed content for textile page content \"TextilePageContent<pk=48, parent=Page<pk=16, Accounting>, region=banner, ordering=0>\".'),(305,'2014-08-18 15:05:02',15,12,'17','Financial Economics',2,'Changed content for textile page content \"TextilePageContent<pk=51, parent=Page<pk=17, Financial Economics>, region=banner, ordering=1>\".'),(306,'2014-08-18 15:07:09',15,12,'17','Financial Economics',2,'Changed content for textile page content \"TextilePageContent<pk=46, parent=Page<pk=17, Financial Economics>, region=main, ordering=1>\". Changed content for textile page content \"TextilePageContent<pk=47, parent=Page<pk=17, Financial Economics>, region=main, ordering=2>\".'),(307,'2014-08-18 15:18:08',15,12,'17','Financial Economics',2,'Added textile page content \"TextilePageContent<pk=171, parent=Page<pk=17, Financial Economics>, region=sidebar, ordering=0>\".'),(308,'2014-08-18 15:18:15',15,12,'17','Financial Economics',2,'No fields changed.'),(309,'2014-08-18 15:18:53',15,12,'53','International Business',2,'Changed content for textile page content \"TextilePageContent<pk=55, parent=Page<pk=53, International Business>, region=main, ordering=1>\".'),(310,'2014-08-18 15:19:57',15,12,'53','International Business',2,'Changed content for textile page content \"TextilePageContent<pk=56, parent=Page<pk=53, International Business>, region=sidebar, ordering=0>\". Changed content for textile page content \"TextilePageContent<pk=57, parent=Page<pk=53, International Business>, region=sidebar, ordering=1>\".'),(311,'2014-08-18 15:20:31',15,12,'53','International Business',2,'No fields changed.'),(312,'2014-08-18 15:21:08',15,12,'17','Financial Economics',2,'Changed content for textile page content \"TextilePageContent<pk=50, parent=Page<pk=17, Financial Economics>, region=banner, ordering=0>\".'),(313,'2014-08-18 15:23:44',15,12,'16','Accounting',2,'Deleted textile page content \"TextilePageContent<pk=None, parent=Page<pk=16, Accounting>, region=banner, ordering=0>\". Deleted textile page content \"TextilePageContent<pk=None, parent=Page<pk=16, Accounting>, region=banner, ordering=1>\".'),(314,'2014-08-18 15:24:15',15,12,'16','Accounting',2,'No fields changed.'),(315,'2014-08-18 15:24:58',15,12,'16','Accounting',2,'Deleted textile page content \"TextilePageContent<pk=None, parent=Page<pk=16, Accounting>, region=sidebar, ordering=0>\". Deleted textile page content \"TextilePageContent<pk=None, parent=Page<pk=16, Accounting>, region=sidebar, ordering=1>\".'),(316,'2014-08-18 15:25:17',15,12,'16','Accounting',2,'No fields changed.'),(317,'2014-08-18 15:27:45',15,12,'4','Psychology',2,'Changed content for textile page content \"TextilePageContent<pk=31, parent=Page<pk=4, Psychology>, region=sidebar, ordering=0>\".'),(318,'2014-08-18 15:28:15',15,12,'53','International Business',2,'Changed content for textile page content \"TextilePageContent<pk=57, parent=Page<pk=53, International Business>, region=sidebar, ordering=1>\".'),(319,'2014-08-18 15:29:55',15,12,'16','Accounting',2,'Added textile page content \"TextilePageContent<pk=172, parent=Page<pk=16, Accounting>, region=sidebar, ordering=0>\".'),(320,'2014-08-18 15:36:49',15,12,'19','Management Marketing',2,'Changed content for textile page content \"TextilePageContent<pk=59, parent=Page<pk=19, Management Marketing>, region=main, ordering=1>\".'),(321,'2014-08-18 15:37:38',15,12,'19','Management Marketing',2,'Changed content for textile page content \"TextilePageContent<pk=60, parent=Page<pk=19, Management Marketing>, region=sidebar, ordering=0>\".'),(322,'2014-08-18 15:38:05',15,12,'20','Computer Information Systems',2,'Changed content for textile page content \"TextilePageContent<pk=62, parent=Page<pk=20, Computer Information Systems>, region=main, ordering=1>\".'),(323,'2014-08-18 15:39:10',15,12,'20','Computer Information Systems',2,'Changed content for textile page content \"TextilePageContent<pk=63, parent=Page<pk=20, Computer Information Systems>, region=sidebar, ordering=0>\". Changed content for textile page content \"TextilePageContent<pk=64, parent=Page<pk=20, Computer Information Systems>, region=sidebar, ordering=1>\".'),(324,'2014-08-18 15:39:55',15,12,'20','Computer Information Systems',2,'Changed content for textile page content \"TextilePageContent<pk=64, parent=Page<pk=20, Computer Information Systems>, region=sidebar, ordering=1>\".'),(325,'2014-08-18 15:50:41',15,12,'22','Theater',2,'Changed content for textile page content \"TextilePageContent<pk=70, parent=Page<pk=22, Theater>, region=sidebar, ordering=1>\".'),(326,'2014-08-18 15:52:00',15,12,'22','Theater',2,'Changed content for textile page content \"TextilePageContent<pk=70, parent=Page<pk=22, Theater>, region=sidebar, ordering=1>\".'),(327,'2014-08-18 15:52:22',15,12,'22','Theater',2,'Added textile page content \"TextilePageContent<pk=173, parent=Page<pk=22, Theater>, region=main, ordering=1>\".'),(328,'2014-08-18 15:53:18',15,12,'22','Theater',2,'Changed content for textile page content \"TextilePageContent<pk=68, parent=Page<pk=22, Theater>, region=main, ordering=0>\".'),(329,'2014-08-18 15:56:33',15,12,'23','Graphic Design',2,'Changed content for textile page content \"TextilePageContent<pk=72, parent=Page<pk=23, Graphic Design>, region=main, ordering=1>\". Changed content for textile page content \"TextilePageContent<pk=73, parent=Page<pk=23, Graphic Design>, region=main, ordering=2>\".'),(330,'2014-08-18 16:00:59',15,12,'23','Graphic Design',2,'Changed content for textile page content \"TextilePageContent<pk=78, parent=Page<pk=23, Graphic Design>, region=sidebar, ordering=0>\". Changed content for textile page content \"TextilePageContent<pk=80, parent=Page<pk=23, Graphic Design>, region=sidebar, ordering=1>\".'),(331,'2014-08-18 16:01:37',15,12,'23','Graphic Design',2,'Changed content for textile page content \"TextilePageContent<pk=80, parent=Page<pk=23, Graphic Design>, region=sidebar, ordering=1>\".'),(332,'2014-08-18 16:02:09',15,12,'24','Digital Video Production',2,'Changed content for textile page content \"TextilePageContent<pk=82, parent=Page<pk=24, Digital Video Production>, region=main, ordering=1>\".'),(333,'2014-08-18 16:03:17',15,12,'24','Digital Video Production',2,'Changed content for textile page content \"TextilePageContent<pk=83, parent=Page<pk=24, Digital Video Production>, region=sidebar, ordering=0>\". Changed content for textile page content \"TextilePageContent<pk=84, parent=Page<pk=24, Digital Video Production>, region=sidebar, ordering=1>\".'),(334,'2014-08-18 16:03:59',15,12,'24','Digital Video Production',2,'Changed content for textile page content \"TextilePageContent<pk=83, parent=Page<pk=24, Digital Video Production>, region=sidebar, ordering=0>\". Changed content for textile page content \"TextilePageContent<pk=84, parent=Page<pk=24, Digital Video Production>, region=sidebar, ordering=1>\".'),(335,'2014-08-18 16:04:48',15,12,'25','Journalism',2,'Changed content for textile page content \"TextilePageContent<pk=86, parent=Page<pk=25, Journalism>, region=main, ordering=1>\".'),(336,'2014-08-18 16:05:16',15,12,'25','Journalism',2,'Changed content for textile page content \"TextilePageContent<pk=88, parent=Page<pk=25, Journalism>, region=sidebar, ordering=1>\".'),(337,'2014-08-18 16:05:41',15,12,'25','Journalism',2,'Changed content for textile page content \"TextilePageContent<pk=87, parent=Page<pk=25, Journalism>, region=sidebar, ordering=0>\".'),(338,'2014-08-18 16:07:34',15,12,'26','Public Relations Advertising',2,'Changed content for textile page content \"TextilePageContent<pk=90, parent=Page<pk=26, Public Relations Advertising>, region=main, ordering=1>\". Changed content for textile page content \"TextilePageContent<pk=91, parent=Page<pk=26, Public Relations Advertising>, region=main, ordering=2>\".'),(339,'2014-08-18 16:07:52',15,12,'26','Public Relations Advertising',2,'Changed content for textile page content \"TextilePageContent<pk=90, parent=Page<pk=26, Public Relations Advertising>, region=main, ordering=1>\".'),(340,'2014-08-18 16:08:56',15,12,'26','Public Relations Advertising',2,'Changed content for textile page content \"TextilePageContent<pk=92, parent=Page<pk=26, Public Relations Advertising>, region=sidebar, ordering=0>\". Changed content for textile page content \"TextilePageContent<pk=93, parent=Page<pk=26, Public Relations Advertising>, region=sidebar, ordering=1>\".'),(341,'2014-08-18 16:10:12',15,12,'26','Public Relations Advertising',2,'Changed content for textile page content \"TextilePageContent<pk=93, parent=Page<pk=26, Public Relations Advertising>, region=sidebar, ordering=1>\".'),(342,'2014-08-18 16:10:52',15,12,'27','English',2,'Changed content for textile page content \"TextilePageContent<pk=95, parent=Page<pk=27, English>, region=main, ordering=1>\".'),(343,'2014-08-18 16:11:34',15,12,'27','English',2,'Changed content for textile page content \"TextilePageContent<pk=97, parent=Page<pk=27, English>, region=sidebar, ordering=1>\".'),(344,'2014-08-18 16:11:56',15,12,'27','English',2,'Changed content for textile page content \"TextilePageContent<pk=96, parent=Page<pk=27, English>, region=sidebar, ordering=0>\".'),(345,'2014-08-18 16:19:18',15,12,'28','General Studies',2,'Added textile page content \"TextilePageContent<pk=174, parent=Page<pk=28, General Studies>, region=main, ordering=0>\". Added textile page content \"TextilePageContent<pk=175, parent=Page<pk=28, General Studies>, region=main, ordering=1>\".'),(346,'2014-08-18 16:19:49',15,12,'28','General Studies',2,'Changed content for textile page content \"TextilePageContent<pk=175, parent=Page<pk=28, General Studies>, region=main, ordering=1>\".'),(347,'2014-08-18 16:20:50',15,12,'28','General Studies',2,'Added textile page content \"TextilePageContent<pk=176, parent=Page<pk=28, General Studies>, region=sidebar, ordering=0>\".'),(348,'2014-08-18 16:25:42',15,12,'28','General Studies',2,'Changed content for textile page content \"TextilePageContent<pk=176, parent=Page<pk=28, General Studies>, region=sidebar, ordering=0>\".'),(349,'2014-08-18 16:26:17',15,12,'28','General Studies',2,'Changed content for textile page content \"TextilePageContent<pk=174, parent=Page<pk=28, General Studies>, region=main, ordering=0>\".'),(350,'2014-08-18 16:26:43',15,12,'28','General Studies',2,'Changed content for textile page content \"TextilePageContent<pk=176, parent=Page<pk=28, General Studies>, region=sidebar, ordering=0>\".'),(351,'2014-08-18 16:27:24',15,12,'29','Hispanic Studies',2,'Added textile page content \"TextilePageContent<pk=177, parent=Page<pk=29, Hispanic Studies>, region=main, ordering=2>\".'),(352,'2014-08-18 16:28:04',15,12,'29','Hispanic Studies',2,'Changed content for textile page content \"TextilePageContent<pk=100, parent=Page<pk=29, Hispanic Studies>, region=sidebar, ordering=0>\". Changed content for textile page content \"TextilePageContent<pk=101, parent=Page<pk=29, Hispanic Studies>, region=sidebar, ordering=1>\".'),(353,'2014-08-18 16:31:10',15,12,'29','Hispanic Studies',2,'No fields changed.'),(354,'2014-08-18 16:31:30',15,12,'29','Hispanic Studies',2,'Added textile page content \"TextilePageContent<pk=178, parent=Page<pk=29, Hispanic Studies>, region=main, ordering=3>\". Changed content for textile page content \"TextilePageContent<pk=177, parent=Page<pk=29, Hispanic Studies>, region=main, ordering=2>\".'),(355,'2014-08-19 09:05:20',15,12,'31','Writing',2,'Changed content for textile page content \"TextilePageContent<pk=105, parent=Page<pk=31, Writing>, region=main, ordering=1>\".'),(356,'2014-08-19 09:09:03',15,12,'32','Biochemistry',2,'Changed content for textile page content \"TextilePageContent<pk=108, parent=Page<pk=32, Biochemistry>, region=main, ordering=1>\".'),(357,'2014-08-19 09:09:17',15,12,'32','Biochemistry',2,'Changed content for textile page content \"TextilePageContent<pk=110, parent=Page<pk=32, Biochemistry>, region=sidebar, ordering=1>\".'),(358,'2014-08-19 09:09:52',15,12,'34','Cellular and Molecular Biology',2,'Changed content for textile page content \"TextilePageContent<pk=112, parent=Page<pk=34, Cellular and Molecular Biology>, region=main, ordering=1>\". Changed content for textile page content \"TextilePageContent<pk=113, parent=Page<pk=34, Cellular and Molecular Biology>, region=main, ordering=2>\".'),(359,'2014-08-19 09:10:31',15,12,'35','Organismal and Marine Biology',2,'Changed content for textile page content \"TextilePageContent<pk=116, parent=Page<pk=35, Organismal and Marine Biology>, region=main, ordering=1>\".'),(360,'2014-08-19 09:13:09',15,12,'35','Organismal and Marine Biology',2,'Changed content for textile page content \"TextilePageContent<pk=118, parent=Page<pk=35, Organismal and Marine Biology>, region=sidebar, ordering=1>\".'),(361,'2014-08-19 09:16:46',15,12,'35','Organismal and Marine Biology',2,'Added textile page content \"TextilePageContent<pk=179, parent=Page<pk=35, Organismal and Marine Biology>, region=main, ordering=1>\". Changed content and ordering for textile page content \"TextilePageContent<pk=116, parent=Page<pk=35, Organismal and Marine Biology>, region=main, ordering=2>\".'),(362,'2014-08-19 09:18:03',15,12,'42','Nursing',2,'Changed content for textile page content \"TextilePageContent<pk=122, parent=Page<pk=42, Nursing>, region=main, ordering=1>\".'),(363,'2014-08-19 09:18:58',15,12,'42','Nursing',2,'Changed content for textile page content \"TextilePageContent<pk=124, parent=Page<pk=42, Nursing>, region=sidebar, ordering=1>\".'),(364,'2014-08-19 09:20:04',15,12,'42','Nursing',2,'Added textile page content \"TextilePageContent<pk=180, parent=Page<pk=42, Nursing>, region=main, ordering=2>\".'),(365,'2014-08-19 09:20:52',15,12,'42','Nursing',2,'Changed content for textile page content \"TextilePageContent<pk=121, parent=Page<pk=42, Nursing>, region=main, ordering=0>\". Changed content for textile page content \"TextilePageContent<pk=122, parent=Page<pk=42, Nursing>, region=main, ordering=1>\".'),(366,'2014-08-19 09:21:35',15,12,'42','Nursing',2,'Changed content for textile page content \"TextilePageContent<pk=121, parent=Page<pk=42, Nursing>, region=main, ordering=0>\".'),(367,'2014-08-19 09:22:04',15,12,'42','Nursing',2,'No fields changed.'),(368,'2014-08-19 09:22:36',15,12,'43','Criminology',2,'Changed content for textile page content \"TextilePageContent<pk=128, parent=Page<pk=43, Criminology>, region=sidebar, ordering=1>\".'),(369,'2014-08-19 09:23:35',15,12,'47','Political Science',2,'Changed content for textile page content \"TextilePageContent<pk=133, parent=Page<pk=47, Political Science>, region=main, ordering=1>\".'),(370,'2014-08-19 09:24:21',15,12,'47','Political Science',2,'Changed content for textile page content \"TextilePageContent<pk=134, parent=Page<pk=47, Political Science>, region=sidebar, ordering=1>\".'),(371,'2014-08-19 09:24:56',15,12,'38','Actuarial Math',2,'Changed content for textile page content \"TextilePageContent<pk=138, parent=Page<pk=38, Actuarial Math>, region=sidebar, ordering=1>\".'),(372,'2014-08-19 09:29:35',15,12,'37','Pre-Engineering',2,'Changed content for textile page content \"TextilePageContent<pk=147, parent=Page<pk=37, Pre-Engineering>, region=main, ordering=2>\".'),(373,'2014-08-19 09:30:15',15,12,'46','Philosophy',2,'Changed content for textile page content \"TextilePageContent<pk=151, parent=Page<pk=46, Philosophy>, region=main, ordering=1>\".'),(374,'2014-08-19 09:30:39',15,12,'46','Philosophy',2,'Changed content for textile page content \"TextilePageContent<pk=152, parent=Page<pk=46, Philosophy>, region=sidebar, ordering=0>\". Changed content for textile page content \"TextilePageContent<pk=153, parent=Page<pk=46, Philosophy>, region=sidebar, ordering=1>\".'),(375,'2014-08-19 09:32:28',15,12,'50','Sociology',2,'Changed content for textile page content \"TextilePageContent<pk=163, parent=Page<pk=50, Sociology>, region=main, ordering=1>\". Changed content for textile page content \"TextilePageContent<pk=164, parent=Page<pk=50, Sociology>, region=main, ordering=2>\".'),(376,'2014-08-19 09:32:52',15,12,'50','Sociology',2,'Changed content for textile page content \"TextilePageContent<pk=166, parent=Page<pk=50, Sociology>, region=sidebar, ordering=1>\".'),(377,'2014-08-19 09:33:22',15,12,'51','Teacher Education',2,'Changed content for textile page content \"TextilePageContent<pk=159, parent=Page<pk=51, Teacher Education>, region=main, ordering=1>\".'),(378,'2014-08-19 09:33:56',15,12,'51','Teacher Education',2,'Changed content for textile page content \"TextilePageContent<pk=161, parent=Page<pk=51, Teacher Education>, region=sidebar, ordering=1>\".'),(379,'2014-08-19 09:34:10',15,12,'51','Teacher Education',2,'No fields changed.'),(380,'2014-08-19 09:34:29',15,12,'52','Theology',2,'Changed content for textile page content \"TextilePageContent<pk=168, parent=Page<pk=52, Theology>, region=main, ordering=1>\".'),(381,'2014-08-19 09:35:02',15,12,'52','Theology',2,'Changed content for textile page content \"TextilePageContent<pk=170, parent=Page<pk=52, Theology>, region=sidebar, ordering=1>\".'),(382,'2014-08-19 12:18:56',15,12,'52','Theology',2,'No fields changed.'),(383,'2014-08-19 12:19:27',15,12,'52','Theology',2,'Changed content for textile page content \"TextilePageContent<pk=170, parent=Page<pk=52, Theology>, region=sidebar, ordering=1>\".'),(384,'2014-08-19 12:21:19',15,12,'31','Writing',2,'Added textile page content \"TextilePageContent<pk=181, parent=Page<pk=31, Writing>, region=sidebar, ordering=1>\".'),(385,'2014-08-19 12:42:38',15,27,'6','Associate Professor of Art',1,''),(386,'2014-08-19 12:44:29',15,27,'7','Wanda Sullivan, Associate Professor of Fine Arts',1,''),(387,'2014-08-19 12:44:37',15,12,'3','Studio Art',2,'Changed testimonials.'),(388,'2014-08-19 12:52:10',15,12,'42','Nursing',2,'Changed content for textile page content \"TextilePageContent<pk=123, parent=Page<pk=42, Nursing>, region=sidebar, ordering=0>\".'),(389,'2014-08-19 12:52:36',15,12,'42','Nursing',2,'Changed content for textile page content \"TextilePageContent<pk=123, parent=Page<pk=42, Nursing>, region=sidebar, ordering=0>\".'),(390,'2014-08-19 12:57:19',15,27,'8','Wanda Sullivan, Associate Professor of Fine Arts',1,''),(391,'2014-08-19 12:57:25',15,12,'3','Studio Art',2,'Changed testimonials.'),(392,'2014-08-19 12:59:44',1,27,'8','Wanda Sullivan, Associate Professor of Fine Arts',2,'No fields changed.'),(393,'2014-08-19 13:02:17',15,27,'6','Associate Professor of Art',3,''),(394,'2014-08-19 13:02:24',15,27,'7','Wanda Sullivan, Associate Professor of Fine Arts',3,''),(395,'2014-08-19 13:04:02',15,27,'9','Grant Benoit ’12, Southern Illinois University',1,''),(396,'2014-08-19 13:04:07',15,12,'3','Studio Art',2,'Changed testimonials.'),(397,'2014-08-19 13:05:30',15,27,'8','Wanda Sullivan, Associate Professor of Fine Arts',2,'Changed image.'),(398,'2014-08-19 13:09:23',15,27,'10','Severin Chambers \'14',1,''),(399,'2014-08-19 13:10:48',15,27,'11','Caroline Wilson ’12',1,''),(400,'2014-08-19 13:13:39',15,27,'12','Dr. Royce Simpson, Department Chair',1,''),(401,'2014-08-19 13:13:42',15,12,'4','Psychology',2,'Changed testimonials.'),(402,'2014-08-19 13:15:06',15,27,'13','Seth Polansky \'17',1,''),(403,'2014-08-19 13:16:55',15,27,'14','Dr. Carolyn Simmons, Department Chair',1,''),(404,'2014-08-19 13:17:06',15,12,'5','Chemistry',2,'Changed testimonials.'),(405,'2014-08-19 13:20:08',15,27,'15','Caroline Hill \'13',1,''),(406,'2014-08-19 13:22:10',15,27,'16','Luke Hayes \'14',1,''),(407,'2014-08-19 13:25:37',15,27,'17','Dr. Andrew Sharp, Professor of Accounting',1,''),(408,'2014-08-19 13:25:42',15,12,'16','Accounting',2,'Changed testimonials.'),(409,'2014-08-19 13:27:05',15,27,'18','Elizabeth Neal \'14',1,''),(410,'2014-08-19 13:28:05',15,27,'19','Chris Montgomery \'14',1,''),(411,'2014-08-19 13:29:59',15,27,'20','Dr. James Larriviere, Associate Professor of Business',1,''),(412,'2014-08-19 13:30:05',15,12,'17','Financial Economics',2,'Changed testimonials.'),(413,'2014-08-19 13:31:11',15,12,'17','Financial Economics',2,'Deleted textile page content \"TextilePageContent<pk=None, parent=Page<pk=17, Financial Economics>, region=banner, ordering=0>\". Deleted textile page content \"TextilePageContent<pk=None, parent=Page<pk=17, Financial Economics>, region=banner, ordering=1>\".'),(414,'2014-08-19 13:32:18',15,27,'21','Dr. Sergio Castello',1,''),(415,'2014-08-19 13:32:20',15,12,'53','International Business',2,'Changed testimonials.'),(416,'2014-08-19 13:33:25',15,27,'22','Donald Craig \'16',1,''),(417,'2014-08-19 13:35:07',15,27,'23','Justin Avery \'15',1,''),(418,'2014-08-19 13:36:14',15,27,'24','Rhonda Lucas, CIS Instructor',1,''),(419,'2014-08-19 13:36:16',15,12,'20','Computer Information Systems',2,'Changed testimonials.'),(420,'2014-08-19 13:38:07',15,27,'25','Dr. Stephen Campbell, S.J., Department Chair',1,''),(421,'2014-08-19 13:38:09',15,12,'21','Art Business',2,'Changed testimonials.'),(422,'2014-08-19 13:41:52',15,27,'26','Michael Getto \'00, Director, New York Television Festival ',1,''),(423,'2014-08-19 14:17:29',15,27,'27','Ryan Nocito \'12, Theater Director, St. Rosalie School',1,''),(424,'2014-08-19 14:30:02',15,27,'28','Seth Taylor \'11',1,''),(425,'2014-08-19 14:30:34',15,12,'22','Theater',2,'Changed testimonials.'),(426,'2014-08-19 14:32:05',15,27,'29','Frederick Norfleet \'12',1,''),(427,'2014-08-19 14:32:50',15,27,'30','Abbey Roam \'13',1,''),(428,'2014-08-19 14:34:41',15,27,'31','Janden Rochards, Associate Professor of Fine Arts',1,''),(429,'2014-08-19 14:34:45',15,12,'23','Graphic Design',2,'Changed testimonials.'),(430,'2014-08-19 14:35:05',15,27,'31','Janden Richards, Associate Professor of Fine Arts',2,'Changed attribution.'),(431,'2014-08-19 14:36:22',15,27,'32','Seth Laubinger ’02',1,''),(432,'2014-08-19 14:37:20',15,27,'33','Ryan Noble, MFA',1,''),(433,'2014-08-19 14:39:47',15,27,'34','Doug Bruce \'10',1,''),(434,'2014-08-19 14:39:51',15,12,'24','Digital Video Production',2,'Changed testimonials.'),(435,'2014-08-19 14:42:57',15,27,'35','Emily Hill \'14',1,''),(436,'2014-08-19 14:44:24',15,27,'36','Eugene Ramirez ’05, WSVN TV',1,''),(437,'2014-08-19 14:46:17',15,27,'37','Bob Grip, Instructor, FOX10 Anchor',1,''),(438,'2014-08-19 14:47:02',15,27,'38','Dr. Stuart Babington, Professor ',1,''),(439,'2014-08-19 14:47:06',15,12,'25','Journalism',2,'Changed testimonials.'),(440,'2014-08-19 14:53:42',15,27,'39','Alyse (Granier) Quinn ’10',1,''),(441,'2014-08-19 14:55:05',15,27,'40','Dr. Sharee Broussard',1,''),(442,'2014-08-19 14:56:03',15,27,'41','Gabriella Edgerson ’13',1,''),(443,'2014-08-19 14:57:39',15,27,'42','Alyse (Granier) Quinn ’10',1,''),(444,'2014-08-19 14:57:44',15,12,'26','Public Relations Advertising',2,'Changed testimonials.'),(445,'2014-08-19 14:58:58',15,27,'43','Katie Nores ',1,''),(446,'2014-08-19 14:59:30',15,27,'44','Katie Nores',1,''),(447,'2014-08-19 15:00:10',15,27,'45','Kate Flukinger ‘08',1,''),(448,'2014-08-19 15:01:00',15,27,'46','Dr. Katherine Swender',1,''),(449,'2014-08-19 15:01:34',15,27,'47','Dr. Catherine Swender',1,''),(450,'2014-08-19 15:02:13',15,27,'48','Dr. Catherine Swender',1,''),(451,'2014-08-19 15:02:16',15,12,'27','English',2,'Changed testimonials.'),(452,'2014-08-19 15:02:27',15,27,'46','Dr. Catherine Swender',2,'Changed attribution.'),(453,'2014-08-19 15:04:00',15,27,'49','Dr. Colette Windish',1,''),(454,'2014-08-19 15:04:04',15,12,'28','General Studies',2,'Changed testimonials.'),(455,'2014-08-19 15:05:10',15,27,'50','Melin Portillo ‘15',1,''),(456,'2014-08-19 15:05:17',15,12,'29','Hispanic Studies',2,'Changed testimonials.'),(457,'2014-08-19 15:05:34',15,27,'50','Melin Portillo ‘15',2,'Changed content.'),(458,'2014-08-19 15:06:49',15,27,'51','Chelsea Audibert \'13',1,''),(459,'2014-08-19 15:07:21',15,27,'52','Chelsea Audibert \'13',1,''),(460,'2014-08-19 15:08:06',15,27,'53','Dr. Fabian Balmori',1,''),(461,'2014-08-19 15:08:35',15,27,'54','Dr. Fabian Balmori',1,''),(462,'2014-08-19 15:09:22',15,27,'55','Astrid Torres ’15',1,''),(463,'2014-08-19 15:09:34',15,12,'29','Hispanic Studies',2,'Changed testimonials.'),(464,'2014-08-19 15:12:44',15,12,'5','Chemistry',2,'Changed content for textile page content \"TextilePageContent<pk=38, parent=Page<pk=5, Chemistry>, region=sidebar, ordering=1>\".'),(465,'2014-08-19 15:14:16',15,27,'56','Dr. Colette Windish',1,''),(466,'2014-08-19 15:14:18',15,12,'30','Interdisciplinary Humanities',2,'Changed testimonials.'),(467,'2014-08-19 15:16:12',15,27,'57','Dr. Michael Piafsky',1,''),(468,'2014-08-19 15:16:52',15,27,'58','Dr. Michael Piafsky',1,''),(469,'2014-08-19 15:17:08',15,27,'59','Dr. Michael Piafsky',1,''),(470,'2014-08-19 15:17:10',15,12,'31','Writing',2,'Changed testimonials.'),(471,'2014-08-19 15:18:44',15,27,'60','James Kizziah ’15',1,''),(472,'2014-08-19 15:19:03',15,27,'61','James Kizziah ’15',1,''),(473,'2014-08-19 15:19:46',15,27,'62','Dr. Lesli Bordas',1,''),(474,'2014-08-19 15:19:49',15,12,'32','Biochemistry',2,'Changed testimonials.'),(475,'2014-08-19 15:20:47',15,27,'63','Dr. Don Culberson, Associate Professor of Biology',1,''),(476,'2014-08-19 15:20:49',15,12,'34','Cellular and Molecular Biology',2,'Changed testimonials.'),(477,'2014-08-19 15:22:06',15,27,'64','Ryan Wattam ‘05',1,''),(478,'2014-08-19 15:22:49',15,27,'65','Thomas Kinsey \'13',1,''),(479,'2014-08-19 15:23:14',15,27,'66','Thomas Kinsey \'13',1,''),(480,'2014-08-19 15:23:40',15,12,'35','Organismal and Marine Biology',2,'Changed testimonials.'),(481,'2014-08-19 15:24:35',15,27,'67','Dr. Tony Perkins',1,''),(482,'2014-08-19 15:24:37',15,12,'41','Pure Math',2,'Changed testimonials.'),(483,'2014-08-19 15:25:58',15,27,'68','Tyrone Barnes \'14',1,''),(484,'2014-08-19 15:27:00',15,27,'69','Mary Kate Gallagher ’15',1,''),(485,'2014-08-19 15:27:27',15,27,'70','Mary Kate Gallagher ’15',1,''),(486,'2014-08-19 15:28:03',15,27,'71','Kelly Walker, Nursing Instructor',1,''),(487,'2014-08-19 15:28:38',15,27,'72','Joan Sands, Nursing Instructor',1,''),(488,'2014-08-19 15:28:52',15,12,'42','Nursing',2,'Changed testimonials.'),(489,'2014-08-19 15:30:46',15,12,'42','Nursing',2,'Changed content for textile page content \"TextilePageContent<pk=121, parent=Page<pk=42, Nursing>, region=main, ordering=0>\".'),(490,'2014-08-19 15:31:40',15,27,'73','Dr. Harold Dorton',1,''),(491,'2014-08-19 15:33:20',15,27,'74','Antonio Brito \'16',1,''),(492,'2014-08-19 15:34:00',15,27,'75','Antonio Brito \'16',1,''),(493,'2014-08-19 15:34:17',15,12,'43','Criminology',2,'Changed testimonials.'),(494,'2014-08-19 15:35:30',15,27,'76','Mark Brink ’13',1,''),(495,'2014-08-19 15:36:30',15,27,'77','Raven West ’15',1,''),(496,'2014-08-19 15:36:56',15,27,'78','Jaime Breitweiser ‘16',1,''),(497,'2014-08-19 15:38:10',15,27,'79','Dr. Tom Ward',1,''),(498,'2014-08-19 15:38:13',15,12,'44','History',2,'Changed testimonials.'),(499,'2014-08-19 15:39:32',15,27,'80','Eric Vicente ’14',1,''),(500,'2014-08-19 15:39:57',15,27,'81','Dr. Robert Harding',1,''),(501,'2014-08-19 15:40:45',15,27,'82','Elizabeth Bullock ’15',1,''),(502,'2014-08-19 15:41:08',15,27,'83','Dr. Kathleen Orange',1,''),(503,'2014-08-19 15:41:27',15,12,'47','Political Science',2,'Changed testimonials.'),(504,'2014-08-19 15:45:02',15,12,'47','Political Science',2,'No fields changed.'),(505,'2014-08-19 15:45:54',15,27,'84','Dr. Tony Perkins',1,''),(506,'2014-08-19 15:45:56',15,12,'38','Actuarial Math',2,'Changed testimonials.'),(507,'2014-08-19 15:46:51',15,27,'85','Dr. Tony Perkins',1,''),(508,'2014-08-19 15:46:53',15,12,'40','Computer Analysis',2,'Changed testimonials.'),(509,'2014-08-19 15:47:45',15,27,'86','Taryn Nash ’14',1,''),(510,'2014-08-19 15:48:40',15,27,'87','Dr. Robert Harding',1,''),(511,'2014-08-19 15:48:43',15,12,'45','International Studies',2,'Changed testimonials.'),(512,'2014-08-19 15:51:17',15,27,'88','Dr. Mark Byrne',1,''),(513,'2014-08-19 15:51:39',15,27,'89','Dr. Mark Byrne',1,''),(514,'2014-08-19 15:51:41',15,12,'37','Pre-Engineering',2,'Changed testimonials.'),(515,'2014-08-19 15:52:36',15,27,'90','Michelle Léana Perez ‘14',1,''),(516,'2014-08-19 15:53:12',15,27,'91','Matthew Keller ‘15',1,''),(517,'2014-08-19 15:54:36',15,27,'92','Dr. Debra Fox',1,''),(518,'2014-08-19 15:54:59',15,27,'93','Dr. Debra Fox',1,''),(519,'2014-08-19 15:55:01',15,12,'36','Pre-Health',2,'Changed testimonials.'),(520,'2014-08-19 15:59:20',1,12,'53','International Business',2,'Changed template_key.'),(521,'2014-08-19 15:59:26',1,12,'53','International Business',2,'No fields changed.'),(522,'2014-08-19 16:08:37',1,24,'1','Academic Info Request Form',2,'Changed email_message.'),(523,'2014-08-19 16:18:36',1,24,'1','Academic Info Request Form',2,'Changed default for Field \"First Name\".'),(524,'2014-08-19 16:18:51',1,24,'1','Academic Info Request Form',2,'Changed default for Field \"First Name\".'),(525,'2014-08-19 16:21:04',15,27,'94','Alexis Esneault ‘15',1,''),(526,'2014-08-19 16:21:28',15,27,'95','Dr. Nate Zuckerman',1,''),(527,'2014-08-19 16:21:50',15,27,'96','Dr. Nate Zuckerman',1,''),(528,'2014-08-19 16:22:00',15,12,'46','Philosophy',2,'Changed testimonials.'),(529,'2014-08-19 16:23:43',15,27,'97','Dr. Tony Perkins',1,''),(530,'2014-08-19 16:23:45',15,12,'39','Applied Math',2,'Changed testimonials.'),(531,'2014-08-19 16:24:14',15,12,'39','Applied Math',2,'No fields changed.'),(532,'2014-08-19 16:27:30',15,27,'98','Dr. Pat Harrison',1,''),(533,'2014-08-19 16:27:41',15,12,'49','Social Science',2,'Changed testimonials.'),(534,'2014-08-19 16:28:41',15,27,'99','Jordan Truxillio ’14',1,''),(535,'2014-08-19 16:30:47',15,27,'100','Olivia Jennings ‘14',1,''),(536,'2014-08-19 16:31:02',15,27,'101','Olivia Jennings ‘14',1,''),(537,'2014-08-19 16:31:41',15,27,'102','Dr. Harold Dorton',1,''),(538,'2014-08-19 16:31:43',15,12,'50','Sociology',2,'Changed testimonials.'),(539,'2014-08-19 16:35:05',15,27,'103','Christopher Agee ’07',1,''),(540,'2014-08-19 16:35:31',15,27,'104','Andrew Herman ’14',1,''),(541,'2014-08-19 16:36:15',15,27,'105','Dr. April Sanders',1,''),(542,'2014-08-19 16:36:48',15,27,'106','Dr. Lori Aultman, Division Chair',1,''),(543,'2014-08-19 16:36:49',15,12,'51','Teacher Education',2,'Changed testimonials.'),(544,'2014-08-19 16:38:26',15,27,'107','Meeri Kangas ’15',1,''),(545,'2014-08-19 16:39:58',15,27,'108','Dr. Steve Wilson',1,''),(546,'2014-08-19 16:40:28',15,27,'109','Madeline LeForge ‘15',1,''),(547,'2014-08-19 16:41:25',15,27,'110','Haley Troxclair \'15',1,''),(548,'2014-08-19 16:41:51',15,27,'111','Haley Troxclair ‘15',1,''),(549,'2014-08-19 16:41:53',15,12,'52','Theology',2,'Changed testimonials.'),(550,'2014-08-19 16:45:05',15,27,'112','Ally Sloan \'14',1,''),(551,'2014-08-19 16:45:24',15,27,'113','Ally Sloan \'14',1,''),(552,'2014-08-19 16:45:53',15,27,'114','Nate Cunningham ‘02',1,''),(553,'2014-08-19 16:46:22',15,27,'115','– Dr. Charmane May, Associate Professor of Business',1,''),(554,'2014-08-19 16:46:23',15,12,'19','Management Marketing',2,'Changed testimonials.'),(555,'2014-08-19 16:46:53',15,12,'19','Management Marketing',2,'No fields changed.'),(556,'2014-08-19 16:52:00',15,12,'39','Applied Math',2,'Changed template_key.'),(557,'2014-08-19 16:53:33',15,12,'40','Computer Analysis',2,'Changed template_key.'),(558,'2014-08-19 16:53:36',15,12,'40','Computer Analysis',2,'No fields changed.'),(559,'2014-08-19 16:53:50',15,12,'37','Pre-Engineering',2,'Changed template_key.'),(560,'2014-08-19 16:53:52',15,12,'37','Pre-Engineering',2,'No fields changed.'),(561,'2014-08-19 16:54:05',15,12,'38','Actuarial Math',2,'Changed template_key.'),(562,'2014-08-19 16:54:09',15,12,'38','Actuarial Math',2,'No fields changed.'),(563,'2014-08-19 16:55:03',15,12,'36','Pre-Health',2,'Changed template_key.'),(564,'2014-08-20 10:14:17',15,27,'115','Dr. Charmane May, Associate Professor of Business',2,'Changed attribution.'),(565,'2014-08-20 10:14:30',15,27,'78','Jaimie Breitweiser ‘16',2,'Changed attribution.'),(566,'2014-08-22 08:34:38',1,24,'1','Academic Info Request Form',2,'Changed email_subject.'),(567,'2014-08-22 09:31:40',1,24,'1','Academic Info Request Form',2,'No fields changed.'),(568,'2014-08-22 09:34:56',1,24,'1','Academic Info Request Form',2,'Changed intro.'),(569,'2014-08-22 09:41:59',1,24,'1','Academic Info Request Form',2,'Changed email_from.'),(570,'2014-08-22 10:45:59',1,12,'11','Service Learning',2,'Changed content for textile page content \"TextilePageContent<pk=29, parent=Page<pk=11, Service Learning>, region=main, ordering=1>\".'),(571,'2014-08-22 11:23:09',15,12,'3','Studio Art',2,'Changed content for textile page content \"TextilePageContent<pk=32, parent=Page<pk=3, Studio Art>, region=main, ordering=2>\".'),(572,'2014-08-22 11:25:41',15,12,'3','Studio Art',2,'Changed content for textile page content \"TextilePageContent<pk=34, parent=Page<pk=3, Studio Art>, region=sidebar, ordering=1>\".'),(573,'2014-08-22 11:26:21',15,12,'21','Art Business',2,'Added textile page content \"TextilePageContent<pk=182, parent=Page<pk=21, Art Business>, region=sidebar, ordering=1>\".'),(574,'2014-08-22 11:27:51',15,12,'3','Studio Art',2,'Added textile page content \"TextilePageContent<pk=183, parent=Page<pk=3, Studio Art>, region=main, ordering=2>\". Changed ordering for textile page content \"TextilePageContent<pk=32, parent=Page<pk=3, Studio Art>, region=main, ordering=3>\".'),(575,'2014-08-22 12:10:05',15,12,'3','Studio Art',2,'No fields changed.'),(576,'2014-08-22 12:25:40',15,12,'3','Studio Art',2,'No fields changed.'),(577,'2014-08-22 12:27:21',15,27,'116','Wyatt Esteves',1,''),(578,'2014-08-22 12:28:07',15,27,'117','Wyatt Esteves',1,''),(579,'2014-08-22 12:28:18',15,12,'21','Art Business',2,'Changed testimonials.'),(580,'2014-08-22 15:28:04',1,10,'4','psychology-sellsheet.jpg',1,''),(581,'2014-08-22 15:28:14',1,12,'4','Psychology',2,'Changed ordering for textile page content \"TextilePageContent<pk=7, parent=Page<pk=4, Psychology>, region=main, ordering=2>\". Changed ordering for textile page content \"TextilePageContent<pk=8, parent=Page<pk=4, Psychology>, region=main, ordering=3>\". Changed ordering for textile page content \"TextilePageContent<pk=9, parent=Page<pk=4, Psychology>, region=main, ordering=4>\". Changed ordering for textile page content \"TextilePageContent<pk=10, parent=Page<pk=4, Psychology>, region=main, ordering=5>\". Added media file \"MediaFileContent<pk=5, parent=Page<pk=4, Psychology>, region=main, ordering=0>\". Deleted media file \"MediaFileContent<pk=None, parent=Page<pk=4, Psychology>, region=main, ordering=1>\".'),(582,'2014-08-22 15:28:58',1,10,'5','Chemistry-sellsheet.jpg',1,''),(583,'2014-08-22 15:29:03',1,12,'5','Chemistry',2,'Changed ordering for textile page content \"TextilePageContent<pk=12, parent=Page<pk=5, Chemistry>, region=main, ordering=1>\". Changed ordering for textile page content \"TextilePageContent<pk=35, parent=Page<pk=5, Chemistry>, region=main, ordering=2>\". Changed ordering for textile page content \"TextilePageContent<pk=39, parent=Page<pk=5, Chemistry>, region=main, ordering=3>\". Changed ordering for textile page content \"TextilePageContent<pk=36, parent=Page<pk=5, Chemistry>, region=main, ordering=4>\". Added media file \"MediaFileContent<pk=6, parent=Page<pk=5, Chemistry>, region=main, ordering=0>\".'),(584,'2014-08-22 15:29:27',1,10,'6','accounting-sellsheet.jpg',1,''),(585,'2014-08-22 15:29:30',1,12,'16','Accounting',2,'Changed ordering for textile page content \"TextilePageContent<pk=40, parent=Page<pk=16, Accounting>, region=main, ordering=1>\". Changed ordering for textile page content \"TextilePageContent<pk=41, parent=Page<pk=16, Accounting>, region=main, ordering=2>\". Changed ordering for textile page content \"TextilePageContent<pk=42, parent=Page<pk=16, Accounting>, region=main, ordering=3>\". Added media file \"MediaFileContent<pk=7, parent=Page<pk=16, Accounting>, region=main, ordering=0>\".'),(586,'2014-08-22 15:29:53',1,10,'7','financial-economics-sellsheet.jpg',1,''),(587,'2014-08-22 15:29:56',1,12,'17','Financial Economics',2,'Changed ordering for textile page content \"TextilePageContent<pk=45, parent=Page<pk=17, Financial Economics>, region=main, ordering=1>\". Changed ordering for textile page content \"TextilePageContent<pk=46, parent=Page<pk=17, Financial Economics>, region=main, ordering=2>\". Changed ordering for textile page content \"TextilePageContent<pk=47, parent=Page<pk=17, Financial Economics>, region=main, ordering=3>\". Added media file \"MediaFileContent<pk=8, parent=Page<pk=17, Financial Economics>, region=main, ordering=0>\".'),(588,'2014-08-22 15:30:18',1,10,'8','International-Business-sellsheet.jpg',1,''),(589,'2014-08-22 15:30:22',1,12,'53','International Business',2,'Changed ordering for textile page content \"TextilePageContent<pk=54, parent=Page<pk=53, International Business>, region=main, ordering=1>\". Changed ordering for textile page content \"TextilePageContent<pk=55, parent=Page<pk=53, International Business>, region=main, ordering=2>\". Added media file \"MediaFileContent<pk=9, parent=Page<pk=53, International Business>, region=main, ordering=0>\".'),(590,'2014-08-22 15:30:43',1,10,'9','management-marketing-sellsheet.jpg',1,''),(591,'2014-08-22 15:30:45',1,12,'19','Management Marketing',2,'Changed ordering for textile page content \"TextilePageContent<pk=58, parent=Page<pk=19, Management Marketing>, region=main, ordering=1>\". Changed ordering for textile page content \"TextilePageContent<pk=59, parent=Page<pk=19, Management Marketing>, region=main, ordering=2>\". Added media file \"MediaFileContent<pk=10, parent=Page<pk=19, Management Marketing>, region=main, ordering=0>\".'),(592,'2014-08-22 15:31:06',1,10,'10','CIS-sellsheet.jpg',1,''),(593,'2014-08-22 15:31:09',1,12,'20','Computer Information Systems',2,'Changed ordering for textile page content \"TextilePageContent<pk=61, parent=Page<pk=20, Computer Information Systems>, region=main, ordering=1>\". Changed ordering for textile page content \"TextilePageContent<pk=62, parent=Page<pk=20, Computer Information Systems>, region=main, ordering=2>\". Added media file \"MediaFileContent<pk=11, parent=Page<pk=20, Computer Information Systems>, region=main, ordering=0>\".'),(594,'2014-08-22 15:33:03',1,10,'11','Art-business-sellsheet.jpg',1,''),(595,'2014-08-22 15:33:05',1,12,'21','Art Business',2,'Changed ordering for textile page content \"TextilePageContent<pk=65, parent=Page<pk=21, Art Business>, region=main, ordering=1>\". Changed ordering for textile page content \"TextilePageContent<pk=66, parent=Page<pk=21, Art Business>, region=main, ordering=2>\". Added media file \"MediaFileContent<pk=12, parent=Page<pk=21, Art Business>, region=main, ordering=0>\".'),(596,'2014-08-22 15:33:27',1,10,'12','Graphic-Design-sellsheet.jpg',1,''),(597,'2014-08-22 15:33:30',1,12,'23','Graphic Design',2,'Changed ordering for textile page content \"TextilePageContent<pk=71, parent=Page<pk=23, Graphic Design>, region=main, ordering=1>\". Changed ordering for textile page content \"TextilePageContent<pk=72, parent=Page<pk=23, Graphic Design>, region=main, ordering=2>\". Changed ordering for textile page content \"TextilePageContent<pk=73, parent=Page<pk=23, Graphic Design>, region=main, ordering=3>\". Added media file \"MediaFileContent<pk=13, parent=Page<pk=23, Graphic Design>, region=main, ordering=0>\".'),(598,'2014-08-22 15:33:49',1,10,'13','Digital-Video-Production-sellsheet.jpg',1,''),(599,'2014-08-22 15:33:51',1,12,'24','Digital Video Production',2,'Changed ordering for textile page content \"TextilePageContent<pk=81, parent=Page<pk=24, Digital Video Production>, region=main, ordering=1>\". Changed ordering for textile page content \"TextilePageContent<pk=82, parent=Page<pk=24, Digital Video Production>, region=main, ordering=2>\". Added media file \"MediaFileContent<pk=14, parent=Page<pk=24, Digital Video Production>, region=main, ordering=0>\".'),(600,'2014-08-22 15:34:09',1,10,'14','journalism-sellsheet.jpg',1,''),(601,'2014-08-22 15:34:12',1,12,'25','Journalism',2,'Changed ordering for textile page content \"TextilePageContent<pk=85, parent=Page<pk=25, Journalism>, region=main, ordering=1>\". Changed ordering for textile page content \"TextilePageContent<pk=86, parent=Page<pk=25, Journalism>, region=main, ordering=2>\". Added media file \"MediaFileContent<pk=15, parent=Page<pk=25, Journalism>, region=main, ordering=0>\".'),(602,'2014-08-22 15:34:33',1,10,'15','public-relations-sellsheet.jpg',1,''),(603,'2014-08-22 15:34:37',1,12,'26','Public Relations Advertising',2,'Changed ordering for textile page content \"TextilePageContent<pk=89, parent=Page<pk=26, Public Relations Advertising>, region=main, ordering=1>\". Changed ordering for textile page content \"TextilePageContent<pk=90, parent=Page<pk=26, Public Relations Advertising>, region=main, ordering=2>\". Changed ordering for textile page content \"TextilePageContent<pk=91, parent=Page<pk=26, Public Relations Advertising>, region=main, ordering=3>\". Added media file \"MediaFileContent<pk=16, parent=Page<pk=26, Public Relations Advertising>, region=main, ordering=0>\".'),(604,'2014-08-22 15:34:54',1,10,'16','English-sellsheet.jpg',1,''),(605,'2014-08-22 15:34:57',1,12,'27','English',2,'Changed ordering for textile page content \"TextilePageContent<pk=94, parent=Page<pk=27, English>, region=main, ordering=1>\". Changed ordering for textile page content \"TextilePageContent<pk=95, parent=Page<pk=27, English>, region=main, ordering=2>\". Added media file \"MediaFileContent<pk=17, parent=Page<pk=27, English>, region=main, ordering=0>\".'),(606,'2014-08-22 15:35:51',1,10,'17','General-Studies-sellsheet.jpg',1,''),(607,'2014-08-22 15:35:53',1,12,'28','General Studies',2,'Changed ordering for textile page content \"TextilePageContent<pk=174, parent=Page<pk=28, General Studies>, region=main, ordering=1>\". Changed ordering for textile page content \"TextilePageContent<pk=175, parent=Page<pk=28, General Studies>, region=main, ordering=2>\". Added media file \"MediaFileContent<pk=18, parent=Page<pk=28, General Studies>, region=main, ordering=0>\".'),(608,'2014-08-22 15:36:12',1,10,'18','hispanic-studies-sellsheet.jpg',1,''),(609,'2014-08-22 15:36:15',1,12,'29','Hispanic Studies',2,'Changed ordering for textile page content \"TextilePageContent<pk=98, parent=Page<pk=29, Hispanic Studies>, region=main, ordering=1>\". Changed ordering for textile page content \"TextilePageContent<pk=99, parent=Page<pk=29, Hispanic Studies>, region=main, ordering=2>\". Changed ordering for textile page content \"TextilePageContent<pk=177, parent=Page<pk=29, Hispanic Studies>, region=main, ordering=3>\". Changed ordering for textile page content \"TextilePageContent<pk=178, parent=Page<pk=29, Hispanic Studies>, region=main, ordering=4>\". Added media file \"MediaFileContent<pk=19, parent=Page<pk=29, Hispanic Studies>, region=main, ordering=0>\".'),(610,'2014-08-22 15:36:32',1,10,'19','Interdisciplinary-Humanities-sellsheet.jpg',1,''),(611,'2014-08-22 15:36:35',1,12,'30','Interdisciplinary Humanities',2,'Changed ordering for textile page content \"TextilePageContent<pk=102, parent=Page<pk=30, Interdisciplinary Humanities>, region=main, ordering=1>\". Added media file \"MediaFileContent<pk=20, parent=Page<pk=30, Interdisciplinary Humanities>, region=main, ordering=0>\".'),(612,'2014-08-22 15:36:54',1,10,'20','Writing-sellsheet.jpg',1,''),(613,'2014-08-22 15:36:57',1,12,'31','Writing',2,'Changed ordering for textile page content \"TextilePageContent<pk=104, parent=Page<pk=31, Writing>, region=main, ordering=1>\". Changed ordering for textile page content \"TextilePageContent<pk=105, parent=Page<pk=31, Writing>, region=main, ordering=2>\". Added media file \"MediaFileContent<pk=21, parent=Page<pk=31, Writing>, region=main, ordering=0>\".'),(614,'2014-08-22 15:37:15',1,10,'21','Biochemistry-sellsheet.jpg',1,''),(615,'2014-08-22 15:37:17',1,12,'32','Biochemistry',2,'Changed ordering for textile page content \"TextilePageContent<pk=107, parent=Page<pk=32, Biochemistry>, region=main, ordering=1>\". Changed ordering for textile page content \"TextilePageContent<pk=108, parent=Page<pk=32, Biochemistry>, region=main, ordering=2>\". Added media file \"MediaFileContent<pk=22, parent=Page<pk=32, Biochemistry>, region=main, ordering=0>\".'),(616,'2014-08-22 15:37:51',1,10,'22','biology-cellular-sellsheet.jpg',1,''),(617,'2014-08-22 15:37:57',1,12,'34','Cellular and Molecular Biology',2,'Changed ordering for textile page content \"TextilePageContent<pk=111, parent=Page<pk=34, Cellular and Molecular Biology>, region=main, ordering=1>\". Changed ordering for textile page content \"TextilePageContent<pk=112, parent=Page<pk=34, Cellular and Molecular Biology>, region=main, ordering=2>\". Changed ordering for textile page content \"TextilePageContent<pk=113, parent=Page<pk=34, Cellular and Molecular Biology>, region=main, ordering=3>\". Added media file \"MediaFileContent<pk=23, parent=Page<pk=34, Cellular and Molecular Biology>, region=main, ordering=0>\".'),(618,'2014-08-22 15:38:18',1,10,'23','marine-biology-sellsheet.jpg',1,''),(619,'2014-08-22 15:38:21',1,12,'35','Organismal and Marine Biology',2,'Changed ordering for textile page content \"TextilePageContent<pk=115, parent=Page<pk=35, Organismal and Marine Biology>, region=main, ordering=1>\". Changed ordering for textile page content \"TextilePageContent<pk=179, parent=Page<pk=35, Organismal and Marine Biology>, region=main, ordering=2>\". Changed ordering for textile page content \"TextilePageContent<pk=116, parent=Page<pk=35, Organismal and Marine Biology>, region=main, ordering=3>\". Added media file \"MediaFileContent<pk=24, parent=Page<pk=35, Organismal and Marine Biology>, region=main, ordering=0>\".'),(620,'2014-08-22 15:39:00',1,10,'24','Math-Pure-sellsheet.jpg',1,''),(621,'2014-08-22 15:39:03',1,12,'41','Pure Math',2,'Changed ordering for textile page content \"TextilePageContent<pk=119, parent=Page<pk=41, Pure Math>, region=main, ordering=1>\". Added media file \"MediaFileContent<pk=25, parent=Page<pk=41, Pure Math>, region=main, ordering=0>\".'),(622,'2014-08-22 15:39:21',1,10,'25','Nursing-sellsheet.jpg',1,''),(623,'2014-08-22 15:39:23',1,12,'42','Nursing',2,'Changed ordering for textile page content \"TextilePageContent<pk=121, parent=Page<pk=42, Nursing>, region=main, ordering=1>\". Changed ordering for textile page content \"TextilePageContent<pk=122, parent=Page<pk=42, Nursing>, region=main, ordering=2>\". Changed ordering for textile page content \"TextilePageContent<pk=180, parent=Page<pk=42, Nursing>, region=main, ordering=3>\". Added media file \"MediaFileContent<pk=26, parent=Page<pk=42, Nursing>, region=main, ordering=0>\".'),(624,'2014-08-22 15:39:40',1,10,'26','criminology-sellsheet.jpg',1,''),(625,'2014-08-22 15:39:42',1,12,'43','Criminology',2,'Changed ordering for textile page content \"TextilePageContent<pk=125, parent=Page<pk=43, Criminology>, region=main, ordering=1>\". Changed ordering for textile page content \"TextilePageContent<pk=126, parent=Page<pk=43, Criminology>, region=main, ordering=2>\". Added media file \"MediaFileContent<pk=27, parent=Page<pk=43, Criminology>, region=main, ordering=0>\".'),(626,'2014-08-22 15:40:05',1,10,'27','history-sellsheet.jpg',1,''),(627,'2014-08-22 15:40:07',1,12,'44','History',2,'Changed ordering for textile page content \"TextilePageContent<pk=129, parent=Page<pk=44, History>, region=main, ordering=1>\". Changed ordering for textile page content \"TextilePageContent<pk=130, parent=Page<pk=44, History>, region=main, ordering=2>\". Added media file \"MediaFileContent<pk=28, parent=Page<pk=44, History>, region=main, ordering=0>\".'),(628,'2014-08-22 15:40:23',1,10,'28','political-science-sellsheet.jpg',1,''),(629,'2014-08-22 15:40:26',1,12,'47','Political Science',2,'Changed ordering for textile page content \"TextilePageContent<pk=132, parent=Page<pk=47, Political Science>, region=main, ordering=1>\". Changed ordering for textile page content \"TextilePageContent<pk=133, parent=Page<pk=47, Political Science>, region=main, ordering=2>\". Added media file \"MediaFileContent<pk=29, parent=Page<pk=47, Political Science>, region=main, ordering=0>\".'),(630,'2014-08-22 15:40:42',1,10,'29','actuarial-math-sellsheet.jpg',1,''),(631,'2014-08-22 15:40:43',1,12,'38','Actuarial Math',2,'Changed ordering for textile page content \"TextilePageContent<pk=136, parent=Page<pk=38, Actuarial Math>, region=main, ordering=1>\". Added media file \"MediaFileContent<pk=30, parent=Page<pk=38, Actuarial Math>, region=main, ordering=0>\".'),(632,'2014-08-22 15:41:10',1,10,'30','math-computer-analysis-sellsheet.jpg',1,''),(633,'2014-08-22 15:41:12',1,12,'40','Computer Analysis',2,'Changed ordering for textile page content \"TextilePageContent<pk=139, parent=Page<pk=40, Computer Analysis>, region=main, ordering=1>\". Changed ordering for textile page content \"TextilePageContent<pk=140, parent=Page<pk=40, Computer Analysis>, region=main, ordering=2>\". Added media file \"MediaFileContent<pk=31, parent=Page<pk=40, Computer Analysis>, region=main, ordering=0>\".'),(634,'2014-08-22 15:41:33',1,10,'31','International-Studies-sellsheet.jpg',1,''),(635,'2014-08-22 15:41:35',1,12,'45','International Studies',2,'Changed ordering for textile page content \"TextilePageContent<pk=142, parent=Page<pk=45, International Studies>, region=main, ordering=1>\". Added media file \"MediaFileContent<pk=32, parent=Page<pk=45, International Studies>, region=main, ordering=0>\".'),(636,'2014-08-22 15:41:57',1,10,'32','engineering-sellsheet.jpg',1,''),(637,'2014-08-22 15:41:59',1,12,'37','Pre-Engineering',2,'Changed ordering for textile page content \"TextilePageContent<pk=144, parent=Page<pk=37, Pre-Engineering>, region=main, ordering=1>\". Changed ordering for textile page content \"TextilePageContent<pk=145, parent=Page<pk=37, Pre-Engineering>, region=main, ordering=2>\". Changed ordering for textile page content \"TextilePageContent<pk=147, parent=Page<pk=37, Pre-Engineering>, region=main, ordering=3>\". Added media file \"MediaFileContent<pk=33, parent=Page<pk=37, Pre-Engineering>, region=main, ordering=0>\".'),(638,'2014-08-22 15:42:26',1,10,'33','biology-pre-health-sellsheet.jpg',1,''),(639,'2014-08-22 15:42:27',1,12,'36','Pre-Health',2,'Changed ordering for textile page content \"TextilePageContent<pk=148, parent=Page<pk=36, Pre-Health>, region=main, ordering=1>\". Added media file \"MediaFileContent<pk=34, parent=Page<pk=36, Pre-Health>, region=main, ordering=0>\".'),(640,'2014-08-22 15:42:47',1,10,'34','Math-Applied-sellsheet.jpg',1,''),(641,'2014-08-22 15:42:49',1,12,'39','Applied Math',2,'Changed ordering for textile page content \"TextilePageContent<pk=154, parent=Page<pk=39, Applied Math>, region=main, ordering=1>\". Added media file \"MediaFileContent<pk=35, parent=Page<pk=39, Applied Math>, region=main, ordering=0>\".'),(642,'2014-08-22 15:43:05',1,10,'35','philosophy-sellsheet.jpg',1,''),(643,'2014-08-22 15:43:07',1,12,'46','Philosophy',2,'Changed ordering for textile page content \"TextilePageContent<pk=150, parent=Page<pk=46, Philosophy>, region=main, ordering=1>\". Changed ordering for textile page content \"TextilePageContent<pk=151, parent=Page<pk=46, Philosophy>, region=main, ordering=2>\". Added media file \"MediaFileContent<pk=36, parent=Page<pk=46, Philosophy>, region=main, ordering=0>\".'),(644,'2014-08-22 15:43:24',1,10,'36','Social-Science-sellsheet.jpg',1,''),(645,'2014-08-22 15:43:25',1,12,'49','Social Science',2,'Changed ordering for textile page content \"TextilePageContent<pk=156, parent=Page<pk=49, Social Science>, region=main, ordering=1>\". Added media file \"MediaFileContent<pk=37, parent=Page<pk=49, Social Science>, region=main, ordering=0>\".'),(646,'2014-08-22 15:43:44',1,10,'37','sociology-sellsheet.jpg',1,''),(647,'2014-08-22 15:43:46',1,12,'50','Sociology',2,'Changed ordering for textile page content \"TextilePageContent<pk=162, parent=Page<pk=50, Sociology>, region=main, ordering=1>\". Changed ordering for textile page content \"TextilePageContent<pk=163, parent=Page<pk=50, Sociology>, region=main, ordering=2>\". Changed ordering for textile page content \"TextilePageContent<pk=164, parent=Page<pk=50, Sociology>, region=main, ordering=3>\". Added media file \"MediaFileContent<pk=38, parent=Page<pk=50, Sociology>, region=main, ordering=0>\".'),(648,'2014-08-22 15:44:04',1,10,'38','Teacher-Ed-sellsheet.jpg',1,''),(649,'2014-08-22 15:44:07',1,12,'51','Teacher Education',2,'Changed ordering for textile page content \"TextilePageContent<pk=158, parent=Page<pk=51, Teacher Education>, region=main, ordering=1>\". Changed ordering for textile page content \"TextilePageContent<pk=159, parent=Page<pk=51, Teacher Education>, region=main, ordering=2>\". Added media file \"MediaFileContent<pk=39, parent=Page<pk=51, Teacher Education>, region=main, ordering=0>\".'),(650,'2014-08-22 15:44:26',1,10,'39','Theology-sellsheet.jpg',1,''),(651,'2014-08-22 15:44:28',1,12,'52','Theology',2,'Changed ordering for textile page content \"TextilePageContent<pk=167, parent=Page<pk=52, Theology>, region=main, ordering=1>\". Changed ordering for textile page content \"TextilePageContent<pk=168, parent=Page<pk=52, Theology>, region=main, ordering=2>\". Added media file \"MediaFileContent<pk=40, parent=Page<pk=52, Theology>, region=main, ordering=0>\".'),(652,'2014-08-22 16:04:48',1,10,'40','theater-sellsheet.jpg',1,''),(653,'2014-08-22 16:04:50',1,12,'22','Theater',2,'Changed ordering for textile page content \"TextilePageContent<pk=68, parent=Page<pk=22, Theater>, region=main, ordering=1>\". Changed ordering for textile page content \"TextilePageContent<pk=173, parent=Page<pk=22, Theater>, region=main, ordering=2>\". Added media file \"MediaFileContent<pk=41, parent=Page<pk=22, Theater>, region=main, ordering=0>\".'),(654,'2014-08-25 11:35:36',15,12,'16','Accounting',2,'Added textile page content \"TextilePageContent<pk=184, parent=Page<pk=16, Accounting>, region=sidebar, ordering=1>\".'),(655,'2014-08-25 11:40:47',15,12,'17','Financial Economics',2,'Added textile page content \"TextilePageContent<pk=185, parent=Page<pk=17, Financial Economics>, region=sidebar, ordering=1>\".'),(656,'2014-08-25 11:45:14',15,12,'19','Management Marketing',2,'Added textile page content \"TextilePageContent<pk=186, parent=Page<pk=19, Management Marketing>, region=sidebar, ordering=1>\".'),(657,'2014-08-25 11:52:56',15,12,'21','Art Business',2,'Changed content for textile page content \"TextilePageContent<pk=182, parent=Page<pk=21, Art Business>, region=sidebar, ordering=1>\".'),(658,'2014-08-25 11:59:31',15,12,'22','Theater',2,'Changed content for textile page content \"TextilePageContent<pk=173, parent=Page<pk=22, Theater>, region=main, ordering=2>\".'),(659,'2014-08-25 12:01:43',15,12,'24','Digital Video Production',2,'Added textile page content \"TextilePageContent<pk=187, parent=Page<pk=24, Digital Video Production>, region=main, ordering=2>\". Changed ordering for textile page content \"TextilePageContent<pk=82, parent=Page<pk=24, Digital Video Production>, region=main, ordering=3>\".'),(660,'2014-08-25 12:04:59',15,12,'28','General Studies',2,'Added textile page content \"TextilePageContent<pk=188, parent=Page<pk=28, General Studies>, region=sidebar, ordering=1>\".'),(661,'2014-08-25 12:05:38',15,12,'30','Interdisciplinary Humanities',2,'Added textile page content \"TextilePageContent<pk=189, parent=Page<pk=30, Interdisciplinary Humanities>, region=sidebar, ordering=1>\".'),(662,'2014-08-25 12:07:32',15,12,'29','Hispanic Studies',2,'Changed content for textile page content \"TextilePageContent<pk=177, parent=Page<pk=29, Hispanic Studies>, region=main, ordering=3>\". Deleted textile page content \"TextilePageContent<pk=None, parent=Page<pk=29, Hispanic Studies>, region=main, ordering=2>\". Deleted textile page content \"TextilePageContent<pk=None, parent=Page<pk=29, Hispanic Studies>, region=main, ordering=4>\".'),(663,'2014-08-25 12:08:03',15,12,'31','Writing',2,'Changed content for textile page content \"TextilePageContent<pk=181, parent=Page<pk=31, Writing>, region=sidebar, ordering=1>\".'),(664,'2014-08-25 12:14:29',15,12,'32','Biochemistry',2,'Changed content for textile page content \"TextilePageContent<pk=110, parent=Page<pk=32, Biochemistry>, region=sidebar, ordering=1>\".'),(665,'2014-08-25 12:14:36',15,12,'32','Biochemistry',2,'Changed content for textile page content \"TextilePageContent<pk=110, parent=Page<pk=32, Biochemistry>, region=sidebar, ordering=1>\".'),(666,'2014-08-25 12:17:01',15,12,'34','Cellular and Molecular Biology',2,'Added textile page content \"TextilePageContent<pk=190, parent=Page<pk=34, Cellular and Molecular Biology>, region=sidebar, ordering=1>\".'),(667,'2014-08-25 12:21:33',15,12,'41','Pure Math',2,'Added textile page content \"TextilePageContent<pk=191, parent=Page<pk=41, Pure Math>, region=sidebar, ordering=1>\".'),(668,'2014-08-25 14:44:06',15,12,'39','Applied Math',2,'Added textile page content \"TextilePageContent<pk=192, parent=Page<pk=39, Applied Math>, region=sidebar, ordering=1>\".'),(669,'2014-08-25 14:57:38',15,12,'44','History',2,'Added textile page content \"TextilePageContent<pk=193, parent=Page<pk=44, History>, region=sidebar, ordering=1>\".'),(670,'2014-08-25 14:58:14',15,12,'44','History',2,'Changed content for textile page content \"TextilePageContent<pk=193, parent=Page<pk=44, History>, region=sidebar, ordering=1>\".'),(671,'2014-08-25 15:04:05',15,12,'38','Actuarial Math',2,'Added textile page content \"TextilePageContent<pk=194, parent=Page<pk=38, Actuarial Math>, region=main, ordering=2>\".'),(672,'2014-08-25 15:09:10',15,12,'40','Computer Analysis',2,'Added textile page content \"TextilePageContent<pk=195, parent=Page<pk=40, Computer Analysis>, region=sidebar, ordering=1>\".'),(673,'2014-08-25 15:10:31',15,12,'40','Computer Analysis',2,'Changed content for textile page content \"TextilePageContent<pk=195, parent=Page<pk=40, Computer Analysis>, region=sidebar, ordering=1>\".'),(674,'2014-08-25 16:17:19',15,12,'45','International Studies',2,'Added textile page content \"TextilePageContent<pk=196, parent=Page<pk=45, International Studies>, region=sidebar, ordering=1>\".'),(675,'2014-08-25 16:17:34',15,12,'45','International Studies',2,'Added textile page content \"TextilePageContent<pk=197, parent=Page<pk=45, International Studies>, region=main, ordering=2>\". Changed content for textile page content \"TextilePageContent<pk=142, parent=Page<pk=45, International Studies>, region=main, ordering=1>\".'),(676,'2014-08-25 16:20:36',15,12,'37','Pre-Engineering',2,'Added textile page content \"TextilePageContent<pk=198, parent=Page<pk=37, Pre-Engineering>, region=sidebar, ordering=1>\".'),(677,'2014-08-25 16:21:24',15,12,'36','Pre-Health',2,'Added textile page content \"TextilePageContent<pk=199, parent=Page<pk=36, Pre-Health>, region=sidebar, ordering=1>\".'),(678,'2014-08-25 16:22:15',15,12,'36','Pre-Health',2,'Changed content for textile page content \"TextilePageContent<pk=199, parent=Page<pk=36, Pre-Health>, region=sidebar, ordering=1>\".'),(679,'2014-08-25 16:23:37',15,12,'36','Pre-Health',2,'Added textile page content \"TextilePageContent<pk=200, parent=Page<pk=36, Pre-Health>, region=main, ordering=2>\". Changed content for textile page content \"TextilePageContent<pk=148, parent=Page<pk=36, Pre-Health>, region=main, ordering=1>\".'),(680,'2014-08-25 16:25:35',15,12,'46','Philosophy',2,'Changed content for textile page content \"TextilePageContent<pk=153, parent=Page<pk=46, Philosophy>, region=sidebar, ordering=1>\".'),(681,'2014-08-26 11:29:12',16,12,'16','Accounting',2,'Changed region and ordering for textile page content \"TextilePageContent<pk=41, parent=Page<pk=16, Accounting>, region=row1, ordering=0>\". Changed region and ordering for textile page content \"TextilePageContent<pk=42, parent=Page<pk=16, Accounting>, region=row1, ordering=1>\".'),(682,'2014-08-26 11:34:29',16,12,'16','Accounting',2,'Changed region and ordering for textile page content \"TextilePageContent<pk=42, parent=Page<pk=16, Accounting>, region=sidebar, ordering=2>\".'),(683,'2014-08-26 11:34:56',16,12,'16','Accounting',2,'Changed region and ordering for textile page content \"TextilePageContent<pk=42, parent=Page<pk=16, Accounting>, region=row1, ordering=1>\".'),(684,'2014-08-26 11:36:19',16,12,'16','Accounting',2,'Changed region and ordering for textile page content \"TextilePageContent<pk=172, parent=Page<pk=16, Accounting>, region=row2, ordering=1>\". Changed region and ordering for textile page content \"TextilePageContent<pk=184, parent=Page<pk=16, Accounting>, region=row2, ordering=0>\".'),(685,'2014-08-26 13:04:29',16,12,'11','Service Learning',2,'Changed content for textile page content \"TextilePageContent<pk=29, parent=Page<pk=11, Service Learning>, region=main, ordering=1>\".'),(686,'2014-08-26 13:06:13',16,12,'11','Service Learning',2,'Changed content for textile page content \"TextilePageContent<pk=29, parent=Page<pk=11, Service Learning>, region=main, ordering=1>\".'),(687,'2014-08-26 13:06:47',16,9,'2','Testimonials',1,''),(688,'2014-08-26 13:07:08',16,10,'41','michelle_perez_jamaica_isip.jpg',1,''),(689,'2014-08-26 13:07:16',16,10,'42','lauren_luckie_bc_isip.jpg',1,''),(690,'2014-08-26 13:07:23',16,10,'43','elizabeth_fahey_dr_isip.jpg',1,''),(691,'2014-08-26 13:07:30',16,10,'44','ananya_mahajan_isip_jamaica.jpg',1,''),(692,'2014-08-26 13:43:38',16,12,'11','Service Learning',2,'Changed content for textile page content \"TextilePageContent<pk=29, parent=Page<pk=11, Service Learning>, region=main, ordering=1>\".'),(693,'2014-08-26 13:47:02',16,12,'11','Service Learning',2,'Changed content for textile page content \"TextilePageContent<pk=29, parent=Page<pk=11, Service Learning>, region=main, ordering=1>\".'),(694,'2014-08-26 13:48:02',16,12,'11','Service Learning',2,'Changed content for textile page content \"TextilePageContent<pk=29, parent=Page<pk=11, Service Learning>, region=main, ordering=1>\".'),(695,'2014-08-26 14:03:29',16,12,'11','Service Learning',2,'Changed content for textile page content \"TextilePageContent<pk=29, parent=Page<pk=11, Service Learning>, region=main, ordering=1>\".'),(696,'2014-08-26 14:03:47',16,12,'11','Service Learning',2,'Changed content for textile page content \"TextilePageContent<pk=29, parent=Page<pk=11, Service Learning>, region=main, ordering=1>\".'),(697,'2014-08-26 14:07:22',16,12,'11','Service Learning',2,'Changed content for textile page content \"TextilePageContent<pk=29, parent=Page<pk=11, Service Learning>, region=main, ordering=1>\".'),(698,'2014-08-26 14:07:43',16,12,'11','Service Learning',2,'Changed content for textile page content \"TextilePageContent<pk=29, parent=Page<pk=11, Service Learning>, region=main, ordering=1>\".'),(699,'2014-08-26 14:08:39',16,12,'11','Service Learning',2,'Changed content for textile page content \"TextilePageContent<pk=29, parent=Page<pk=11, Service Learning>, region=main, ordering=1>\".'),(700,'2014-08-26 14:09:58',16,12,'11','Service Learning',2,'Changed content for textile page content \"TextilePageContent<pk=29, parent=Page<pk=11, Service Learning>, region=main, ordering=1>\".'),(701,'2014-08-26 14:10:35',16,12,'11','Service Learning',2,'Changed content for textile page content \"TextilePageContent<pk=29, parent=Page<pk=11, Service Learning>, region=main, ordering=1>\".'),(702,'2014-08-26 14:12:46',16,12,'11','Service Learning',2,'Changed content for textile page content \"TextilePageContent<pk=29, parent=Page<pk=11, Service Learning>, region=main, ordering=1>\".'),(703,'2014-08-26 14:30:17',15,12,'29','Hispanic Studies',2,'Changed content for textile page content \"TextilePageContent<pk=100, parent=Page<pk=29, Hispanic Studies>, region=sidebar, ordering=0>\". Changed ordering for textile page content \"TextilePageContent<pk=177, parent=Page<pk=29, Hispanic Studies>, region=main, ordering=2>\".'),(704,'2014-08-26 14:52:20',16,24,'1','Academic Info Request Form',2,'Changed response and email_message.'),(705,'2014-08-26 14:52:35',16,24,'1','Academic Info Request Form',2,'Changed response.'),(706,'2014-08-26 14:52:48',16,24,'1','Academic Info Request Form',2,'Changed response.'),(707,'2014-08-26 14:53:11',16,24,'1','Academic Info Request Form',2,'Changed response.'),(708,'2014-08-26 14:53:22',16,24,'1','Academic Info Request Form',2,'Changed response.'),(709,'2014-08-26 15:19:34',16,12,'28','General Studies',2,'Changed region and ordering for textile page content \"TextilePageContent<pk=188, parent=Page<pk=28, General Studies>, region=row1, ordering=0>\".'),(710,'2014-08-26 15:19:47',16,12,'28','General Studies',2,'Changed content for textile page content \"TextilePageContent<pk=188, parent=Page<pk=28, General Studies>, region=row1, ordering=0>\".'),(711,'2014-08-26 15:24:00',16,12,'28','General Studies',2,'Changed content for textile page content \"TextilePageContent<pk=188, parent=Page<pk=28, General Studies>, region=row1, ordering=0>\".'),(712,'2014-08-26 15:39:33',16,12,'28','General Studies',2,'Changed region and ordering for textile page content \"TextilePageContent<pk=176, parent=Page<pk=28, General Studies>, region=row1, ordering=1>\".'),(713,'2014-08-26 15:42:00',16,12,'28','General Studies',2,'Changed content for textile page content \"TextilePageContent<pk=176, parent=Page<pk=28, General Studies>, region=row1, ordering=1>\".'),(714,'2014-08-26 15:42:11',16,12,'28','General Studies',2,'Changed content for textile page content \"TextilePageContent<pk=176, parent=Page<pk=28, General Studies>, region=row1, ordering=1>\".'),(715,'2014-08-26 15:42:22',16,12,'28','General Studies',2,'Changed content for textile page content \"TextilePageContent<pk=176, parent=Page<pk=28, General Studies>, region=row1, ordering=1>\".'),(716,'2014-08-26 15:43:34',16,12,'28','General Studies',2,'Changed content for textile page content \"TextilePageContent<pk=176, parent=Page<pk=28, General Studies>, region=row1, ordering=1>\".'),(717,'2014-08-26 15:44:05',16,12,'28','General Studies',2,'Changed content for textile page content \"TextilePageContent<pk=176, parent=Page<pk=28, General Studies>, region=row1, ordering=1>\".'),(718,'2014-08-26 15:44:24',16,12,'28','General Studies',2,'Changed content for textile page content \"TextilePageContent<pk=176, parent=Page<pk=28, General Studies>, region=row1, ordering=1>\".'),(719,'2014-08-26 15:44:53',16,12,'28','General Studies',2,'Changed content for textile page content \"TextilePageContent<pk=176, parent=Page<pk=28, General Studies>, region=row1, ordering=1>\".'),(720,'2014-08-26 15:56:11',16,12,'3','Studio Art',2,'Changed content for textile page content \"TextilePageContent<pk=33, parent=Page<pk=3, Studio Art>, region=sidebar, ordering=0>\".'),(721,'2014-08-26 15:56:41',16,12,'4','Psychology',2,'Changed content for textile page content \"TextilePageContent<pk=31, parent=Page<pk=4, Psychology>, region=sidebar, ordering=0>\". Changed ordering for textile page content \"TextilePageContent<pk=7, parent=Page<pk=4, Psychology>, region=main, ordering=1>\". Changed ordering for textile page content \"TextilePageContent<pk=8, parent=Page<pk=4, Psychology>, region=main, ordering=2>\". Changed ordering for textile page content \"TextilePageContent<pk=9, parent=Page<pk=4, Psychology>, region=main, ordering=3>\". Changed ordering for textile page content \"TextilePageContent<pk=10, parent=Page<pk=4, Psychology>, region=main, ordering=4>\".'),(722,'2014-08-26 15:56:54',16,12,'5','Chemistry',2,'Changed content for textile page content \"TextilePageContent<pk=37, parent=Page<pk=5, Chemistry>, region=sidebar, ordering=0>\".'),(723,'2014-08-26 15:57:11',16,12,'16','Accounting',2,'Changed content for textile page content \"TextilePageContent<pk=172, parent=Page<pk=16, Accounting>, region=row2, ordering=1>\".'),(724,'2014-08-26 15:57:30',16,12,'17','Financial Economics',2,'Changed content for textile page content \"TextilePageContent<pk=171, parent=Page<pk=17, Financial Economics>, region=sidebar, ordering=0>\".'),(725,'2014-08-26 15:57:42',16,12,'53','International Business',2,'Changed content for textile page content \"TextilePageContent<pk=56, parent=Page<pk=53, International Business>, region=sidebar, ordering=0>\".'),(726,'2014-08-26 15:57:59',16,12,'19','Management Marketing',2,'Changed content for textile page content \"TextilePageContent<pk=60, parent=Page<pk=19, Management Marketing>, region=sidebar, ordering=0>\".'),(727,'2014-08-26 15:58:13',16,12,'20','Computer Information Systems',2,'Changed content for textile page content \"TextilePageContent<pk=63, parent=Page<pk=20, Computer Information Systems>, region=sidebar, ordering=0>\".'),(728,'2014-08-26 15:58:24',16,12,'21','Art Business',2,'Changed content for textile page content \"TextilePageContent<pk=67, parent=Page<pk=21, Art Business>, region=sidebar, ordering=0>\".'),(729,'2014-08-26 15:58:35',16,12,'22','Theater',2,'Changed content for textile page content \"TextilePageContent<pk=69, parent=Page<pk=22, Theater>, region=sidebar, ordering=0>\".'),(730,'2014-08-26 15:59:37',16,12,'23','Graphic Design',2,'Changed content for textile page content \"TextilePageContent<pk=78, parent=Page<pk=23, Graphic Design>, region=sidebar, ordering=0>\".'),(731,'2014-08-26 15:59:51',16,12,'24','Digital Video Production',2,'Changed content for textile page content \"TextilePageContent<pk=83, parent=Page<pk=24, Digital Video Production>, region=sidebar, ordering=0>\".'),(732,'2014-08-26 16:00:05',16,12,'25','Journalism',2,'Changed content for textile page content \"TextilePageContent<pk=87, parent=Page<pk=25, Journalism>, region=sidebar, ordering=0>\".'),(733,'2014-08-26 16:00:18',16,12,'26','Public Relations Advertising',2,'Changed content for textile page content \"TextilePageContent<pk=92, parent=Page<pk=26, Public Relations Advertising>, region=sidebar, ordering=0>\".'),(734,'2014-08-26 16:00:31',16,12,'27','English',2,'Changed content for textile page content \"TextilePageContent<pk=96, parent=Page<pk=27, English>, region=sidebar, ordering=0>\".'),(735,'2014-08-26 16:00:51',16,12,'29','Hispanic Studies',2,'Changed content for textile page content \"TextilePageContent<pk=100, parent=Page<pk=29, Hispanic Studies>, region=sidebar, ordering=0>\".'),(736,'2014-08-26 16:01:16',16,12,'30','Interdisciplinary Humanities',2,'Changed content for textile page content \"TextilePageContent<pk=103, parent=Page<pk=30, Interdisciplinary Humanities>, region=sidebar, ordering=0>\".'),(737,'2014-08-26 16:01:51',16,12,'30','Interdisciplinary Humanities',2,'No fields changed.'),(738,'2014-08-26 16:02:07',16,12,'31','Writing',2,'Changed content for textile page content \"TextilePageContent<pk=106, parent=Page<pk=31, Writing>, region=sidebar, ordering=0>\".'),(739,'2014-08-26 16:03:51',16,12,'52','Theology',2,'Changed content for textile page content \"TextilePageContent<pk=169, parent=Page<pk=52, Theology>, region=sidebar, ordering=0>\".'),(740,'2014-08-26 16:04:02',16,12,'32','Biochemistry',2,'Changed content for textile page content \"TextilePageContent<pk=109, parent=Page<pk=32, Biochemistry>, region=sidebar, ordering=0>\".'),(741,'2014-08-26 16:04:08',16,12,'34','Cellular and Molecular Biology',2,'Changed content for textile page content \"TextilePageContent<pk=114, parent=Page<pk=34, Cellular and Molecular Biology>, region=sidebar, ordering=0>\".'),(742,'2014-08-26 16:04:12',16,12,'34','Cellular and Molecular Biology',2,'No fields changed.'),(743,'2014-08-26 16:04:17',16,12,'34','Cellular and Molecular Biology',2,'No fields changed.'),(744,'2014-08-26 16:04:23',16,12,'35','Organismal and Marine Biology',2,'Changed content for textile page content \"TextilePageContent<pk=117, parent=Page<pk=35, Organismal and Marine Biology>, region=sidebar, ordering=0>\".'),(745,'2014-08-26 16:04:28',16,12,'41','Pure Math',2,'Changed content for textile page content \"TextilePageContent<pk=120, parent=Page<pk=41, Pure Math>, region=sidebar, ordering=0>\".'),(746,'2014-08-26 16:04:34',16,12,'42','Nursing',2,'Changed content for textile page content \"TextilePageContent<pk=123, parent=Page<pk=42, Nursing>, region=sidebar, ordering=0>\".'),(747,'2014-08-26 16:04:39',16,12,'43','Criminology',2,'Changed content for textile page content \"TextilePageContent<pk=127, parent=Page<pk=43, Criminology>, region=sidebar, ordering=0>\".'),(748,'2014-08-26 16:04:45',16,12,'44','History',2,'Changed content for textile page content \"TextilePageContent<pk=131, parent=Page<pk=44, History>, region=sidebar, ordering=0>\".'),(749,'2014-08-26 16:04:50',16,12,'47','Political Science',2,'Changed content for textile page content \"TextilePageContent<pk=135, parent=Page<pk=47, Political Science>, region=sidebar, ordering=0>\".'),(750,'2014-08-26 16:04:55',16,12,'38','Actuarial Math',2,'Changed content for textile page content \"TextilePageContent<pk=137, parent=Page<pk=38, Actuarial Math>, region=sidebar, ordering=0>\".'),(751,'2014-08-26 16:04:59',16,12,'40','Computer Analysis',2,'Changed content for textile page content \"TextilePageContent<pk=141, parent=Page<pk=40, Computer Analysis>, region=sidebar, ordering=0>\".'),(752,'2014-08-26 16:05:05',16,12,'45','International Studies',2,'Changed content for textile page content \"TextilePageContent<pk=143, parent=Page<pk=45, International Studies>, region=sidebar, ordering=0>\".'),(753,'2014-08-26 16:05:10',16,12,'37','Pre-Engineering',2,'Changed content for textile page content \"TextilePageContent<pk=146, parent=Page<pk=37, Pre-Engineering>, region=sidebar, ordering=0>\".'),(754,'2014-08-26 16:05:14',16,12,'36','Pre-Health',2,'Changed content for textile page content \"TextilePageContent<pk=149, parent=Page<pk=36, Pre-Health>, region=sidebar, ordering=0>\".'),(755,'2014-08-26 16:05:19',16,12,'39','Applied Math',2,'Changed content for textile page content \"TextilePageContent<pk=155, parent=Page<pk=39, Applied Math>, region=sidebar, ordering=0>\".'),(756,'2014-08-26 16:05:25',16,12,'46','Philosophy',2,'Changed content for textile page content \"TextilePageContent<pk=152, parent=Page<pk=46, Philosophy>, region=sidebar, ordering=0>\".'),(757,'2014-08-26 16:05:29',16,12,'49','Social Science',2,'Changed content for textile page content \"TextilePageContent<pk=157, parent=Page<pk=49, Social Science>, region=sidebar, ordering=0>\".'),(758,'2014-08-26 16:05:34',16,12,'50','Sociology',2,'Changed content for textile page content \"TextilePageContent<pk=165, parent=Page<pk=50, Sociology>, region=sidebar, ordering=0>\".'),(759,'2014-08-26 16:05:39',16,12,'51','Teacher Education',2,'Changed content for textile page content \"TextilePageContent<pk=160, parent=Page<pk=51, Teacher Education>, region=sidebar, ordering=0>\".'),(760,'2014-08-26 16:23:39',15,12,'22','Theater',2,'Added raw content \"RawContent<pk=1, parent=Page<pk=22, Theater>, region=row1, ordering=0>\". Added raw content \"RawContent<pk=2, parent=Page<pk=22, Theater>, region=row1, ordering=1>\".'),(761,'2014-08-26 16:24:16',15,12,'22','Theater',2,'Deleted textile page content \"TextilePageContent<pk=None, parent=Page<pk=22, Theater>, region=sidebar, ordering=1>\". Changed text for raw content \"RawContent<pk=2, parent=Page<pk=22, Theater>, region=row1, ordering=1>\".'),(762,'2014-08-26 16:24:36',15,12,'22','Theater',2,'Added raw content \"RawContent<pk=3, parent=Page<pk=22, Theater>, region=row2, ordering=0>\".'),(763,'2014-08-26 16:25:14',15,12,'22','Theater',2,'No fields changed.'),(764,'2014-08-26 16:25:28',15,12,'22','Theater',2,'Deleted textile page content \"TextilePageContent<pk=None, parent=Page<pk=22, Theater>, region=sidebar, ordering=0>\".'),(765,'2014-08-26 16:36:01',15,12,'22','Theater',2,'Deleted textile page content \"TextilePageContent<pk=None, parent=Page<pk=22, Theater>, region=main, ordering=2>\".'),(766,'2014-08-26 16:39:00',16,12,'22','Theater',2,'No fields changed.'),(767,'2014-08-26 16:41:04',15,12,'23','Graphic Design',2,'Changed content for textile page content \"TextilePageContent<pk=80, parent=Page<pk=23, Graphic Design>, region=sidebar, ordering=1>\".'),(768,'2014-08-26 16:43:31',15,12,'23','Graphic Design',2,'Changed content for textile page content \"TextilePageContent<pk=80, parent=Page<pk=23, Graphic Design>, region=sidebar, ordering=1>\".'),(769,'2014-08-26 16:43:33',16,12,'22','Theater',2,'Added textile page content \"TextilePageContent<pk=201, parent=Page<pk=22, Theater>, region=row1, ordering=1>\". Added textile page content \"TextilePageContent<pk=202, parent=Page<pk=22, Theater>, region=row1, ordering=3>\". Deleted raw content \"RawContent<pk=None, parent=Page<pk=22, Theater>, region=row1, ordering=0>\". Deleted raw content \"RawContent<pk=None, parent=Page<pk=22, Theater>, region=row1, ordering=2>\".'),(770,'2014-08-26 16:43:52',16,12,'22','Theater',2,'Added textile page content \"TextilePageContent<pk=203, parent=Page<pk=22, Theater>, region=row2, ordering=1>\". Changed ordering for textile page content \"TextilePageContent<pk=201, parent=Page<pk=22, Theater>, region=row1, ordering=0>\". Changed ordering for textile page content \"TextilePageContent<pk=202, parent=Page<pk=22, Theater>, region=row1, ordering=1>\". Deleted raw content \"RawContent<pk=None, parent=Page<pk=22, Theater>, region=row2, ordering=0>\".'),(771,'2014-08-26 16:54:22',16,10,'45','This-is-Bologna-web_1.jpg',1,''),(772,'2014-08-26 16:55:28',16,12,'1','Undergraduate Academics',2,'Changed content for textile page content \"TextilePageContent<pk=2, parent=Page<pk=1, Undergraduate Academics>, region=main, ordering=2>\".'),(773,'2014-08-26 16:58:09',16,12,'1','Undergraduate Academics',2,'No fields changed.'),(774,'2014-08-26 17:00:34',16,12,'1','Undergraduate Academics',2,'Changed content for textile page content \"TextilePageContent<pk=2, parent=Page<pk=1, Undergraduate Academics>, region=main, ordering=2>\".'),(775,'2014-08-26 17:01:26',16,12,'1','Undergraduate Academics',2,'Changed content for textile page content \"TextilePageContent<pk=2, parent=Page<pk=1, Undergraduate Academics>, region=main, ordering=2>\".'),(776,'2014-08-26 17:02:26',16,12,'1','Undergraduate Academics',2,'Changed content for textile page content \"TextilePageContent<pk=2, parent=Page<pk=1, Undergraduate Academics>, region=main, ordering=2>\".'),(777,'2014-08-26 17:03:50',16,10,'45','This-is-Bologna-web_1.jpg',3,''),(778,'2014-08-26 17:04:01',16,10,'46','This-is-Bologna-web_1.jpg',1,''),(779,'2014-08-26 17:06:22',16,12,'8','Italy Center and Study Abroad',2,'Changed content for textile page content \"TextilePageContent<pk=19, parent=Page<pk=8, Italy Center and Study Abroad>, region=main, ordering=1>\".'),(780,'2014-08-26 17:06:57',16,12,'9','LEAP Program',2,'Changed content for textile page content \"TextilePageContent<pk=22, parent=Page<pk=9, LEAP Program>, region=main, ordering=1>\".'),(781,'2014-08-26 17:07:11',16,12,'9','LEAP Program',2,'Changed content for textile page content \"TextilePageContent<pk=22, parent=Page<pk=9, LEAP Program>, region=main, ordering=1>\".'),(782,'2014-08-26 17:07:46',16,12,'9','LEAP Program',2,'Changed content for textile page content \"TextilePageContent<pk=22, parent=Page<pk=9, LEAP Program>, region=main, ordering=1>\".'),(783,'2014-08-26 17:10:40',16,12,'9','LEAP Program',2,'Changed content for textile page content \"TextilePageContent<pk=22, parent=Page<pk=9, LEAP Program>, region=main, ordering=1>\".'),(784,'2014-08-27 08:36:30',15,12,'3','Studio Art',2,'Added textile page content \"TextilePageContent<pk=204, parent=Page<pk=3, Studio Art>, region=row1, ordering=0>\". Changed content for textile page content \"TextilePageContent<pk=34, parent=Page<pk=3, Studio Art>, region=sidebar, ordering=1>\".'),(785,'2014-08-27 08:37:27',15,12,'3','Studio Art',2,'Added textile page content \"TextilePageContent<pk=205, parent=Page<pk=3, Studio Art>, region=row1, ordering=1>\". Added textile page content \"TextilePageContent<pk=206, parent=Page<pk=3, Studio Art>, region=row2, ordering=0>\". Deleted textile page content \"TextilePageContent<pk=None, parent=Page<pk=3, Studio Art>, region=sidebar, ordering=1>\".'),(786,'2014-08-27 08:37:57',15,12,'3','Studio Art',2,'Added textile page content \"TextilePageContent<pk=207, parent=Page<pk=3, Studio Art>, region=row2, ordering=0>\". Changed ordering for textile page content \"TextilePageContent<pk=206, parent=Page<pk=3, Studio Art>, region=row2, ordering=1>\". Deleted textile page content \"TextilePageContent<pk=None, parent=Page<pk=3, Studio Art>, region=sidebar, ordering=0>\".'),(787,'2014-08-27 08:40:08',15,12,'3','Studio Art',2,'Added textile page content \"TextilePageContent<pk=208, parent=Page<pk=3, Studio Art>, region=main, ordering=4>\". Deleted textile page content \"TextilePageContent<pk=None, parent=Page<pk=3, Studio Art>, region=main, ordering=1>\". Deleted textile page content \"TextilePageContent<pk=None, parent=Page<pk=3, Studio Art>, region=main, ordering=2>\". Deleted textile page content \"TextilePageContent<pk=None, parent=Page<pk=3, Studio Art>, region=main, ordering=3>\".'),(788,'2014-08-27 08:51:51',16,12,'9','LEAP Program',2,'Changed content for textile page content \"TextilePageContent<pk=22, parent=Page<pk=9, LEAP Program>, region=main, ordering=1>\".'),(789,'2014-08-27 09:35:31',16,12,'9','LEAP Program',2,'Changed content for textile page content \"TextilePageContent<pk=21, parent=Page<pk=9, LEAP Program>, region=main, ordering=0>\". Deleted textile page content \"TextilePageContent<pk=None, parent=Page<pk=9, LEAP Program>, region=main, ordering=1>\".'),(790,'2014-08-27 09:37:31',16,12,'9','LEAP Program',2,'Added textile page content \"TextilePageContent<pk=209, parent=Page<pk=9, LEAP Program>, region=main, ordering=1>\".'),(791,'2014-08-27 09:38:16',16,12,'9','LEAP Program',2,'Changed content for textile page content \"TextilePageContent<pk=209, parent=Page<pk=9, LEAP Program>, region=main, ordering=1>\".'),(792,'2014-08-27 09:38:41',16,12,'9','LEAP Program',2,'Changed content for textile page content \"TextilePageContent<pk=209, parent=Page<pk=9, LEAP Program>, region=main, ordering=1>\".'),(793,'2014-08-27 09:38:57',16,12,'9','LEAP Program',2,'Changed content for textile page content \"TextilePageContent<pk=209, parent=Page<pk=9, LEAP Program>, region=main, ordering=1>\".'),(794,'2014-08-27 09:39:18',16,12,'9','LEAP Program',2,'Changed content for textile page content \"TextilePageContent<pk=209, parent=Page<pk=9, LEAP Program>, region=main, ordering=1>\".'),(795,'2014-08-27 09:41:20',16,10,'47','LEAPicon.png',1,''),(796,'2014-08-27 09:42:44',16,12,'9','LEAP Program',2,'Changed content for textile page content \"TextilePageContent<pk=21, parent=Page<pk=9, LEAP Program>, region=main, ordering=0>\".'),(797,'2014-08-27 09:42:57',16,12,'9','LEAP Program',2,'Changed content for textile page content \"TextilePageContent<pk=21, parent=Page<pk=9, LEAP Program>, region=main, ordering=0>\".'),(798,'2014-08-27 09:43:09',16,12,'9','LEAP Program',2,'Changed content for textile page content \"TextilePageContent<pk=21, parent=Page<pk=9, LEAP Program>, region=main, ordering=0>\".'),(799,'2014-08-27 09:43:31',16,12,'9','LEAP Program',2,'Changed content for textile page content \"TextilePageContent<pk=21, parent=Page<pk=9, LEAP Program>, region=main, ordering=0>\".'),(800,'2014-08-27 10:19:49',15,12,'4','Psychology',2,'Added textile page content \"TextilePageContent<pk=210, parent=Page<pk=4, Psychology>, region=row1, ordering=0>\".'),(801,'2014-08-27 10:20:41',15,12,'4','Psychology',2,'Added textile page content \"TextilePageContent<pk=211, parent=Page<pk=4, Psychology>, region=row1, ordering=0>\". Added textile page content \"TextilePageContent<pk=212, parent=Page<pk=4, Psychology>, region=row1, ordering=1>\". Changed content for textile page content \"TextilePageContent<pk=7, parent=Page<pk=4, Psychology>, region=main, ordering=1>\".'),(802,'2014-08-27 10:21:05',15,12,'4','Psychology',2,'Added textile page content \"TextilePageContent<pk=213, parent=Page<pk=4, Psychology>, region=row2, ordering=0>\". Changed ordering for textile page content \"TextilePageContent<pk=211, parent=Page<pk=4, Psychology>, region=row1, ordering=1>\". Changed ordering for textile page content \"TextilePageContent<pk=212, parent=Page<pk=4, Psychology>, region=row1, ordering=2>\".'),(803,'2014-08-27 10:21:20',15,12,'4','Psychology',2,'Added textile page content \"TextilePageContent<pk=214, parent=Page<pk=4, Psychology>, region=row2, ordering=1>\".'),(804,'2014-08-27 10:21:46',15,12,'4','Psychology',2,'Deleted textile page content \"TextilePageContent<pk=None, parent=Page<pk=4, Psychology>, region=sidebar, ordering=0>\". Deleted textile page content \"TextilePageContent<pk=None, parent=Page<pk=4, Psychology>, region=sidebar, ordering=1>\". Deleted textile page content \"TextilePageContent<pk=None, parent=Page<pk=4, Psychology>, region=main, ordering=3>\". Deleted textile page content \"TextilePageContent<pk=None, parent=Page<pk=4, Psychology>, region=main, ordering=4>\".'),(805,'2014-08-27 10:22:32',15,12,'4','Psychology',2,'Deleted textile page content \"TextilePageContent<pk=None, parent=Page<pk=4, Psychology>, region=row1, ordering=0>\".'),(806,'2014-08-27 10:54:41',15,12,'5','Chemistry',2,'Added textile page content \"TextilePageContent<pk=215, parent=Page<pk=5, Chemistry>, region=row1, ordering=0>\".'),(807,'2014-08-27 10:55:03',15,12,'5','Chemistry',2,'Added textile page content \"TextilePageContent<pk=216, parent=Page<pk=5, Chemistry>, region=row1, ordering=1>\".'),(808,'2014-08-27 10:55:39',15,12,'5','Chemistry',2,'Added textile page content \"TextilePageContent<pk=217, parent=Page<pk=5, Chemistry>, region=row2, ordering=0>\". Added textile page content \"TextilePageContent<pk=218, parent=Page<pk=5, Chemistry>, region=row2, ordering=1>\".'),(809,'2014-08-27 10:56:00',15,12,'5','Chemistry',2,'Deleted textile page content \"TextilePageContent<pk=None, parent=Page<pk=5, Chemistry>, region=sidebar, ordering=0>\". Deleted textile page content \"TextilePageContent<pk=None, parent=Page<pk=5, Chemistry>, region=sidebar, ordering=1>\". Deleted textile page content \"TextilePageContent<pk=None, parent=Page<pk=5, Chemistry>, region=main, ordering=3>\". Deleted textile page content \"TextilePageContent<pk=None, parent=Page<pk=5, Chemistry>, region=main, ordering=4>\".'),(810,'2014-08-27 10:57:21',15,12,'17','Financial Economics',2,'Added textile page content \"TextilePageContent<pk=219, parent=Page<pk=17, Financial Economics>, region=row1, ordering=0>\". Added textile page content \"TextilePageContent<pk=220, parent=Page<pk=17, Financial Economics>, region=row1, ordering=1>\". Changed content for textile page content \"TextilePageContent<pk=45, parent=Page<pk=17, Financial Economics>, region=main, ordering=1>\". Changed content for textile page content \"TextilePageContent<pk=185, parent=Page<pk=17, Financial Economics>, region=sidebar, ordering=1>\".'),(811,'2014-08-27 10:58:02',15,12,'17','Financial Economics',2,'Added textile page content \"TextilePageContent<pk=221, parent=Page<pk=17, Financial Economics>, region=row2, ordering=0>\". Added textile page content \"TextilePageContent<pk=222, parent=Page<pk=17, Financial Economics>, region=row2, ordering=1>\".'),(812,'2014-08-27 10:58:14',15,12,'17','Financial Economics',2,'Deleted textile page content \"TextilePageContent<pk=None, parent=Page<pk=17, Financial Economics>, region=main, ordering=2>\". Deleted textile page content \"TextilePageContent<pk=None, parent=Page<pk=17, Financial Economics>, region=main, ordering=3>\".'),(813,'2014-08-27 10:58:23',15,12,'17','Financial Economics',2,'Deleted textile page content \"TextilePageContent<pk=None, parent=Page<pk=17, Financial Economics>, region=sidebar, ordering=0>\". Deleted textile page content \"TextilePageContent<pk=None, parent=Page<pk=17, Financial Economics>, region=sidebar, ordering=1>\".'),(814,'2014-08-27 10:59:07',15,12,'53','International Business',2,'Added textile page content \"TextilePageContent<pk=223, parent=Page<pk=53, International Business>, region=row1, ordering=0>\".'),(815,'2014-08-27 10:59:25',15,12,'53','International Business',2,'Added textile page content \"TextilePageContent<pk=224, parent=Page<pk=53, International Business>, region=row1, ordering=1>\". Deleted textile page content \"TextilePageContent<pk=None, parent=Page<pk=53, International Business>, region=main, ordering=2>\".'),(816,'2014-08-27 10:59:42',15,12,'53','International Business',2,'Added textile page content \"TextilePageContent<pk=225, parent=Page<pk=53, International Business>, region=row2, ordering=0>\". Deleted textile page content \"TextilePageContent<pk=None, parent=Page<pk=53, International Business>, region=sidebar, ordering=1>\".'),(817,'2014-08-27 10:59:46',15,12,'53','International Business',2,'No fields changed.'),(818,'2014-08-27 11:00:45',15,12,'19','Management Marketing',2,'Added textile page content \"TextilePageContent<pk=226, parent=Page<pk=19, Management Marketing>, region=row1, ordering=0>\".'),(819,'2014-08-27 11:01:03',15,12,'19','Management Marketing',2,'Added textile page content \"TextilePageContent<pk=227, parent=Page<pk=19, Management Marketing>, region=row1, ordering=1>\".'),(820,'2014-08-27 11:01:21',15,12,'19','Management Marketing',2,'Added textile page content \"TextilePageContent<pk=228, parent=Page<pk=19, Management Marketing>, region=row2, ordering=0>\". Deleted textile page content \"TextilePageContent<pk=None, parent=Page<pk=19, Management Marketing>, region=sidebar, ordering=0>\". Deleted textile page content \"TextilePageContent<pk=None, parent=Page<pk=19, Management Marketing>, region=sidebar, ordering=1>\".'),(821,'2014-08-27 11:01:30',15,12,'19','Management Marketing',2,'Deleted textile page content \"TextilePageContent<pk=None, parent=Page<pk=19, Management Marketing>, region=main, ordering=2>\".'),(822,'2014-08-27 11:02:37',15,12,'20','Computer Information Systems',2,'Added textile page content \"TextilePageContent<pk=229, parent=Page<pk=20, Computer Information Systems>, region=row1, ordering=0>\". Added textile page content \"TextilePageContent<pk=230, parent=Page<pk=20, Computer Information Systems>, region=row1, ordering=1>\". Deleted textile page content \"TextilePageContent<pk=None, parent=Page<pk=20, Computer Information Systems>, region=main, ordering=2>\".'),(823,'2014-08-27 11:02:52',15,12,'20','Computer Information Systems',2,'Added textile page content \"TextilePageContent<pk=231, parent=Page<pk=20, Computer Information Systems>, region=row2, ordering=0>\".'),(824,'2014-08-27 11:02:54',15,12,'20','Computer Information Systems',2,'No fields changed.'),(825,'2014-08-27 11:15:38',16,12,'20','Computer Information Systems',2,'Deleted textile page content \"TextilePageContent<pk=None, parent=Page<pk=20, Computer Information Systems>, region=sidebar, ordering=0>\".'),(826,'2014-08-27 11:16:12',16,12,'20','Computer Information Systems',2,'Changed ordering for textile page content \"TextilePageContent<pk=64, parent=Page<pk=20, Computer Information Systems>, region=sidebar, ordering=0>\".'),(827,'2014-08-27 11:19:29',16,12,'20','Computer Information Systems',2,'Deleted textile page content \"TextilePageContent<pk=None, parent=Page<pk=20, Computer Information Systems>, region=sidebar, ordering=0>\".'),(828,'2014-08-27 11:21:19',16,12,'20','Computer Information Systems',2,'Changed content for textile page content \"TextilePageContent<pk=231, parent=Page<pk=20, Computer Information Systems>, region=row2, ordering=0>\".'),(829,'2014-08-27 12:46:52',15,27,'118','Chrissy Baynham \'09',1,''),(830,'2014-08-27 12:47:31',15,27,'119','Chrissy Baynham \'09',1,''),(831,'2014-08-27 12:47:34',15,12,'49','Social Science',2,'Changed testimonials.'),(832,'2014-08-27 12:50:14',15,27,'120','Mary Catherine McKinley \'15',1,''),(833,'2014-08-27 12:51:18',15,27,'121','Mary Catherine McKinley \'15',1,''),(834,'2014-08-27 12:51:23',15,12,'40','Computer Analysis',2,'Changed testimonials.'),(835,'2014-08-27 12:53:34',15,27,'122','Mark Brink \'13',1,''),(836,'2014-08-27 12:54:30',15,27,'123','Mark Brink \'13',1,''),(837,'2014-08-27 12:54:35',15,12,'49','Social Science',2,'Changed testimonials.'),(838,'2014-08-27 12:58:29',15,12,'49','Social Science',2,'Added textile page content \"TextilePageContent<pk=232, parent=Page<pk=49, Social Science>, region=row1, ordering=0>\". Added textile page content \"TextilePageContent<pk=233, parent=Page<pk=49, Social Science>, region=row1, ordering=1>\".'),(839,'2014-08-27 12:58:45',15,12,'49','Social Science',2,'Added textile page content \"TextilePageContent<pk=234, parent=Page<pk=49, Social Science>, region=row2, ordering=0>\". Deleted textile page content \"TextilePageContent<pk=None, parent=Page<pk=49, Social Science>, region=sidebar, ordering=0>\".'),(840,'2014-08-27 12:58:50',15,12,'49','Social Science',2,'No fields changed.'),(841,'2014-08-27 13:00:17',15,12,'21','Art Business',2,'Added textile page content \"TextilePageContent<pk=235, parent=Page<pk=21, Art Business>, region=row1, ordering=0>\". Added textile page content \"TextilePageContent<pk=236, parent=Page<pk=21, Art Business>, region=row2, ordering=0>\". Deleted textile page content \"TextilePageContent<pk=None, parent=Page<pk=21, Art Business>, region=sidebar, ordering=0>\". Deleted textile page content \"TextilePageContent<pk=None, parent=Page<pk=21, Art Business>, region=sidebar, ordering=1>\".'),(842,'2014-08-27 13:01:24',15,12,'23','Graphic Design',2,'Added textile page content \"TextilePageContent<pk=237, parent=Page<pk=23, Graphic Design>, region=row1, ordering=0>\". Deleted textile page content \"TextilePageContent<pk=None, parent=Page<pk=23, Graphic Design>, region=sidebar, ordering=1>\".'),(843,'2014-08-27 13:01:55',15,12,'23','Graphic Design',2,'Added textile page content \"TextilePageContent<pk=238, parent=Page<pk=23, Graphic Design>, region=row1, ordering=1>\". Deleted textile page content \"TextilePageContent<pk=None, parent=Page<pk=23, Graphic Design>, region=main, ordering=2>\".'),(844,'2014-08-27 13:02:10',15,12,'23','Graphic Design',2,'Added textile page content \"TextilePageContent<pk=239, parent=Page<pk=23, Graphic Design>, region=row2, ordering=0>\". Changed ordering for textile page content \"TextilePageContent<pk=73, parent=Page<pk=23, Graphic Design>, region=main, ordering=2>\". Deleted textile page content \"TextilePageContent<pk=None, parent=Page<pk=23, Graphic Design>, region=sidebar, ordering=0>\".'),(845,'2014-08-27 13:02:31',15,12,'23','Graphic Design',2,'Added textile page content \"TextilePageContent<pk=240, parent=Page<pk=23, Graphic Design>, region=row2, ordering=0>\". Changed ordering for textile page content \"TextilePageContent<pk=239, parent=Page<pk=23, Graphic Design>, region=row2, ordering=1>\". Deleted textile page content \"TextilePageContent<pk=None, parent=Page<pk=23, Graphic Design>, region=main, ordering=2>\".'),(846,'2014-08-27 13:03:37',15,12,'24','Digital Video Production',2,'Added textile page content \"TextilePageContent<pk=241, parent=Page<pk=24, Digital Video Production>, region=row1, ordering=0>\". Added textile page content \"TextilePageContent<pk=242, parent=Page<pk=24, Digital Video Production>, region=row1, ordering=1>\". Added textile page content \"TextilePageContent<pk=243, parent=Page<pk=24, Digital Video Production>, region=row1, ordering=2>\". Deleted textile page content \"TextilePageContent<pk=None, parent=Page<pk=24, Digital Video Production>, region=sidebar, ordering=1>\". Deleted textile page content \"TextilePageContent<pk=None, parent=Page<pk=24, Digital Video Production>, region=main, ordering=3>\".'),(847,'2014-08-27 13:03:52',15,12,'24','Digital Video Production',2,'Added textile page content \"TextilePageContent<pk=244, parent=Page<pk=24, Digital Video Production>, region=row2, ordering=0>\". Deleted textile page content \"TextilePageContent<pk=None, parent=Page<pk=24, Digital Video Production>, region=sidebar, ordering=0>\".'),(848,'2014-08-27 13:04:20',15,12,'24','Digital Video Production',2,'Deleted textile page content \"TextilePageContent<pk=None, parent=Page<pk=24, Digital Video Production>, region=row1, ordering=1>\".'),(849,'2014-08-27 13:05:03',15,12,'25','Journalism',2,'Added textile page content \"TextilePageContent<pk=245, parent=Page<pk=25, Journalism>, region=row1, ordering=0>\".'),(850,'2014-08-27 13:05:21',15,12,'25','Journalism',2,'Added textile page content \"TextilePageContent<pk=246, parent=Page<pk=25, Journalism>, region=row1, ordering=1>\".'),(851,'2014-08-27 13:05:37',15,12,'25','Journalism',2,'Added textile page content \"TextilePageContent<pk=247, parent=Page<pk=25, Journalism>, region=row2, ordering=0>\". Deleted textile page content \"TextilePageContent<pk=None, parent=Page<pk=25, Journalism>, region=sidebar, ordering=0>\". Deleted textile page content \"TextilePageContent<pk=None, parent=Page<pk=25, Journalism>, region=sidebar, ordering=1>\".'),(852,'2014-08-27 13:05:45',15,12,'25','Journalism',2,'Deleted textile page content \"TextilePageContent<pk=None, parent=Page<pk=25, Journalism>, region=main, ordering=2>\".'),(853,'2014-08-27 13:06:16',15,12,'25','Journalism',2,'Changed content for textile page content \"TextilePageContent<pk=85, parent=Page<pk=25, Journalism>, region=main, ordering=1>\".'),(854,'2014-08-27 13:06:45',15,12,'26','Public Relations Advertising',2,'Added textile page content \"TextilePageContent<pk=248, parent=Page<pk=26, Public Relations Advertising>, region=row1, ordering=0>\". Deleted textile page content \"TextilePageContent<pk=None, parent=Page<pk=26, Public Relations Advertising>, region=sidebar, ordering=1>\".'),(855,'2014-08-27 13:07:07',15,12,'26','Public Relations Advertising',2,'Added textile page content \"TextilePageContent<pk=249, parent=Page<pk=26, Public Relations Advertising>, region=row1, ordering=1>\". Deleted textile page content \"TextilePageContent<pk=None, parent=Page<pk=26, Public Relations Advertising>, region=main, ordering=2>\".'),(856,'2014-08-27 13:07:41',15,12,'26','Public Relations Advertising',2,'Added textile page content \"TextilePageContent<pk=250, parent=Page<pk=26, Public Relations Advertising>, region=row2, ordering=0>\". Added textile page content \"TextilePageContent<pk=251, parent=Page<pk=26, Public Relations Advertising>, region=row2, ordering=1>\". Deleted textile page content \"TextilePageContent<pk=None, parent=Page<pk=26, Public Relations Advertising>, region=sidebar, ordering=0>\". Deleted textile page content \"TextilePageContent<pk=None, parent=Page<pk=26, Public Relations Advertising>, region=main, ordering=2>\".'),(857,'2014-08-27 13:08:25',15,12,'27','English',2,'Added textile page content \"TextilePageContent<pk=252, parent=Page<pk=27, English>, region=row1, ordering=0>\". Deleted textile page content \"TextilePageContent<pk=None, parent=Page<pk=27, English>, region=sidebar, ordering=1>\".'),(858,'2014-08-27 13:08:41',15,12,'27','English',2,'Added textile page content \"TextilePageContent<pk=253, parent=Page<pk=27, English>, region=row1, ordering=1>\". Deleted textile page content \"TextilePageContent<pk=None, parent=Page<pk=27, English>, region=main, ordering=2>\".'),(859,'2014-08-27 13:08:52',15,12,'27','English',2,'Added textile page content \"TextilePageContent<pk=254, parent=Page<pk=27, English>, region=row2, ordering=0>\". Deleted textile page content \"TextilePageContent<pk=None, parent=Page<pk=27, English>, region=sidebar, ordering=0>\".'),(860,'2014-08-27 13:09:57',15,12,'27','English',2,'No fields changed.'),(861,'2014-08-27 13:29:15',15,12,'28','General Studies',2,'Added textile page content \"TextilePageContent<pk=255, parent=Page<pk=28, General Studies>, region=row2, ordering=0>\". Deleted textile page content \"TextilePageContent<pk=None, parent=Page<pk=28, General Studies>, region=row1, ordering=1>\".'),(862,'2014-08-27 13:29:43',15,12,'29','Hispanic Studies',2,'Added textile page content \"TextilePageContent<pk=256, parent=Page<pk=29, Hispanic Studies>, region=row1, ordering=0>\". Deleted textile page content \"TextilePageContent<pk=None, parent=Page<pk=29, Hispanic Studies>, region=sidebar, ordering=1>\".'),(863,'2014-08-27 13:29:59',15,12,'29','Hispanic Studies',2,'Added textile page content \"TextilePageContent<pk=257, parent=Page<pk=29, Hispanic Studies>, region=row2, ordering=0>\". Deleted textile page content \"TextilePageContent<pk=None, parent=Page<pk=29, Hispanic Studies>, region=sidebar, ordering=0>\".'),(864,'2014-08-27 13:30:30',15,12,'30','Interdisciplinary Humanities',2,'Added textile page content \"TextilePageContent<pk=258, parent=Page<pk=30, Interdisciplinary Humanities>, region=row1, ordering=0>\". Deleted textile page content \"TextilePageContent<pk=None, parent=Page<pk=30, Interdisciplinary Humanities>, region=sidebar, ordering=1>\".'),(865,'2014-08-27 13:30:44',15,12,'30','Interdisciplinary Humanities',2,'Added textile page content \"TextilePageContent<pk=259, parent=Page<pk=30, Interdisciplinary Humanities>, region=row2, ordering=0>\". Deleted textile page content \"TextilePageContent<pk=None, parent=Page<pk=30, Interdisciplinary Humanities>, region=sidebar, ordering=0>\".'),(866,'2014-08-27 13:32:33',15,12,'30','Interdisciplinary Humanities',2,'Changed content for textile page content \"TextilePageContent<pk=259, parent=Page<pk=30, Interdisciplinary Humanities>, region=row2, ordering=0>\".'),(867,'2014-08-27 13:33:43',15,12,'30','Interdisciplinary Humanities',2,'Changed content for textile page content \"TextilePageContent<pk=259, parent=Page<pk=30, Interdisciplinary Humanities>, region=row2, ordering=0>\".'),(868,'2014-08-27 13:34:57',15,12,'31','Writing',2,'Added textile page content \"TextilePageContent<pk=260, parent=Page<pk=31, Writing>, region=row1, ordering=0>\". Deleted textile page content \"TextilePageContent<pk=None, parent=Page<pk=31, Writing>, region=sidebar, ordering=1>\".'),(869,'2014-08-27 13:35:16',15,12,'31','Writing',2,'Added textile page content \"TextilePageContent<pk=261, parent=Page<pk=31, Writing>, region=row2, ordering=0>\". Deleted textile page content \"TextilePageContent<pk=None, parent=Page<pk=31, Writing>, region=sidebar, ordering=0>\".'),(870,'2014-08-27 13:36:03',15,12,'31','Writing',2,'Added textile page content \"TextilePageContent<pk=262, parent=Page<pk=31, Writing>, region=row1, ordering=1>\". Deleted textile page content \"TextilePageContent<pk=None, parent=Page<pk=31, Writing>, region=main, ordering=2>\".'),(871,'2014-08-27 13:41:31',15,12,'31','Writing',2,'No fields changed.'),(872,'2014-08-27 13:43:20',15,27,'124','Cale Finta \'13',1,''),(873,'2014-08-27 13:46:56',15,27,'125','Tiffany Thomas \'15',1,''),(874,'2014-08-27 13:50:17',15,12,'31','Writing',2,'Changed testimonials.'),(875,'2014-08-27 13:53:08',15,27,'126','Whitney Webre',1,''),(876,'2014-08-27 13:53:10',15,12,'32','Biochemistry',2,'Changed testimonials.'),(877,'2014-08-27 13:53:35',15,12,'32','Biochemistry',2,'Added textile page content \"TextilePageContent<pk=263, parent=Page<pk=32, Biochemistry>, region=row1, ordering=0>\". Deleted textile page content \"TextilePageContent<pk=None, parent=Page<pk=32, Biochemistry>, region=sidebar, ordering=1>\".'),(878,'2014-08-27 13:53:54',15,12,'32','Biochemistry',2,'Added textile page content \"TextilePageContent<pk=264, parent=Page<pk=32, Biochemistry>, region=row1, ordering=1>\". Deleted textile page content \"TextilePageContent<pk=None, parent=Page<pk=32, Biochemistry>, region=main, ordering=2>\".'),(879,'2014-08-27 13:54:20',15,12,'32','Biochemistry',2,'Added textile page content \"TextilePageContent<pk=265, parent=Page<pk=32, Biochemistry>, region=row2, ordering=0>\". Deleted textile page content \"TextilePageContent<pk=None, parent=Page<pk=32, Biochemistry>, region=sidebar, ordering=0>\".'),(880,'2014-08-27 13:55:06',15,12,'34','Cellular and Molecular Biology',2,'Added textile page content \"TextilePageContent<pk=266, parent=Page<pk=34, Cellular and Molecular Biology>, region=row1, ordering=0>\". Deleted textile page content \"TextilePageContent<pk=None, parent=Page<pk=34, Cellular and Molecular Biology>, region=sidebar, ordering=1>\".'),(881,'2014-08-27 13:55:26',15,12,'34','Cellular and Molecular Biology',2,'Added textile page content \"TextilePageContent<pk=267, parent=Page<pk=34, Cellular and Molecular Biology>, region=row1, ordering=1>\". Deleted textile page content \"TextilePageContent<pk=None, parent=Page<pk=34, Cellular and Molecular Biology>, region=main, ordering=2>\".'),(882,'2014-08-27 13:55:48',15,12,'34','Cellular and Molecular Biology',2,'Added textile page content \"TextilePageContent<pk=268, parent=Page<pk=34, Cellular and Molecular Biology>, region=row2, ordering=0>\". Changed ordering for textile page content \"TextilePageContent<pk=113, parent=Page<pk=34, Cellular and Molecular Biology>, region=main, ordering=2>\".'),(883,'2014-08-27 13:58:40',15,12,'30','Interdisciplinary Humanities',2,'Added textile page content \"TextilePageContent<pk=269, parent=Page<pk=30, Interdisciplinary Humanities>, region=row1, ordering=1>\". Deleted textile page content \"TextilePageContent<pk=None, parent=Page<pk=30, Interdisciplinary Humanities>, region=row2, ordering=0>\".'),(884,'2014-08-27 14:03:18',15,12,'35','Organismal and Marine Biology',2,'Added textile page content \"TextilePageContent<pk=270, parent=Page<pk=35, Organismal and Marine Biology>, region=row1, ordering=0>\". Deleted textile page content \"TextilePageContent<pk=None, parent=Page<pk=35, Organismal and Marine Biology>, region=sidebar, ordering=1>\".'),(885,'2014-08-27 14:03:38',15,12,'35','Organismal and Marine Biology',2,'Added textile page content \"TextilePageContent<pk=271, parent=Page<pk=35, Organismal and Marine Biology>, region=row1, ordering=1>\". Deleted textile page content \"TextilePageContent<pk=None, parent=Page<pk=35, Organismal and Marine Biology>, region=main, ordering=2>\".'),(886,'2014-08-27 14:04:06',15,12,'35','Organismal and Marine Biology',2,'Added textile page content \"TextilePageContent<pk=272, parent=Page<pk=35, Organismal and Marine Biology>, region=row2, ordering=1>\". Added textile page content \"TextilePageContent<pk=273, parent=Page<pk=35, Organismal and Marine Biology>, region=row2, ordering=0>\". Deleted textile page content \"TextilePageContent<pk=None, parent=Page<pk=35, Organismal and Marine Biology>, region=sidebar, ordering=0>\". Deleted textile page content \"TextilePageContent<pk=None, parent=Page<pk=35, Organismal and Marine Biology>, region=main, ordering=2>\".'),(887,'2014-08-27 14:05:15',15,12,'41','Pure Math',2,'Changed testimonials. Added textile page content \"TextilePageContent<pk=274, parent=Page<pk=41, Pure Math>, region=row1, ordering=0>\". Added textile page content \"TextilePageContent<pk=275, parent=Page<pk=41, Pure Math>, region=row1, ordering=1>\". Deleted textile page content \"TextilePageContent<pk=None, parent=Page<pk=41, Pure Math>, region=sidebar, ordering=0>\". Deleted textile page content \"TextilePageContent<pk=None, parent=Page<pk=41, Pure Math>, region=sidebar, ordering=1>\".'),(888,'2014-08-27 14:06:07',15,12,'42','Nursing',2,'Added textile page content \"TextilePageContent<pk=276, parent=Page<pk=42, Nursing>, region=row1, ordering=0>\". Added textile page content \"TextilePageContent<pk=277, parent=Page<pk=42, Nursing>, region=row1, ordering=1>\". Deleted textile page content \"TextilePageContent<pk=None, parent=Page<pk=42, Nursing>, region=sidebar, ordering=1>\". Deleted textile page content \"TextilePageContent<pk=None, parent=Page<pk=42, Nursing>, region=main, ordering=2>\".'),(889,'2014-08-27 14:07:26',15,12,'42','Nursing',2,'Added textile page content \"TextilePageContent<pk=278, parent=Page<pk=42, Nursing>, region=row2, ordering=0>\". Deleted textile page content \"TextilePageContent<pk=None, parent=Page<pk=42, Nursing>, region=sidebar, ordering=0>\". Deleted textile page content \"TextilePageContent<pk=None, parent=Page<pk=42, Nursing>, region=main, ordering=2>\".'),(890,'2014-08-27 14:07:34',15,12,'42','Nursing',2,'Added textile page content \"TextilePageContent<pk=279, parent=Page<pk=42, Nursing>, region=row2, ordering=0>\". Changed ordering for textile page content \"TextilePageContent<pk=278, parent=Page<pk=42, Nursing>, region=row2, ordering=1>\".'),(891,'2014-08-27 14:19:51',16,12,'6','The Jesuit Advantage',2,'Changed ordering for textile page content \"TextilePageContent<pk=13, parent=Page<pk=6, The Jesuit Advantage>, region=main, ordering=1>\". Changed ordering for textile page content \"TextilePageContent<pk=14, parent=Page<pk=6, The Jesuit Advantage>, region=main, ordering=2>\". Changed ordering for textile page content \"TextilePageContent<pk=15, parent=Page<pk=6, The Jesuit Advantage>, region=main, ordering=3>\". Added media file \"MediaFileContent<pk=42, parent=Page<pk=6, The Jesuit Advantage>, region=main, ordering=0>\".'),(892,'2014-08-27 14:21:14',16,10,'52','Jesuit advantage2',3,''),(893,'2014-08-27 14:21:14',16,10,'50','ItalyCenter-StudyAbroad2',3,''),(894,'2014-08-27 14:21:49',16,10,'55','servicelearning.jpg',2,'Deleted media file translation \"ServiceLearning\".'),(895,'2014-08-27 14:21:55',16,10,'54','leapprogram1.jpg',2,'Deleted media file translation \"LeapProgram1\".'),(896,'2014-08-27 14:21:59',16,10,'53','jesuitadvantage2.jpg',2,'Deleted media file translation \"JesuitAdvantage2\".'),(897,'2014-08-27 14:22:05',16,10,'51','italycenter.jpg',2,'Deleted media file translation \"ItalyCenter\".'),(898,'2014-08-27 14:22:10',16,10,'49','honors-program.jpg',2,'Deleted media file translation \"Honors Program\".'),(899,'2014-08-27 14:22:15',16,10,'48','corecurriculum1.jpg',2,'Deleted media file translation \"CoreCurriculum1\".'),(900,'2014-08-27 14:22:43',16,10,'56','Jesuit_advantage2.jpg',1,''),(901,'2014-08-27 14:22:55',16,10,'57','ItalyCenter-StudyAbroad2.jpg',1,''),(902,'2014-08-27 14:23:27',16,12,'7','Core Curriculum',2,'Changed ordering for textile page content \"TextilePageContent<pk=16, parent=Page<pk=7, Core Curriculum>, region=main, ordering=1>\". Changed ordering for textile page content \"TextilePageContent<pk=17, parent=Page<pk=7, Core Curriculum>, region=main, ordering=2>\". Added media file \"MediaFileContent<pk=43, parent=Page<pk=7, Core Curriculum>, region=main, ordering=0>\".'),(903,'2014-08-27 14:24:06',16,12,'8','Italy Center and Study Abroad',2,'Changed ordering for textile page content \"TextilePageContent<pk=18, parent=Page<pk=8, Italy Center and Study Abroad>, region=main, ordering=1>\". Changed ordering for textile page content \"TextilePageContent<pk=19, parent=Page<pk=8, Italy Center and Study Abroad>, region=main, ordering=2>\". Changed ordering for textile page content \"TextilePageContent<pk=20, parent=Page<pk=8, Italy Center and Study Abroad>, region=main, ordering=4>\". Added media file \"MediaFileContent<pk=44, parent=Page<pk=8, Italy Center and Study Abroad>, region=main, ordering=0>\". Added media file \"MediaFileContent<pk=45, parent=Page<pk=8, Italy Center and Study Abroad>, region=main, ordering=3>\".'),(904,'2014-08-27 14:24:34',16,12,'8','Italy Center and Study Abroad',2,'Added textile page content \"TextilePageContent<pk=280, parent=Page<pk=8, Italy Center and Study Abroad>, region=main, ordering=3>\". Changed content and ordering for textile page content \"TextilePageContent<pk=20, parent=Page<pk=8, Italy Center and Study Abroad>, region=main, ordering=5>\". Changed ordering for media file \"MediaFileContent<pk=45, parent=Page<pk=8, Italy Center and Study Abroad>, region=main, ordering=4>\".'),(905,'2014-08-27 14:25:07',16,12,'9','LEAP Program',2,'Changed ordering for textile page content \"TextilePageContent<pk=21, parent=Page<pk=9, LEAP Program>, region=main, ordering=1>\". Changed ordering for textile page content \"TextilePageContent<pk=209, parent=Page<pk=9, LEAP Program>, region=main, ordering=2>\". Added media file \"MediaFileContent<pk=46, parent=Page<pk=9, LEAP Program>, region=main, ordering=0>\".'),(906,'2014-08-27 14:25:25',16,12,'9','LEAP Program',2,'No fields changed.'),(907,'2014-08-27 14:25:46',16,12,'10','The Honors Program',2,'Changed ordering for textile page content \"TextilePageContent<pk=24, parent=Page<pk=10, The Honors Program>, region=main, ordering=1>\". Changed ordering for textile page content \"TextilePageContent<pk=25, parent=Page<pk=10, The Honors Program>, region=main, ordering=2>\". Changed ordering for textile page content \"TextilePageContent<pk=26, parent=Page<pk=10, The Honors Program>, region=main, ordering=3>\". Changed ordering for textile page content \"TextilePageContent<pk=27, parent=Page<pk=10, The Honors Program>, region=main, ordering=4>\". Added media file \"MediaFileContent<pk=47, parent=Page<pk=10, The Honors Program>, region=main, ordering=0>\".'),(908,'2014-08-27 14:27:42',16,10,'51','italycenter.jpg',3,''),(909,'2014-08-27 14:28:52',16,10,'58','ItalyCenter5.jpg',1,''),(910,'2014-08-27 14:29:00',16,10,'59','ItalyCenter.jpg',1,''),(911,'2014-08-27 14:29:54',16,12,'8','Italy Center and Study Abroad',2,'Changed content for textile page content \"TextilePageContent<pk=19, parent=Page<pk=8, Italy Center and Study Abroad>, region=main, ordering=2>\". Added media file \"MediaFileContent<pk=48, parent=Page<pk=8, Italy Center and Study Abroad>, region=main, ordering=0>\".'),(912,'2014-08-27 14:30:44',16,12,'8','Italy Center and Study Abroad',2,'Added textile page content \"TextilePageContent<pk=281, parent=Page<pk=8, Italy Center and Study Abroad>, region=main, ordering=2>\". Changed content and ordering for textile page content \"TextilePageContent<pk=19, parent=Page<pk=8, Italy Center and Study Abroad>, region=main, ordering=4>\". Changed ordering for textile page content \"TextilePageContent<pk=280, parent=Page<pk=8, Italy Center and Study Abroad>, region=main, ordering=5>\". Changed ordering for textile page content \"TextilePageContent<pk=20, parent=Page<pk=8, Italy Center and Study Abroad>, region=main, ordering=7>\". Added media file \"MediaFileContent<pk=49, parent=Page<pk=8, Italy Center and Study Abroad>, region=main, ordering=3>\". Changed ordering for media file \"MediaFileContent<pk=45, parent=Page<pk=8, Italy Center and Study Abroad>, region=main, ordering=6>\".'),(913,'2014-08-27 14:31:41',16,12,'11','Service Learning',2,'Changed ordering for textile page content \"TextilePageContent<pk=28, parent=Page<pk=11, Service Learning>, region=main, ordering=1>\". Changed ordering for textile page content \"TextilePageContent<pk=29, parent=Page<pk=11, Service Learning>, region=main, ordering=2>\". Added media file \"MediaFileContent<pk=50, parent=Page<pk=11, Service Learning>, region=main, ordering=0>\".'),(914,'2014-08-27 14:33:16',16,10,'60','LEAPprogram.jpg',1,''),(915,'2014-08-27 14:33:40',16,12,'9','LEAP Program',2,'Changed mediafile for media file \"MediaFileContent<pk=46, parent=Page<pk=9, LEAP Program>, region=main, ordering=0>\".'),(916,'2014-08-27 14:34:05',16,12,'1','Undergraduate Academics',2,'Changed mediafile for media file \"MediaFileContent<pk=1, parent=Page<pk=1, Undergraduate Academics>, region=main, ordering=0>\".'),(917,'2014-08-27 14:46:19',15,12,'43','Criminology',2,'Added textile page content \"TextilePageContent<pk=282, parent=Page<pk=43, Criminology>, region=row1, ordering=0>\". Added textile page content \"TextilePageContent<pk=283, parent=Page<pk=43, Criminology>, region=row1, ordering=1>\". Deleted textile page content \"TextilePageContent<pk=None, parent=Page<pk=43, Criminology>, region=sidebar, ordering=0>\". Deleted textile page content \"TextilePageContent<pk=None, parent=Page<pk=43, Criminology>, region=sidebar, ordering=1>\".'),(918,'2014-08-27 14:47:11',15,12,'44','History',2,'Added textile page content \"TextilePageContent<pk=284, parent=Page<pk=44, History>, region=row1, ordering=0>\". Added textile page content \"TextilePageContent<pk=285, parent=Page<pk=44, History>, region=row1, ordering=1>\". Deleted textile page content \"TextilePageContent<pk=None, parent=Page<pk=44, History>, region=sidebar, ordering=0>\". Deleted textile page content \"TextilePageContent<pk=None, parent=Page<pk=44, History>, region=sidebar, ordering=1>\".'),(919,'2014-08-27 14:47:45',15,12,'47','Political Science',2,'Added textile page content \"TextilePageContent<pk=286, parent=Page<pk=47, Political Science>, region=row1, ordering=0>\". Deleted textile page content \"TextilePageContent<pk=None, parent=Page<pk=47, Political Science>, region=sidebar, ordering=1>\".'),(920,'2014-08-27 14:48:01',15,12,'47','Political Science',2,'Added textile page content \"TextilePageContent<pk=287, parent=Page<pk=47, Political Science>, region=row1, ordering=1>\". Deleted textile page content \"TextilePageContent<pk=None, parent=Page<pk=47, Political Science>, region=main, ordering=2>\".'),(921,'2014-08-27 14:48:14',15,12,'47','Political Science',2,'Added textile page content \"TextilePageContent<pk=288, parent=Page<pk=47, Political Science>, region=row2, ordering=0>\". Deleted textile page content \"TextilePageContent<pk=None, parent=Page<pk=47, Political Science>, region=sidebar, ordering=0>\".'),(922,'2014-08-27 14:49:04',15,12,'38','Actuarial Math',2,'Changed testimonials. Added textile page content \"TextilePageContent<pk=289, parent=Page<pk=38, Actuarial Math>, region=row1, ordering=0>\". Deleted textile page content \"TextilePageContent<pk=None, parent=Page<pk=38, Actuarial Math>, region=sidebar, ordering=1>\".'),(923,'2014-08-27 14:49:19',15,12,'38','Actuarial Math',2,'Added textile page content \"TextilePageContent<pk=290, parent=Page<pk=38, Actuarial Math>, region=row1, ordering=1>\". Deleted textile page content \"TextilePageContent<pk=None, parent=Page<pk=38, Actuarial Math>, region=sidebar, ordering=0>\".'),(924,'2014-08-27 14:50:12',15,12,'40','Computer Analysis',2,'Added textile page content \"TextilePageContent<pk=291, parent=Page<pk=40, Computer Analysis>, region=row1, ordering=0>\". Added textile page content \"TextilePageContent<pk=292, parent=Page<pk=40, Computer Analysis>, region=row1, ordering=1>\". Deleted textile page content \"TextilePageContent<pk=None, parent=Page<pk=40, Computer Analysis>, region=sidebar, ordering=1>\".'),(925,'2014-08-27 14:50:52',15,12,'45','International Studies',2,'Added textile page content \"TextilePageContent<pk=293, parent=Page<pk=45, International Studies>, region=row1, ordering=0>\". Deleted textile page content \"TextilePageContent<pk=None, parent=Page<pk=45, International Studies>, region=sidebar, ordering=1>\".'),(926,'2014-08-27 14:51:07',15,12,'45','International Studies',2,'Added textile page content \"TextilePageContent<pk=294, parent=Page<pk=45, International Studies>, region=row1, ordering=1>\". Deleted textile page content \"TextilePageContent<pk=None, parent=Page<pk=45, International Studies>, region=sidebar, ordering=0>\".'),(927,'2014-08-27 14:52:53',15,12,'38','Actuarial Math',2,'Changed content for textile page content \"TextilePageContent<pk=289, parent=Page<pk=38, Actuarial Math>, region=row1, ordering=0>\".'),(928,'2014-08-27 14:54:35',15,12,'37','Pre-Engineering',2,'Changed region for textile page content \"TextilePageContent<pk=146, parent=Page<pk=37, Pre-Engineering>, region=row2, ordering=0>\". Changed region and ordering for textile page content \"TextilePageContent<pk=198, parent=Page<pk=37, Pre-Engineering>, region=row1, ordering=0>\". Changed region and ordering for textile page content \"TextilePageContent<pk=147, parent=Page<pk=37, Pre-Engineering>, region=row1, ordering=1>\".'),(929,'2014-08-27 15:13:57',15,12,'36','Pre-Health',2,'Added textile page content \"TextilePageContent<pk=295, parent=Page<pk=36, Pre-Health>, region=row1, ordering=1>\". Changed content, region and ordering for textile page content \"TextilePageContent<pk=200, parent=Page<pk=36, Pre-Health>, region=row1, ordering=0>\".'),(930,'2014-08-27 15:14:57',15,12,'39','Applied Math',2,'Changed testimonials. Changed region and ordering for textile page content \"TextilePageContent<pk=155, parent=Page<pk=39, Applied Math>, region=row1, ordering=1>\". Changed region and ordering for textile page content \"TextilePageContent<pk=192, parent=Page<pk=39, Applied Math>, region=row1, ordering=0>\".'),(931,'2014-08-27 15:18:44',15,12,'40','Computer Analysis',2,'Changed content for textile page content \"TextilePageContent<pk=291, parent=Page<pk=40, Computer Analysis>, region=row1, ordering=0>\".'),(932,'2014-08-27 15:26:20',15,12,'46','Philosophy',2,'Changed region for textile page content \"TextilePageContent<pk=152, parent=Page<pk=46, Philosophy>, region=row2, ordering=0>\". Changed region and ordering for textile page content \"TextilePageContent<pk=153, parent=Page<pk=46, Philosophy>, region=row1, ordering=0>\". Changed content for textile page content \"TextilePageContent<pk=151, parent=Page<pk=46, Philosophy>, region=main, ordering=2>\".'),(933,'2014-08-27 15:26:31',15,12,'46','Philosophy',2,'Changed region and ordering for textile page content \"TextilePageContent<pk=151, parent=Page<pk=46, Philosophy>, region=row1, ordering=1>\".'),(934,'2014-08-27 15:27:04',15,12,'49','Social Science',2,'Changed content for textile page content \"TextilePageContent<pk=156, parent=Page<pk=49, Social Science>, region=main, ordering=1>\".'),(935,'2014-08-27 15:28:08',15,12,'50','Sociology',2,'Changed region and ordering for textile page content \"TextilePageContent<pk=165, parent=Page<pk=50, Sociology>, region=row2, ordering=1>\". Changed region and ordering for textile page content \"TextilePageContent<pk=166, parent=Page<pk=50, Sociology>, region=row1, ordering=0>\". Changed region and ordering for textile page content \"TextilePageContent<pk=163, parent=Page<pk=50, Sociology>, region=row1, ordering=1>\". Changed region and ordering for textile page content \"TextilePageContent<pk=164, parent=Page<pk=50, Sociology>, region=row2, ordering=0>\".'),(936,'2014-08-27 15:30:14',15,12,'51','Teacher Education',2,'Added textile page content \"TextilePageContent<pk=296, parent=Page<pk=51, Teacher Education>, region=row2, ordering=0>\". Changed region and ordering for textile page content \"TextilePageContent<pk=161, parent=Page<pk=51, Teacher Education>, region=row1, ordering=0>\". Changed region and ordering for textile page content \"TextilePageContent<pk=159, parent=Page<pk=51, Teacher Education>, region=row1, ordering=1>\".'),(937,'2014-08-27 15:30:24',15,12,'51','Teacher Education',2,'Changed region and ordering for textile page content \"TextilePageContent<pk=160, parent=Page<pk=51, Teacher Education>, region=row2, ordering=1>\".'),(938,'2014-08-27 15:31:09',15,12,'52','Theology',2,'Changed region for textile page content \"TextilePageContent<pk=169, parent=Page<pk=52, Theology>, region=row2, ordering=0>\". Changed region and ordering for textile page content \"TextilePageContent<pk=170, parent=Page<pk=52, Theology>, region=row1, ordering=0>\". Changed region and ordering for textile page content \"TextilePageContent<pk=168, parent=Page<pk=52, Theology>, region=row1, ordering=1>\".'),(939,'2014-08-27 16:10:44',15,12,'10','The Honors Program',2,'Changed content for textile page content \"TextilePageContent<pk=24, parent=Page<pk=10, The Honors Program>, region=main, ordering=1>\". Changed content for textile page content \"TextilePageContent<pk=25, parent=Page<pk=10, The Honors Program>, region=main, ordering=2>\". Changed content for textile page content \"TextilePageContent<pk=26, parent=Page<pk=10, The Honors Program>, region=main, ordering=3>\". Changed content for textile page content \"TextilePageContent<pk=27, parent=Page<pk=10, The Honors Program>, region=main, ordering=4>\".'),(940,'2014-08-27 16:14:43',15,12,'10','The Honors Program',2,'Changed content for textile page content \"TextilePageContent<pk=25, parent=Page<pk=10, The Honors Program>, region=main, ordering=2>\". Changed content for textile page content \"TextilePageContent<pk=26, parent=Page<pk=10, The Honors Program>, region=main, ordering=3>\".'),(941,'2014-08-27 16:17:56',15,12,'7','Core Curriculum',2,'Changed content for textile page content \"TextilePageContent<pk=16, parent=Page<pk=7, Core Curriculum>, region=main, ordering=1>\". Changed content for textile page content \"TextilePageContent<pk=17, parent=Page<pk=7, Core Curriculum>, region=main, ordering=2>\".'),(942,'2014-08-27 16:22:53',15,12,'8','Italy Center and Study Abroad',2,'Changed content for textile page content \"TextilePageContent<pk=18, parent=Page<pk=8, Italy Center and Study Abroad>, region=main, ordering=1>\". Changed content for textile page content \"TextilePageContent<pk=19, parent=Page<pk=8, Italy Center and Study Abroad>, region=main, ordering=4>\". Changed content for textile page content \"TextilePageContent<pk=20, parent=Page<pk=8, Italy Center and Study Abroad>, region=main, ordering=7>\".'),(943,'2014-08-27 16:23:54',15,12,'8','Italy Center and Study Abroad',2,'Changed content for textile page content \"TextilePageContent<pk=19, parent=Page<pk=8, Italy Center and Study Abroad>, region=main, ordering=4>\". Changed content for textile page content \"TextilePageContent<pk=20, parent=Page<pk=8, Italy Center and Study Abroad>, region=main, ordering=7>\".'),(944,'2014-08-27 16:28:23',15,12,'6','The Jesuit Advantage',2,'Changed content for textile page content \"TextilePageContent<pk=13, parent=Page<pk=6, The Jesuit Advantage>, region=main, ordering=1>\". Changed content for textile page content \"TextilePageContent<pk=14, parent=Page<pk=6, The Jesuit Advantage>, region=main, ordering=2>\". Changed content for textile page content \"TextilePageContent<pk=15, parent=Page<pk=6, The Jesuit Advantage>, region=main, ordering=3>\".'),(945,'2014-08-27 16:28:49',15,12,'6','The Jesuit Advantage',2,'No fields changed.'),(946,'2014-08-27 16:30:29',15,12,'6','The Jesuit Advantage',2,'Changed content for textile page content \"TextilePageContent<pk=15, parent=Page<pk=6, The Jesuit Advantage>, region=main, ordering=3>\".'),(947,'2014-08-27 16:32:52',15,12,'2','Undergraduate Majors & Minors',2,'Changed content for textile page content \"TextilePageContent<pk=5, parent=Page<pk=2, Undergraduate Majors & Minors>, region=main, ordering=0>\".'),(948,'2014-08-27 16:48:29',15,12,'29','Hispanic Studies',2,'Changed region and ordering for textile page content \"TextilePageContent<pk=257, parent=Page<pk=29, Hispanic Studies>, region=row1, ordering=1>\".'),(949,'2014-08-27 17:14:27',15,12,'5','Chemistry',2,'Changed testimonials.'),(950,'2014-08-27 17:14:54',15,12,'5','Chemistry',2,'Changed testimonials.'),(951,'2014-08-28 09:13:02',15,12,'41','Pure Math',2,'Changed content for textile page content \"TextilePageContent<pk=274, parent=Page<pk=41, Pure Math>, region=row1, ordering=0>\".'),(952,'2014-08-28 09:15:43',15,12,'38','Actuarial Math',2,'Changed content for textile page content \"TextilePageContent<pk=289, parent=Page<pk=38, Actuarial Math>, region=row1, ordering=0>\".'),(953,'2014-08-28 09:17:05',15,12,'40','Computer Analysis',2,'Changed content for textile page content \"TextilePageContent<pk=291, parent=Page<pk=40, Computer Analysis>, region=row1, ordering=0>\".'),(954,'2014-08-28 09:17:41',16,12,'29','Hispanic Studies',2,'Changed content for textile page content \"TextilePageContent<pk=256, parent=Page<pk=29, Hispanic Studies>, region=row1, ordering=0>\".'),(955,'2014-08-28 09:20:48',15,12,'39','Applied Math',2,'Changed content for textile page content \"TextilePageContent<pk=192, parent=Page<pk=39, Applied Math>, region=row1, ordering=0>\".'),(956,'2014-08-28 09:42:26',15,27,'15','Caroline Hitt \'13',2,'Changed attribution.'),(957,'2014-08-28 09:45:47',15,27,'85','SHC Faculty',2,'Changed attribution.'),(958,'2014-08-28 09:46:01',15,27,'97','SHC Faculty',2,'Changed attribution.'),(959,'2014-08-28 09:46:18',15,27,'84','SHC Faculty',2,'Changed attribution.'),(960,'2014-08-28 09:46:49',15,27,'67','SHC Faculty - Pure Math',2,'Changed attribution.'),(961,'2014-08-28 09:47:07',15,27,'97','SHC Faculty - Applied Math',2,'Changed attribution.'),(962,'2014-08-28 09:47:23',15,27,'85','SHC Faculty - Computer Analysis',2,'Changed attribution.'),(963,'2014-08-28 09:47:59',15,27,'84','SHC Faculty - Actuarial Math',2,'Changed attribution.'),(964,'2014-08-28 09:48:02',15,27,'84','SHC Faculty - Actuarial Math',2,'No fields changed.'),(965,'2014-08-28 09:53:44',15,27,'49','Dr. George Gilmore',2,'Changed attribution.'),(966,'2014-08-28 09:56:24',15,27,'49','Dr. George Gilmore',2,'Changed content.'),(967,'2014-08-28 10:01:44',15,12,'4','Psychology',2,'Changed content for textile page content \"TextilePageContent<pk=213, parent=Page<pk=4, Psychology>, region=row2, ordering=0>\". Changed ordering for textile page content \"TextilePageContent<pk=211, parent=Page<pk=4, Psychology>, region=row1, ordering=0>\". Changed ordering for textile page content \"TextilePageContent<pk=212, parent=Page<pk=4, Psychology>, region=row1, ordering=1>\".'),(968,'2014-08-28 10:02:25',15,12,'5','Chemistry',2,'Changed content for textile page content \"TextilePageContent<pk=217, parent=Page<pk=5, Chemistry>, region=row2, ordering=0>\".'),(969,'2014-08-28 10:03:07',15,12,'16','Accounting',2,'Changed content for textile page content \"TextilePageContent<pk=184, parent=Page<pk=16, Accounting>, region=row2, ordering=0>\".'),(970,'2014-08-28 10:03:30',15,12,'16','Accounting',2,'Changed content for textile page content \"TextilePageContent<pk=184, parent=Page<pk=16, Accounting>, region=row2, ordering=0>\".'),(971,'2014-08-28 10:05:27',15,12,'17','Financial Economics',2,'Changed content for textile page content \"TextilePageContent<pk=221, parent=Page<pk=17, Financial Economics>, region=row2, ordering=0>\".'),(972,'2014-08-28 10:06:59',15,27,'127','Javier Portal \'11',1,''),(973,'2014-08-28 10:07:02',15,12,'53','International Business',2,'Changed testimonials.'),(974,'2014-08-28 10:09:21',15,12,'21','Art Business',2,'Added textile page content \"TextilePageContent<pk=297, parent=Page<pk=21, Art Business>, region=row1, ordering=1>\". Deleted textile page content \"TextilePageContent<pk=None, parent=Page<pk=21, Art Business>, region=row2, ordering=0>\".'),(975,'2014-08-28 10:09:50',15,12,'21','Art Business',2,'Changed content for textile page content \"TextilePageContent<pk=235, parent=Page<pk=21, Art Business>, region=row1, ordering=0>\".'),(976,'2014-08-28 10:10:02',16,27,'15','Caroline Hitt \'13',2,'Changed image.'),(977,'2014-08-28 10:10:38',15,12,'24','Digital Video Production',2,'Added textile page content \"TextilePageContent<pk=298, parent=Page<pk=24, Digital Video Production>, region=row2, ordering=1>\". Changed ordering for textile page content \"TextilePageContent<pk=243, parent=Page<pk=24, Digital Video Production>, region=row1, ordering=1>\". Deleted textile page content \"TextilePageContent<pk=None, parent=Page<pk=24, Digital Video Production>, region=row2, ordering=0>\".'),(978,'2014-08-28 10:11:40',15,12,'23','Graphic Design',2,'Changed content for textile page content \"TextilePageContent<pk=240, parent=Page<pk=23, Graphic Design>, region=row2, ordering=0>\".'),(979,'2014-08-28 10:13:57',15,12,'26','Public Relations Advertising',2,'No fields changed.'),(980,'2014-08-28 10:14:21',15,12,'26','Public Relations Advertising',2,'Changed content for textile page content \"TextilePageContent<pk=250, parent=Page<pk=26, Public Relations Advertising>, region=row2, ordering=0>\".'),(981,'2014-08-28 10:15:59',15,12,'28','General Studies',2,'Added textile page content \"TextilePageContent<pk=299, parent=Page<pk=28, General Studies>, region=row1, ordering=1>\". Deleted textile page content \"TextilePageContent<pk=None, parent=Page<pk=28, General Studies>, region=row2, ordering=0>\".'),(982,'2014-08-28 10:17:46',15,12,'28','General Studies',2,'Changed content for textile page content \"TextilePageContent<pk=188, parent=Page<pk=28, General Studies>, region=row1, ordering=0>\".'),(983,'2014-08-28 10:19:21',15,12,'30','Interdisciplinary Humanities',2,'Changed content for textile page content \"TextilePageContent<pk=258, parent=Page<pk=30, Interdisciplinary Humanities>, region=row1, ordering=0>\".'),(984,'2014-08-28 10:21:49',15,27,'125','Tiffany Thomas \'15',2,'Changed content.'),(985,'2014-08-28 10:22:45',15,27,'125','Tiffany Thomas \'15',2,'No fields changed.'),(986,'2014-08-28 10:22:49',15,27,'125','Tiffany Thomas \'15',2,'No fields changed.'),(987,'2014-08-28 10:24:19',15,12,'34','Cellular and Molecular Biology',2,'Deleted textile page content \"TextilePageContent<pk=None, parent=Page<pk=34, Cellular and Molecular Biology>, region=sidebar, ordering=0>\". Deleted textile page content \"TextilePageContent<pk=None, parent=Page<pk=34, Cellular and Molecular Biology>, region=main, ordering=2>\".'),(988,'2014-08-28 10:24:29',15,12,'34','Cellular and Molecular Biology',2,'Added textile page content \"TextilePageContent<pk=300, parent=Page<pk=34, Cellular and Molecular Biology>, region=row2, ordering=0>\". Changed ordering for textile page content \"TextilePageContent<pk=268, parent=Page<pk=34, Cellular and Molecular Biology>, region=row2, ordering=1>\".'),(989,'2014-08-28 10:29:56',15,12,'34','Cellular and Molecular Biology',2,'Changed content for textile page content \"TextilePageContent<pk=300, parent=Page<pk=34, Cellular and Molecular Biology>, region=row2, ordering=0>\".'),(990,'2014-08-28 10:30:17',15,12,'34','Cellular and Molecular Biology',2,'Changed content for textile page content \"TextilePageContent<pk=266, parent=Page<pk=34, Cellular and Molecular Biology>, region=row1, ordering=0>\".'),(991,'2014-08-28 10:31:29',15,12,'34','Cellular and Molecular Biology',2,'No fields changed.'),(992,'2014-08-28 10:33:07',15,12,'43','Criminology',2,'Changed content for textile page content \"TextilePageContent<pk=282, parent=Page<pk=43, Criminology>, region=row1, ordering=0>\".'),(993,'2014-08-28 10:33:57',15,12,'44','History',2,'Changed content for textile page content \"TextilePageContent<pk=284, parent=Page<pk=44, History>, region=row1, ordering=0>\".'),(994,'2014-08-28 10:36:42',15,12,'36','Pre-Health',2,'Changed content for textile page content \"TextilePageContent<pk=295, parent=Page<pk=36, Pre-Health>, region=row1, ordering=1>\". Deleted textile page content \"TextilePageContent<pk=None, parent=Page<pk=36, Pre-Health>, region=sidebar, ordering=1>\".'),(995,'2014-08-28 10:36:49',15,12,'36','Pre-Health',2,'Added textile page content \"TextilePageContent<pk=301, parent=Page<pk=36, Pre-Health>, region=row2, ordering=0>\".'),(996,'2014-08-28 10:37:24',15,12,'36','Pre-Health',2,'Deleted textile page content \"TextilePageContent<pk=None, parent=Page<pk=36, Pre-Health>, region=row1, ordering=1>\".'),(997,'2014-08-28 10:37:34',15,12,'36','Pre-Health',2,'Added textile page content \"TextilePageContent<pk=302, parent=Page<pk=36, Pre-Health>, region=row2, ordering=0>\". Changed ordering for textile page content \"TextilePageContent<pk=301, parent=Page<pk=36, Pre-Health>, region=row2, ordering=1>\".'),(998,'2014-08-28 10:39:07',15,12,'51','Teacher Education',2,'Changed content for textile page content \"TextilePageContent<pk=159, parent=Page<pk=51, Teacher Education>, region=row1, ordering=1>\".'),(999,'2014-08-28 10:39:26',15,12,'51','Teacher Education',2,'Changed content for textile page content \"TextilePageContent<pk=159, parent=Page<pk=51, Teacher Education>, region=row1, ordering=1>\".'),(1000,'2014-08-28 11:14:00',16,12,'6','The Jesuit Advantage',2,'Changed content for textile page content \"TextilePageContent<pk=15, parent=Page<pk=6, The Jesuit Advantage>, region=main, ordering=3>\".'),(1001,'2014-08-28 11:16:19',16,12,'6','The Jesuit Advantage',2,'Changed content for textile page content \"TextilePageContent<pk=15, parent=Page<pk=6, The Jesuit Advantage>, region=main, ordering=3>\".'),(1002,'2014-08-28 11:17:00',16,12,'6','The Jesuit Advantage',2,'Changed content for textile page content \"TextilePageContent<pk=15, parent=Page<pk=6, The Jesuit Advantage>, region=main, ordering=3>\".'),(1003,'2014-08-28 11:17:19',16,12,'6','The Jesuit Advantage',2,'Changed content for textile page content \"TextilePageContent<pk=15, parent=Page<pk=6, The Jesuit Advantage>, region=main, ordering=3>\".'),(1004,'2014-08-28 11:21:43',16,10,'49','honors-program.jpg',3,''),(1005,'2014-08-28 11:22:10',16,10,'61','HonorsProgram.jpg',1,''),(1006,'2014-08-28 11:22:22',16,10,'62','Honors_Program.jpg',1,''),(1007,'2014-08-28 11:22:56',16,12,'10','The Honors Program',2,'Added media file \"MediaFileContent<pk=51, parent=Page<pk=10, The Honors Program>, region=main, ordering=0>\".'),(1008,'2014-08-28 11:23:44',16,12,'10','The Honors Program',2,'Added textile page content \"TextilePageContent<pk=303, parent=Page<pk=10, The Honors Program>, region=main, ordering=5>\". Changed content for textile page content \"TextilePageContent<pk=26, parent=Page<pk=10, The Honors Program>, region=main, ordering=3>\". Changed ordering for textile page content \"TextilePageContent<pk=27, parent=Page<pk=10, The Honors Program>, region=main, ordering=6>\". Added media file \"MediaFileContent<pk=52, parent=Page<pk=10, The Honors Program>, region=main, ordering=4>\".'),(1009,'2014-08-28 11:32:24',16,12,'11','Service Learning',2,'Added textile page content \"TextilePageContent<pk=304, parent=Page<pk=11, Service Learning>, region=main, ordering=3>\". Changed content for textile page content \"TextilePageContent<pk=28, parent=Page<pk=11, Service Learning>, region=main, ordering=1>\".'),(1010,'2014-08-28 11:33:23',16,12,'11','Service Learning',2,'Changed content for textile page content \"TextilePageContent<pk=304, parent=Page<pk=11, Service Learning>, region=main, ordering=3>\".'),(1011,'2014-08-28 11:38:50',16,27,'30','Abbey Roam \'13',2,'Changed image.'),(1012,'2014-08-28 11:40:04',16,27,'42','Alyse (Granier) Quinn ’10',2,'Changed image.'),(1013,'2014-08-28 11:43:10',16,12,'26','Public Relations Advertising',2,'Changed _content_title.'),(1014,'2014-08-28 11:43:42',16,12,'26','Public Relations Advertising',2,'Changed _content_title.'),(1015,'2014-08-28 11:43:54',16,12,'26','Public Relations Advertising',2,'Changed _content_title.'),(1016,'2014-09-02 08:49:52',15,27,'127','Javier Portal \'11',2,'Changed image.'),(1017,'2014-09-02 08:50:11',15,27,'126','Whitney Webre',2,'Changed image.'),(1018,'2014-09-02 08:50:38',15,27,'125','Tiffany Thomas \'15',2,'Changed image.'),(1019,'2014-09-02 08:51:27',15,27,'123','Mark Brink \'13',2,'Changed image.'),(1020,'2014-09-02 08:51:37',15,27,'122','Mark Brink \'13',2,'Changed image.'),(1021,'2014-09-02 08:51:49',15,27,'121','Mary Catherine McKinley \'15',2,'Changed image.'),(1022,'2014-09-02 08:51:57',15,27,'120','Mary Catherine McKinley \'15',2,'Changed image.'),(1023,'2014-09-02 08:52:38',15,27,'119','Chrissy Baynham \'09',2,'Changed image.'),(1024,'2014-09-02 08:52:58',15,27,'118','Chrissy Baynham \'09',2,'Changed image.'),(1025,'2014-09-02 08:54:06',15,27,'118','Chrissy Baynham \'09',2,'No fields changed.'),(1026,'2014-09-02 09:06:04',15,27,'117','Wyatt Esteves',2,'Changed image.'),(1027,'2014-09-02 09:06:13',15,27,'116','Wyatt Esteves',2,'Changed image.'),(1028,'2014-09-02 09:13:03',15,27,'114','Nate Cunningham ‘02',2,'Changed image.'),(1029,'2014-09-02 09:13:16',15,27,'113','Ally Sloan \'14',2,'Changed image.'),(1030,'2014-09-02 09:13:26',15,27,'112','Ally Sloan \'14',2,'Changed image.'),(1031,'2014-09-02 09:15:19',15,27,'109','Madeline LeForge ‘15',2,'Changed image.'),(1032,'2014-09-02 09:16:25',15,27,'107','Meeri Kangas ’15',2,'Changed image.'),(1033,'2014-09-02 09:16:53',15,27,'106','Dr. Lori Aultman, Division Chair',2,'Changed image.'),(1034,'2014-09-02 09:17:07',15,27,'105','Dr. April Sanders',2,'Changed image.'),(1035,'2014-09-02 09:17:31',15,27,'104','Andrew Herman ’14',2,'Changed image.'),(1036,'2014-09-02 09:17:45',15,27,'103','Christopher Agee ’07',2,'Changed image.'),(1037,'2014-09-02 09:44:00',15,27,'102','Dr. Harold Dorton',2,'Changed image.'),(1038,'2014-09-02 10:10:05',15,27,'9','Grant Benoit ’12, Southern Illinois University',2,'Changed image.'),(1039,'2014-09-02 10:11:27',15,27,'8','Wanda Sullivan, Associate Professor of Fine Arts',2,'Changed image.'),(1040,'2014-09-02 10:12:13',15,12,'3','Studio Art',2,'Changed ordering for textile page content \"TextilePageContent<pk=208, parent=Page<pk=3, Studio Art>, region=main, ordering=1>\".'),(1041,'2014-09-02 10:12:35',15,27,'8','Wanda Sullivan, Associate Professor of Fine Arts',2,'Changed image.'),(1042,'2014-09-02 10:13:21',15,27,'8','Wanda Sullivan, Associate Professor of Fine Arts',2,'Changed image.'),(1043,'2014-09-02 10:13:28',15,27,'8','Wanda Sullivan, Associate Professor of Fine Arts',2,'Changed image.'),(1044,'2014-09-02 10:15:36',15,27,'96','Dr. Nate Zuckerman',2,'Changed image.'),(1045,'2014-09-02 10:17:11',1,10,'63','core-infographic.png',1,''),(1046,'2014-09-02 10:17:16',15,27,'94','Alexis Esneault ‘15',2,'Changed image.'),(1047,'2014-09-02 10:17:41',15,27,'95','Dr. Nate Zuckerman',2,'Changed image.'),(1048,'2014-09-02 10:17:53',1,12,'7','Core Curriculum',2,'Added textile page content \"TextilePageContent<pk=305, parent=Page<pk=7, Core Curriculum>, region=main, ordering=4>\". Changed content for textile page content \"TextilePageContent<pk=17, parent=Page<pk=7, Core Curriculum>, region=main, ordering=2>\". Added media file \"MediaFileContent<pk=53, parent=Page<pk=7, Core Curriculum>, region=main, ordering=3>\".'),(1049,'2014-09-02 10:19:01',15,27,'99','Jordan Truxillio ’14',2,'Changed image.'),(1050,'2014-09-02 10:19:25',15,27,'101','Olivia Jennings ‘14',2,'Changed image.'),(1051,'2014-09-02 10:19:37',15,27,'100','Olivia Jennings ‘14',2,'Changed image.'),(1052,'2014-09-02 10:20:16',15,27,'73','Dr. Harold Dorton',2,'Changed image.'),(1053,'2014-09-02 10:21:08',15,27,'99','Jordan Truxillio ’14',2,'Changed image.'),(1054,'2014-09-02 10:21:17',15,27,'101','Olivia Jennings ‘14',2,'No fields changed.'),(1055,'2014-09-02 10:21:26',15,27,'100','Olivia Jennings ‘14',2,'No fields changed.'),(1056,'2014-09-02 11:47:48',15,27,'108','Dr. Steve Wilson',2,'Changed image.'),(1057,'2014-09-02 11:48:17',15,27,'106','Dr. Lori Aultman, Division Chair',2,'Changed image.'),(1058,'2014-09-02 12:56:02',15,27,'106','Dr. Lori Aultman, Division Chair',2,'Changed image.'),(1059,'2014-09-02 12:56:20',15,27,'105','Dr. April Sanders',2,'Changed image.'),(1060,'2014-09-02 12:56:28',15,27,'105','Dr. April Sanders',2,'Changed image.'),(1061,'2014-09-02 12:56:37',15,27,'108','Dr. Steve Wilson',2,'Changed image.'),(1062,'2014-09-02 12:57:19',15,27,'104','Andrew Herman ’14',2,'Changed image.'),(1063,'2014-09-02 12:57:30',15,27,'104','Andrew Herman ’14',2,'Changed image.'),(1064,'2014-09-02 12:57:45',15,27,'102','Dr. Harold Dorton',2,'Changed image.'),(1065,'2014-09-02 12:58:02',15,27,'102','Dr. Harold Dorton',2,'Changed image.'),(1066,'2014-09-02 12:58:13',15,27,'102','Dr. Harold Dorton',2,'Changed image.'),(1067,'2014-09-02 12:58:19',15,27,'102','Dr. Harold Dorton',2,'Changed image.'),(1068,'2014-09-02 13:26:34',1,10,'64','core-inforgraphic-banner.png',1,''),(1069,'2014-09-02 13:26:55',1,12,'7','Core Curriculum',2,'Changed mediafile for media file \"MediaFileContent<pk=53, parent=Page<pk=7, Core Curriculum>, region=main, ordering=3>\".'),(1070,'2014-09-02 13:30:41',15,27,'94','Alexis Esneault ‘15',2,'Changed image.'),(1071,'2014-09-02 13:31:10',1,10,'65','core-inforgraphic-port.png',1,''),(1072,'2014-09-02 13:31:11',15,27,'94','Alexis Esneault ‘15',2,'Changed image.'),(1073,'2014-09-02 13:31:13',1,12,'7','Core Curriculum',2,'Added media file \"MediaFileContent<pk=54, parent=Page<pk=7, Core Curriculum>, region=sidebar, ordering=0>\".'),(1074,'2014-09-02 13:31:14',15,27,'94','Alexis Esneault ‘15',2,'No fields changed.'),(1075,'2014-09-02 13:31:26',1,12,'7','Core Curriculum',2,'No fields changed.'),(1076,'2014-09-02 13:31:29',15,27,'127','Javier Portal \'11',2,'Changed image.'),(1077,'2014-09-02 13:31:41',15,27,'127','Javier Portal \'11',2,'Changed image.'),(1078,'2014-09-02 13:31:49',15,27,'126','Whitney Webre',2,'Changed image.'),(1079,'2014-09-02 13:32:40',15,27,'126','Whitney Webre',2,'Changed image.'),(1080,'2014-09-02 13:32:47',1,12,'7','Core Curriculum',2,'Deleted media file \"MediaFileContent<pk=None, parent=Page<pk=7, Core Curriculum>, region=main, ordering=3>\".'),(1081,'2014-09-02 13:32:48',15,27,'125','Tiffany Thomas \'15',2,'Changed image.'),(1082,'2014-09-02 13:33:36',15,27,'125','Tiffany Thomas \'15',2,'Changed image.'),(1083,'2014-09-02 13:34:34',15,27,'123','Mark Brink \'13',2,'Changed image.'),(1084,'2014-09-02 13:34:42',15,27,'123','Mark Brink \'13',2,'Changed image.'),(1085,'2014-09-02 13:34:50',15,27,'122','Mark Brink \'13',2,'Changed image.'),(1086,'2014-09-02 13:34:59',15,27,'122','Mark Brink \'13',2,'Changed image.'),(1087,'2014-09-02 13:36:26',15,27,'121','Mary Catherine McKinley \'15',2,'Changed image.'),(1088,'2014-09-02 13:36:37',15,27,'121','Mary Catherine McKinley \'15',2,'Changed image.'),(1089,'2014-09-02 13:36:44',15,27,'120','Mary Catherine McKinley \'15',2,'No fields changed.'),(1090,'2014-09-02 13:36:48',15,27,'120','Mary Catherine McKinley \'15',2,'Changed image.'),(1091,'2014-09-02 13:36:57',15,27,'120','Mary Catherine McKinley \'15',2,'Changed image.'),(1092,'2014-09-02 13:38:40',1,12,'7','Core Curriculum',2,'Changed ordering for textile page content \"TextilePageContent<pk=305, parent=Page<pk=7, Core Curriculum>, region=main, ordering=3>\". Changed mediafile for media file \"MediaFileContent<pk=54, parent=Page<pk=7, Core Curriculum>, region=sidebar, ordering=0>\".'),(1093,'2014-09-02 13:42:07',1,12,'7','Core Curriculum',2,'No fields changed.'),(1094,'2014-09-02 13:47:33',15,27,'48','Dr. Catherine Swender',2,'Changed image.'),(1095,'2014-09-02 13:47:54',15,27,'47','Dr. Catherine Swender',2,'Changed image.'),(1096,'2014-09-02 13:48:11',15,27,'46','Dr. Catherine Swender',2,'Changed image.'),(1097,'2014-09-02 13:48:39',15,27,'40','Dr. Sharee Broussard',2,'Changed image.'),(1098,'2014-09-02 13:49:04',15,27,'38','Dr. Stuart Babington, Professor ',2,'Changed image.'),(1099,'2014-09-02 13:49:20',15,27,'37','Bob Grip, Instructor, FOX10 Anchor',2,'Changed image.'),(1100,'2014-09-02 13:49:56',15,27,'36','Eugene Ramirez ’05, WSVN TV',2,'Changed image.'),(1101,'2014-09-02 13:50:18',15,27,'35','Emily Hill \'14',2,'Changed image.'),(1102,'2014-09-02 13:53:43',15,27,'30','Abbey Roam \'13',2,'Changed image.'),(1103,'2014-09-02 13:53:49',15,27,'30','Abbey Roam \'13',2,'Changed image.'),(1104,'2014-09-02 13:54:03',15,27,'126','Whitney Webre',2,'Changed image.'),(1105,'2014-09-02 13:54:10',15,27,'126','Whitney Webre',2,'Changed image.'),(1106,'2014-09-02 14:01:39',15,27,'124','Cale Finta \'13',2,'Changed image.'),(1107,'2014-09-02 14:03:29',15,27,'119','Chrissy Baynham \'09',2,'Changed image.'),(1108,'2014-09-02 14:03:36',15,27,'119','Chrissy Baynham \'09',2,'Changed image.'),(1109,'2014-09-02 14:03:42',15,27,'118','Chrissy Baynham \'09',2,'Changed image.'),(1110,'2014-09-02 14:03:49',15,27,'118','Chrissy Baynham \'09',2,'Changed image.'),(1111,'2014-09-02 14:03:52',15,27,'118','Chrissy Baynham \'09',2,'No fields changed.'),(1112,'2014-09-02 14:04:01',15,27,'117','Wyatt Esteves',2,'Changed image.'),(1113,'2014-09-02 14:04:56',15,27,'117','Wyatt Esteves',2,'Changed image.'),(1114,'2014-09-02 14:05:08',15,27,'116','Wyatt Esteves',2,'Changed image.'),(1115,'2014-09-02 14:05:13',15,27,'116','Wyatt Esteves',2,'Changed image.'),(1116,'2014-09-02 14:06:10',15,27,'114','Nate Cunningham ‘02',2,'Changed image.'),(1117,'2014-09-02 14:06:27',15,27,'114','Nate Cunningham ‘02',2,'Changed image.'),(1118,'2014-09-02 14:06:40',15,27,'113','Ally Sloan \'14',2,'Changed image.'),(1119,'2014-09-02 14:06:47',15,27,'113','Ally Sloan \'14',2,'Changed image.'),(1120,'2014-09-02 14:06:55',15,27,'112','Ally Sloan \'14',2,'Changed image.'),(1121,'2014-09-02 14:07:01',15,27,'112','Ally Sloan \'14',2,'Changed image.'),(1122,'2014-09-02 14:07:19',15,27,'111','Haley Troxclair ‘15',2,'Changed image.'),(1123,'2014-09-02 14:07:38',15,27,'110','Haley Troxclair \'15',2,'Changed image.'),(1124,'2014-09-02 14:07:46',15,27,'109','Madeline LeForge ‘15',2,'Changed image.'),(1125,'2014-09-02 14:07:58',15,27,'109','Madeline LeForge ‘15',2,'Changed image.'),(1126,'2014-09-02 14:08:19',15,27,'108','Dr. Steve Wilson',2,'Changed image.'),(1127,'2014-09-02 14:11:40',15,27,'104','Andrew Herman ’14',2,'Changed image.'),(1128,'2014-09-02 14:11:54',15,27,'104','Andrew Herman ’14',2,'Changed image.'),(1129,'2014-09-02 14:11:56',15,27,'104','Andrew Herman ’14',2,'No fields changed.'),(1130,'2014-09-02 14:12:06',15,27,'103','Christopher Agee ’07',2,'Changed image.'),(1131,'2014-09-02 14:12:12',15,27,'103','Christopher Agee ’07',2,'Changed image.'),(1132,'2014-09-02 14:12:23',15,27,'102','Dr. Harold Dorton',2,'Changed image.'),(1133,'2014-09-02 14:12:34',15,27,'102','Dr. Harold Dorton',2,'Changed image.'),(1134,'2014-09-02 14:12:51',15,27,'101','Olivia Jennings ‘14',2,'Changed image.'),(1135,'2014-09-02 14:14:09',15,27,'101','Olivia Jennings ‘14',2,'Changed image.'),(1136,'2014-09-02 14:14:23',15,27,'100','Olivia Jennings ‘14',2,'Changed image.'),(1137,'2014-09-02 14:14:26',15,27,'100','Olivia Jennings ‘14',2,'Changed image.'),(1138,'2014-09-02 14:14:33',15,27,'100','Olivia Jennings ‘14',2,'Changed image.'),(1139,'2014-09-02 14:15:59',15,27,'99','Jordan Truxillio ’14',2,'Changed image.'),(1140,'2014-09-02 14:16:07',15,27,'99','Jordan Truxillio ’14',2,'Changed image.'),(1141,'2014-09-02 14:16:39',15,27,'99','Jordan Truxillo ’14',2,'Changed attribution.'),(1142,'2014-09-02 14:18:09',15,27,'98','Dr. Pat Harrison',2,'Changed image.'),(1143,'2014-09-02 14:19:54',15,27,'96','Dr. Nate Zuckerman',2,'Changed image.'),(1144,'2014-09-02 14:20:04',15,27,'96','Dr. Nate Zuckerman',2,'Changed image.'),(1145,'2014-09-02 14:20:33',15,27,'95','Dr. Nate Zuckerman',2,'Changed image.'),(1146,'2014-09-02 14:20:41',15,27,'95','Dr. Nate Zuckerman',2,'Changed image.'),(1147,'2014-09-02 14:26:46',1,12,'25','Journalism',2,'Changed content for textile page content \"TextilePageContent<pk=247, parent=Page<pk=25, Journalism>, region=row2, ordering=0>\".'),(1148,'2014-09-02 14:27:32',1,12,'25','Journalism',2,'Changed content for textile page content \"TextilePageContent<pk=247, parent=Page<pk=25, Journalism>, region=row2, ordering=0>\".'),(1149,'2014-09-02 14:27:59',1,12,'25','Journalism',2,'Changed content for textile page content \"TextilePageContent<pk=247, parent=Page<pk=25, Journalism>, region=row2, ordering=0>\".'),(1150,'2014-09-02 15:03:26',15,27,'91','Matthew Keller ‘15',2,'Changed image.'),(1151,'2014-09-02 15:05:54',15,27,'90','Michelle Léana Perez ‘14',2,'Changed image.'),(1152,'2014-09-02 15:06:36',15,27,'86','Taryn Nash ’14',2,'Changed image.'),(1153,'2014-09-02 15:06:51',15,27,'83','Dr. Kathleen Orange',2,'Changed image.'),(1154,'2014-09-02 15:07:24',15,27,'82','Elizabeth Bullock ’15',2,'Changed image.'),(1155,'2014-09-02 15:07:54',15,27,'61','James Kizziah ’15',2,'Changed image.'),(1156,'2014-09-02 15:08:14',15,27,'80','Eric Vicente ’14',2,'Changed image.'),(1157,'2014-09-02 15:08:37',15,27,'79','Dr. Tom Ward',2,'Changed image.'),(1158,'2014-09-02 15:08:52',15,27,'78','Jaimie Breitweiser ‘16',2,'Changed image.'),(1159,'2014-09-02 15:09:04',15,27,'77','Raven West ’15',2,'Changed image.'),(1160,'2014-09-02 15:09:20',15,27,'76','Mark Brink ’13',2,'Changed image.'),(1161,'2014-09-02 15:09:39',15,27,'75','Antonio Brito \'16',2,'Changed image.'),(1162,'2014-09-02 15:09:50',15,27,'74','Antonio Brito \'16',2,'Changed image.'),(1163,'2014-09-02 15:10:05',15,27,'73','Dr. Harold Dorton',2,'Changed image.'),(1164,'2014-09-02 15:10:15',15,27,'73','Dr. Harold Dorton',2,'Changed image.'),(1165,'2014-09-02 15:10:33',15,27,'72','Joan Sands, Nursing Instructor',2,'Changed image.'),(1166,'2014-09-02 15:10:44',15,27,'71','Kelly Walker, Nursing Instructor',2,'Changed image.'),(1167,'2014-09-02 15:12:47',15,27,'70','Mary Kate Gallagher ’15',2,'Changed image.'),(1168,'2014-09-02 15:13:57',15,27,'70','Mary Kate Gallagher ’15',2,'No fields changed.'),(1169,'2014-09-02 15:26:06',15,27,'59','Dr. Michael Piafsky',2,'Changed image.'),(1170,'2014-09-02 15:26:26',15,27,'58','Dr. Michael Piafsky',2,'Changed image.'),(1171,'2014-09-02 15:26:43',15,27,'57','Dr. Michael Piafsky',2,'Changed image.'),(1172,'2014-09-02 15:26:57',15,27,'56','Dr. Colette Windish',2,'Changed image.'),(1173,'2014-09-02 15:27:19',15,27,'55','Astrid Torres ’15',2,'Changed image.'),(1174,'2014-09-02 15:27:25',15,27,'55','Astrid Torres ’15',2,'No fields changed.'),(1175,'2014-09-02 15:28:09',15,27,'52','Chelsea Audibert \'13',2,'Changed image.'),(1176,'2014-09-02 15:28:20',15,27,'51','Chelsea Audibert \'13',2,'Changed image.'),(1177,'2014-09-02 15:28:24',15,27,'51','Chelsea Audibert \'13',2,'No fields changed.'),(1178,'2014-09-02 15:28:41',15,27,'50','Melin Portillo ‘15',2,'Changed image.'),(1179,'2014-09-02 15:29:14',15,27,'48','Dr. Catherine Swender',2,'Changed image.'),(1180,'2014-09-02 15:29:26',15,27,'48','Dr. Catherine Swender',2,'Changed image.'),(1181,'2014-09-02 15:29:38',15,27,'47','Dr. Catherine Swender',2,'Changed image.'),(1182,'2014-09-02 15:29:45',15,27,'47','Dr. Catherine Swender',2,'Changed image.'),(1183,'2014-09-02 15:30:00',15,27,'46','Dr. Catherine Swender',2,'Changed image.'),(1184,'2014-09-02 15:30:23',15,27,'45','Kate Flukinger ‘08',2,'Changed image.'),(1185,'2014-09-02 15:30:37',15,27,'63','Dr. Don Culberson',2,'Changed attribution.'),(1186,'2014-09-02 15:30:46',15,27,'115','Dr. Charmane May',2,'Changed attribution.'),(1187,'2014-09-02 15:30:55',15,27,'106','Dr. Lori Aultman',2,'Changed attribution.'),(1188,'2014-09-02 15:31:07',15,27,'72','Joan Sands',2,'Changed attribution.'),(1189,'2014-09-02 15:31:17',15,27,'71','Kelly Walker',2,'Changed attribution.'),(1190,'2014-09-02 15:31:19',15,27,'71','Kelly Walker',2,'No fields changed.'),(1191,'2014-09-02 15:31:35',15,27,'38','Dr. Stuart Babington',2,'Changed attribution.'),(1192,'2014-09-02 15:31:47',15,27,'37','Bob Grip',2,'Changed attribution.'),(1193,'2014-09-02 15:32:01',15,27,'36','Eugene Ramirez ’05',2,'Changed attribution.'),(1194,'2014-09-02 15:32:16',15,27,'31','Janden Richards',2,'Changed attribution.'),(1195,'2014-09-02 15:32:27',15,27,'31','Janden Richards',2,'Changed image.'),(1196,'2014-09-02 15:32:43',15,27,'8','Wanda Sullivan',2,'Changed attribution.'),(1197,'2014-09-02 15:32:54',15,27,'8','Wanda Sullivan',2,'Changed image.'),(1198,'2014-09-02 15:32:54',1,12,'16','Accounting',2,'Changed content for textile page content \"TextilePageContent<pk=172, parent=Page<pk=16, Accounting>, region=row2, ordering=1>\".'),(1199,'2014-09-02 15:33:25',15,27,'9','Grant Benoit ’12',2,'Changed attribution and image.'),(1200,'2014-09-02 15:59:08',15,27,'10','Severin Chambers \'14',2,'Changed image.'),(1201,'2014-09-02 15:59:30',15,27,'11','Caroline Wilson ’12',2,'Changed image.'),(1202,'2014-09-02 16:00:00',15,27,'13','Seth Polansky \'17',2,'Changed image.'),(1203,'2014-09-02 16:00:31',15,27,'29','Frederick Norfleet \'12',2,'Changed image.'),(1204,'2014-09-02 16:01:57',15,27,'33','Ryan Noble, MFA',2,'Changed image.'),(1205,'2014-09-02 16:02:22',15,27,'34','Doug Bruce \'10',2,'Changed image.'),(1206,'2014-09-02 16:02:45',15,27,'35','Emily Hill \'14',2,'Changed image.'),(1207,'2014-09-02 16:03:38',15,27,'14','Dr. Carolyn Simmons',2,'Changed attribution and image.'),(1208,'2014-09-02 16:04:00',15,27,'15','Caroline Hitt \'13',2,'Changed image.'),(1209,'2014-09-02 16:04:25',15,27,'16','Luke Hayes \'14',2,'Changed image.'),(1210,'2014-09-02 16:04:55',1,12,'38','Actuarial Math',2,'Changed content for textile page content \"TextilePageContent<pk=290, parent=Page<pk=38, Actuarial Math>, region=row1, ordering=1>\".'),(1211,'2014-09-02 16:06:26',1,12,'39','Applied Math',2,'Changed content for textile page content \"TextilePageContent<pk=155, parent=Page<pk=39, Applied Math>, region=row1, ordering=1>\".'),(1212,'2014-09-02 16:06:40',15,27,'17','Dr. Andrew Sharp, Professor of Accounting',2,'Changed image.'),(1213,'2014-09-02 16:06:42',1,12,'16','Accounting',2,'Changed content for textile page content \"TextilePageContent<pk=172, parent=Page<pk=16, Accounting>, region=row2, ordering=1>\".'),(1214,'2014-09-02 16:06:51',1,12,'38','Actuarial Math',2,'Changed content for textile page content \"TextilePageContent<pk=290, parent=Page<pk=38, Actuarial Math>, region=row1, ordering=1>\".'),(1215,'2014-09-02 16:07:05',15,27,'18','Elizabeth Neal \'14',2,'Changed image.'),(1216,'2014-09-02 16:08:06',15,27,'12','Dr. Royce Simpson',2,'Changed attribution.'),(1217,'2014-09-02 16:08:15',15,27,'17','Dr. Andrew Sharp',2,'Changed attribution.'),(1218,'2014-09-02 16:08:23',15,27,'20','Dr. James Larriviere',2,'Changed attribution.'),(1219,'2014-09-02 16:08:59',15,27,'23','Justin Avery \'15',2,'Changed image.'),(1220,'2014-09-02 16:09:32',15,27,'25','Dr. Stephen Campbell, S.J., Department Chair',2,'Changed image.'),(1221,'2014-09-02 16:09:37',15,27,'25','Dr. Stephen Campbell, S.J.',2,'Changed attribution.'),(1222,'2014-09-02 16:09:55',15,27,'26','Michael Getto \'00',2,'Changed attribution and image.'),(1223,'2014-09-02 16:10:08',15,27,'27','Ryan Nocito \'12, Theater Director, St. Rosalie School',2,'Changed image.'),(1224,'2014-09-02 16:10:13',15,27,'27','Ryan Nocito \'12',2,'Changed attribution.'),(1225,'2014-09-02 16:10:38',15,27,'28','Seth Taylor \'11',2,'Changed image.'),(1226,'2014-09-02 16:10:49',15,27,'29','Frederick Norfleet \'12',2,'No fields changed.'),(1227,'2014-09-02 16:11:40',1,12,'21','Art Business',2,'Changed content for textile page content \"TextilePageContent<pk=297, parent=Page<pk=21, Art Business>, region=row1, ordering=1>\".'),(1228,'2014-09-02 16:12:03',1,12,'32','Biochemistry',2,'Changed content for textile page content \"TextilePageContent<pk=265, parent=Page<pk=32, Biochemistry>, region=row2, ordering=0>\".'),(1229,'2014-09-02 16:12:19',1,12,'34','Cellular and Molecular Biology',2,'Changed content for textile page content \"TextilePageContent<pk=268, parent=Page<pk=34, Cellular and Molecular Biology>, region=row2, ordering=1>\".'),(1230,'2014-09-02 16:12:35',1,12,'5','Chemistry',2,'Changed content for textile page content \"TextilePageContent<pk=218, parent=Page<pk=5, Chemistry>, region=row2, ordering=1>\".'),(1231,'2014-09-02 16:12:59',1,12,'20','Computer Information Systems',2,'Changed content for textile page content \"TextilePageContent<pk=231, parent=Page<pk=20, Computer Information Systems>, region=row2, ordering=0>\".'),(1232,'2014-09-02 16:13:45',1,12,'16','Accounting',2,'Changed content for textile page content \"TextilePageContent<pk=172, parent=Page<pk=16, Accounting>, region=row2, ordering=1>\".'),(1233,'2014-09-02 16:14:04',1,12,'38','Actuarial Math',2,'Changed content for textile page content \"TextilePageContent<pk=290, parent=Page<pk=38, Actuarial Math>, region=row1, ordering=1>\".'),(1234,'2014-09-02 16:14:12',1,12,'39','Applied Math',2,'Changed content for textile page content \"TextilePageContent<pk=155, parent=Page<pk=39, Applied Math>, region=row1, ordering=1>\".'),(1235,'2014-09-02 16:14:23',1,12,'21','Art Business',2,'Changed content for textile page content \"TextilePageContent<pk=297, parent=Page<pk=21, Art Business>, region=row1, ordering=1>\".'),(1236,'2014-09-02 16:14:32',1,12,'32','Biochemistry',2,'Changed content for textile page content \"TextilePageContent<pk=265, parent=Page<pk=32, Biochemistry>, region=row2, ordering=0>\".'),(1237,'2014-09-02 16:14:42',1,12,'34','Cellular and Molecular Biology',2,'Changed content for textile page content \"TextilePageContent<pk=268, parent=Page<pk=34, Cellular and Molecular Biology>, region=row2, ordering=1>\".'),(1238,'2014-09-02 16:15:00',1,12,'5','Chemistry',2,'Changed content for textile page content \"TextilePageContent<pk=218, parent=Page<pk=5, Chemistry>, region=row2, ordering=1>\".'),(1239,'2014-09-02 16:15:44',1,12,'40','Computer Analysis',2,'Changed content for textile page content \"TextilePageContent<pk=292, parent=Page<pk=40, Computer Analysis>, region=row1, ordering=1>\".'),(1240,'2014-09-02 16:16:08',1,12,'20','Computer Information Systems',2,'Changed content for textile page content \"TextilePageContent<pk=231, parent=Page<pk=20, Computer Information Systems>, region=row2, ordering=0>\".'),(1241,'2014-09-02 16:16:21',1,12,'43','Criminology',2,'Changed content for textile page content \"TextilePageContent<pk=283, parent=Page<pk=43, Criminology>, region=row1, ordering=1>\".'),(1242,'2014-09-02 16:16:36',1,12,'24','Digital Video Production',2,'Changed content and ordering for textile page content \"TextilePageContent<pk=298, parent=Page<pk=24, Digital Video Production>, region=row2, ordering=0>\".'),(1243,'2014-09-02 16:17:07',1,12,'24','Digital Video Production',2,'Changed content for textile page content \"TextilePageContent<pk=298, parent=Page<pk=24, Digital Video Production>, region=row2, ordering=0>\".'),(1244,'2014-09-02 16:17:46',1,12,'24','Digital Video Production',2,'No fields changed.'),(1245,'2014-09-02 16:18:14',1,12,'27','English',2,'Changed content for textile page content \"TextilePageContent<pk=254, parent=Page<pk=27, English>, region=row2, ordering=0>\".'),(1246,'2014-09-02 16:18:27',1,12,'17','Financial Economics',2,'Changed content for textile page content \"TextilePageContent<pk=222, parent=Page<pk=17, Financial Economics>, region=row2, ordering=1>\".'),(1247,'2014-09-02 16:18:40',1,12,'28','General Studies',2,'Changed content for textile page content \"TextilePageContent<pk=299, parent=Page<pk=28, General Studies>, region=row1, ordering=1>\".'),(1248,'2014-09-02 16:18:53',1,12,'23','Graphic Design',2,'Changed content for textile page content \"TextilePageContent<pk=239, parent=Page<pk=23, Graphic Design>, region=row2, ordering=1>\".'),(1249,'2014-09-02 16:19:07',1,12,'29','Hispanic Studies',2,'Changed content for textile page content \"TextilePageContent<pk=257, parent=Page<pk=29, Hispanic Studies>, region=row1, ordering=1>\".'),(1250,'2014-09-02 16:19:27',1,12,'29','Hispanic Studies',2,'Changed content for textile page content \"TextilePageContent<pk=257, parent=Page<pk=29, Hispanic Studies>, region=row1, ordering=1>\".'),(1251,'2014-09-02 16:19:53',1,12,'44','History',2,'Changed content for textile page content \"TextilePageContent<pk=285, parent=Page<pk=44, History>, region=row1, ordering=1>\".'),(1252,'2014-09-02 16:20:07',1,12,'30','Interdisciplinary Humanities',2,'Changed content for textile page content \"TextilePageContent<pk=269, parent=Page<pk=30, Interdisciplinary Humanities>, region=row1, ordering=1>\".'),(1253,'2014-09-02 16:20:21',1,12,'53','International Business',2,'Changed content for textile page content \"TextilePageContent<pk=225, parent=Page<pk=53, International Business>, region=row2, ordering=0>\".'),(1254,'2014-09-02 16:20:38',1,12,'45','International Studies',2,'Changed content for textile page content \"TextilePageContent<pk=294, parent=Page<pk=45, International Studies>, region=row1, ordering=1>\".'),(1255,'2014-09-02 16:20:52',1,12,'25','Journalism',2,'No fields changed.'),(1256,'2014-09-02 16:21:05',1,12,'19','Management Marketing',2,'Changed content for textile page content \"TextilePageContent<pk=228, parent=Page<pk=19, Management Marketing>, region=row2, ordering=0>\".'),(1257,'2014-09-02 16:21:18',15,27,'17','Dr. Andrew Sharp',2,'Changed image.'),(1258,'2014-09-02 16:21:20',1,12,'42','Nursing',2,'Changed content for textile page content \"TextilePageContent<pk=278, parent=Page<pk=42, Nursing>, region=row2, ordering=1>\".'),(1259,'2014-09-02 16:21:22',15,27,'17','Dr. Andrew Sharp',2,'No fields changed.'),(1260,'2014-09-02 16:21:33',1,12,'35','Organismal and Marine Biology',2,'Changed content for textile page content \"TextilePageContent<pk=272, parent=Page<pk=35, Organismal and Marine Biology>, region=row2, ordering=1>\".'),(1261,'2014-09-02 16:21:52',1,12,'35','Organismal and Marine Biology',2,'Changed content for textile page content \"TextilePageContent<pk=272, parent=Page<pk=35, Organismal and Marine Biology>, region=row2, ordering=1>\".'),(1262,'2014-09-02 16:22:10',1,12,'46','Philosophy',2,'Changed content for textile page content \"TextilePageContent<pk=152, parent=Page<pk=46, Philosophy>, region=row2, ordering=0>\".'),(1263,'2014-09-02 16:22:28',1,12,'47','Political Science',2,'Changed content for textile page content \"TextilePageContent<pk=288, parent=Page<pk=47, Political Science>, region=row2, ordering=0>\".'),(1264,'2014-09-02 16:22:43',1,12,'4','Psychology',2,'Changed content for textile page content \"TextilePageContent<pk=214, parent=Page<pk=4, Psychology>, region=row2, ordering=1>\".'),(1265,'2014-09-02 16:22:55',1,12,'37','Pre-Engineering',2,'Changed content for textile page content \"TextilePageContent<pk=146, parent=Page<pk=37, Pre-Engineering>, region=row2, ordering=0>\".'),(1266,'2014-09-02 16:23:09',1,12,'36','Pre-Health',2,'Changed content for textile page content \"TextilePageContent<pk=301, parent=Page<pk=36, Pre-Health>, region=row2, ordering=1>\".'),(1267,'2014-09-02 16:23:23',1,12,'26','Public Relations Advertising',2,'Changed content for textile page content \"TextilePageContent<pk=251, parent=Page<pk=26, Public Relations Advertising>, region=row2, ordering=1>\".'),(1268,'2014-09-02 16:23:35',1,12,'41','Pure Math',2,'Changed content for textile page content \"TextilePageContent<pk=275, parent=Page<pk=41, Pure Math>, region=row1, ordering=1>\".'),(1269,'2014-09-02 16:23:49',1,12,'49','Social Science',2,'Changed content for textile page content \"TextilePageContent<pk=234, parent=Page<pk=49, Social Science>, region=row2, ordering=0>\".'),(1270,'2014-09-02 16:24:02',1,12,'50','Sociology',2,'Changed content for textile page content \"TextilePageContent<pk=165, parent=Page<pk=50, Sociology>, region=row2, ordering=1>\".'),(1271,'2014-09-02 16:24:31',1,12,'3','Studio Art',2,'Changed content for textile page content \"TextilePageContent<pk=206, parent=Page<pk=3, Studio Art>, region=row2, ordering=1>\".'),(1272,'2014-09-02 16:24:43',1,12,'51','Teacher Education',2,'Changed content for textile page content \"TextilePageContent<pk=160, parent=Page<pk=51, Teacher Education>, region=row2, ordering=1>\".'),(1273,'2014-09-02 16:24:57',1,12,'22','Theater',2,'Changed content and ordering for textile page content \"TextilePageContent<pk=203, parent=Page<pk=22, Theater>, region=row2, ordering=0>\".'),(1274,'2014-09-02 16:25:11',1,12,'52','Theology',2,'Changed content for textile page content \"TextilePageContent<pk=169, parent=Page<pk=52, Theology>, region=row2, ordering=0>\".'),(1275,'2014-09-02 16:25:26',1,12,'31','Writing',2,'Changed content for textile page content \"TextilePageContent<pk=261, parent=Page<pk=31, Writing>, region=row2, ordering=0>\".'),(1276,'2014-09-02 16:27:38',1,12,'31','Writing',2,'Changed content for textile page content \"TextilePageContent<pk=261, parent=Page<pk=31, Writing>, region=row2, ordering=0>\".'),(1277,'2014-09-02 16:28:25',1,12,'36','Pre-Health',2,'Changed content for textile page content \"TextilePageContent<pk=301, parent=Page<pk=36, Pre-Health>, region=row2, ordering=1>\".'),(1278,'2014-09-02 16:28:54',1,12,'36','Pre-Health',2,'No fields changed.'),(1279,'2014-09-02 16:30:00',1,12,'27','English',2,'Changed content for textile page content \"TextilePageContent<pk=254, parent=Page<pk=27, English>, region=row2, ordering=0>\".'),(1280,'2014-09-02 16:30:23',1,12,'27','English',2,'Changed content for textile page content \"TextilePageContent<pk=254, parent=Page<pk=27, English>, region=row2, ordering=0>\".'),(1281,'2014-09-02 16:31:04',1,12,'32','Biochemistry',2,'Changed content for textile page content \"TextilePageContent<pk=265, parent=Page<pk=32, Biochemistry>, region=row2, ordering=0>\".'),(1282,'2014-09-02 16:31:26',1,12,'21','Art Business',2,'Changed content for textile page content \"TextilePageContent<pk=297, parent=Page<pk=21, Art Business>, region=row1, ordering=1>\".'),(1283,'2014-09-02 16:37:57',15,27,'54','Dr. Fabian Balmori',2,'Changed image.'),(1284,'2014-09-02 16:38:04',15,27,'53','Dr. Fabian Balmori',2,'Changed image.'),(1285,'2014-09-02 16:39:56',15,27,'49','Dr. George Gilmore',2,'Changed image.'),(1286,'2014-09-02 16:40:35',15,27,'62','Dr. Lesli Bordas',2,'Changed image.'),(1287,'2014-09-02 16:42:55',15,27,'24','Rhonda Lucas',2,'Changed attribution and image.'),(1288,'2014-09-02 16:44:56',1,10,'66','core-inforgraphic-3.png',1,''),(1289,'2014-09-02 16:44:59',1,12,'7','Core Curriculum',2,'Changed mediafile for media file \"MediaFileContent<pk=54, parent=Page<pk=7, Core Curriculum>, region=sidebar, ordering=0>\".'),(1290,'2014-09-02 16:45:40',15,27,'44','Katie Nores',2,'Changed image.'),(1291,'2014-09-02 16:45:56',15,27,'43','Katie Nores ',2,'Changed image.'),(1292,'2014-09-02 16:46:34',1,10,'67','core-inforgraphic-4.png',1,''),(1293,'2014-09-02 16:46:36',1,12,'7','Core Curriculum',2,'Changed mediafile for media file \"MediaFileContent<pk=54, parent=Page<pk=7, Core Curriculum>, region=sidebar, ordering=0>\".'),(1294,'2014-09-02 16:47:50',1,10,'66','core-inforgraphic-3.png',3,''),(1295,'2014-09-02 16:47:50',1,10,'64','core-inforgraphic-banner.png',3,''),(1296,'2014-09-02 16:47:50',1,10,'63','core-infographic.png',3,''),(1297,'2014-09-02 16:48:15',1,12,'7','Core Curriculum',2,'Added media file \"MediaFileContent<pk=55, parent=Page<pk=7, Core Curriculum>, region=sidebar, ordering=1>\".'),(1298,'2014-09-02 16:48:42',1,12,'7','Core Curriculum',2,'Deleted media file \"MediaFileContent<pk=None, parent=Page<pk=7, Core Curriculum>, region=sidebar, ordering=1>\".'),(1299,'2014-09-02 16:49:51',15,27,'20','Dr. James Larriviere',2,'Changed image.'),(1300,'2014-09-02 16:52:41',15,27,'19','Chris Montgomery \'14',2,'Changed image.'),(1301,'2014-09-03 07:47:13',15,27,'21','Dr. Sergio Castello',2,'Changed image.'),(1302,'2014-09-03 07:50:04',15,27,'70','Mary Kate Gallagher ’15',2,'Changed image.'),(1303,'2014-09-03 07:50:27',15,27,'69','Mary Kate Gallagher ’15',2,'Changed image.'),(1304,'2014-09-03 07:51:23',15,27,'68','Tyrone Barnes \'14',2,'Changed image.'),(1305,'2014-09-03 07:53:35',15,27,'64','Ryan Wattam ‘05',2,'Changed image.'),(1306,'2014-09-03 07:54:26',15,27,'66','Thomas Kinsey \'13',2,'Changed image.'),(1307,'2014-09-03 07:54:35',15,27,'65','Thomas Kinsey \'13',2,'Changed image.'),(1308,'2014-09-03 07:57:43',15,27,'12','Dr. Royce Simpson',2,'Changed image.'),(1309,'2014-09-03 07:59:57',15,27,'41','Gabriella Edgerson ’13',2,'Changed image.'),(1310,'2014-09-03 08:00:15',15,27,'39','Alyse (Granier) Quinn ’10',2,'Changed image.'),(1311,'2014-09-03 08:02:44',15,27,'105','Dr. April Sanders',2,'Changed image.'),(1312,'2014-09-03 09:19:14',15,27,'115','Dr. Charmane May',2,'Changed image.'),(1313,'2014-09-03 09:19:50',15,27,'87','Dr. Robert Harding',2,'Changed image.'),(1314,'2014-09-03 09:20:45',15,27,'81','Dr. Robert Harding',2,'Changed image.'),(1315,'2014-09-03 09:21:49',15,27,'21','Dr. Sergio Castello',2,'Changed image.'),(1316,'2014-09-03 09:31:46',15,27,'89','Dr. Mark Byrne',2,'Changed image.'),(1317,'2014-09-03 09:31:55',15,27,'88','Dr. Mark Byrne',2,'Changed image.'),(1318,'2014-09-03 09:32:07',15,27,'87','Dr. Robert Harding',2,'Changed image.'),(1319,'2014-09-03 09:32:19',15,27,'81','Dr. Robert Harding',2,'Changed image.'),(1320,'2014-09-03 09:33:07',15,27,'5','John Brown',3,''),(1321,'2014-09-03 09:33:07',15,27,'4','John Brown',3,''),(1322,'2014-09-03 09:33:07',15,27,'3','Roger Waters',3,''),(1323,'2014-09-03 09:33:07',15,27,'2','Joe Schmoe',3,''),(1324,'2014-09-03 09:33:07',15,27,'1','John Brown',3,''),(1325,'2014-09-03 09:58:03',15,27,'63','Dr. Don Culberson',2,'Changed image.'),(1326,'2014-09-03 10:00:59',15,27,'63','Dr. Don Culberson',2,'Changed image.'),(1327,'2014-09-03 10:42:19',15,27,'62','Dr. Lesli Bordas',2,'Changed image.'),(1328,'2014-09-03 10:43:21',15,27,'60','James Kizziah ’15',2,'Changed image.'),(1329,'2014-09-03 10:55:04',15,27,'68','Tyrone Barnes \'14',2,'Changed image.'),(1330,'2014-09-03 11:09:15',15,27,'22','Donald Craig \'16',2,'Changed image.'),(1331,'2014-09-03 11:32:10',15,12,'51','Teacher Education',2,'Changed content for textile page content \"TextilePageContent<pk=160, parent=Page<pk=51, Teacher Education>, region=row2, ordering=1>\".'),(1332,'2014-09-03 11:33:52',15,27,'123','Mark Brink \'13',2,'Changed image.'),(1333,'2014-09-03 11:34:04',15,27,'122','Mark Brink \'13',2,'Changed image.'),(1334,'2014-09-03 11:36:22',15,27,'119','Chrissy Baynham \'09',2,'Changed image.'),(1335,'2014-09-03 11:36:34',15,27,'118','Chrissy Baynham \'09',2,'Changed image.'),(1336,'2014-09-03 11:36:45',15,12,'49','Social Science',2,'No fields changed.'),(1337,'2014-09-03 11:38:15',15,12,'36','Pre-Health',2,'Changed testimonials.'),(1338,'2014-09-03 11:43:42',15,27,'128','Morgan Davis \'17',1,''),(1339,'2014-09-03 11:45:46',15,27,'128','Morgan Davis \'17',2,'Changed image.'),(1340,'2014-09-03 11:46:32',15,12,'34','Cellular and Molecular Biology',2,'Changed testimonials.'),(1341,'2014-09-03 11:53:12',15,27,'128','Morgan Davis \'17',2,'Changed image.'),(1342,'2014-09-03 11:55:29',15,12,'29','Hispanic Studies',2,'Changed content for textile page content \"TextilePageContent<pk=256, parent=Page<pk=29, Hispanic Studies>, region=row1, ordering=0>\".'),(1343,'2014-09-03 11:57:53',15,27,'77','Raven West ’15',2,'Changed image.'),(1344,'2014-09-03 12:00:30',15,27,'126','Whitney Webre',2,'Changed image.'),(1345,'2014-09-03 12:05:11',15,27,'126','Whitney Webre',2,'Changed image.'),(1346,'2014-09-03 12:10:29',15,12,'4','Psychology',2,'Changed content for textile page content \"TextilePageContent<pk=8, parent=Page<pk=4, Psychology>, region=main, ordering=2>\".'),(1347,'2014-09-03 12:16:48',15,27,'11','Caroline Wilson ’12',2,'Changed image.'),(1348,'2014-09-03 12:23:44',15,27,'11','Caroline Wilson ’12',2,'Changed image.'),(1349,'2014-09-03 12:32:27',15,12,'24','Digital Video Production',2,'Changed testimonials.'),(1350,'2014-09-03 13:19:16',15,27,'122','Mark Brink \'13',2,'Changed image.'),(1351,'2014-09-03 13:19:27',15,27,'123','Mark Brink \'13',2,'Changed image.'),(1352,'2014-09-03 13:20:23',15,27,'122','Mark Brink \'13',2,'No fields changed.'),(1353,'2014-09-03 13:20:31',15,27,'123','Mark Brink \'13',2,'No fields changed.'),(1354,'2014-09-03 13:22:45',15,27,'123','Mark Brink \'13',2,'Changed image.'),(1355,'2014-09-03 13:24:19',15,12,'19','Management Marketing',2,'Changed content for textile page content \"TextilePageContent<pk=228, parent=Page<pk=19, Management Marketing>, region=row2, ordering=0>\".'),(1356,'2014-09-03 13:24:20',15,12,'19','Management Marketing',2,'No fields changed.'),(1357,'2014-09-03 13:26:15',15,12,'47','Political Science',2,'Changed content for textile page content \"TextilePageContent<pk=287, parent=Page<pk=47, Political Science>, region=row1, ordering=1>\".'),(1358,'2014-09-03 13:29:07',15,12,'37','Pre-Engineering',2,'Changed content for textile page content \"TextilePageContent<pk=145, parent=Page<pk=37, Pre-Engineering>, region=main, ordering=2>\".'),(1359,'2014-09-03 13:39:00',15,12,'19','Management Marketing',2,'Changed content for textile page content \"TextilePageContent<pk=228, parent=Page<pk=19, Management Marketing>, region=row2, ordering=0>\".'),(1360,'2014-09-03 13:43:32',15,27,'76','Mark Brink ’13',2,'Changed image.'),(1361,'2014-09-04 16:18:55',16,12,'35','Organismal and Marine Biology',2,'Changed _content_title.'),(1362,'2014-09-04 16:23:14',16,12,'38','Actuarial Math',2,'Changed _content_title.'),(1363,'2014-09-04 16:23:25',16,12,'39','Applied Math',2,'Changed _content_title.'),(1364,'2014-09-04 16:23:49',16,12,'34','Cellular and Molecular Biology',2,'Changed _content_title.'),(1365,'2014-09-04 16:24:05',16,12,'40','Computer Analysis',2,'Changed _content_title.'),(1366,'2014-09-04 16:24:14',16,12,'36','Pre-Health',2,'Changed _content_title.'),(1367,'2014-09-04 16:24:24',16,12,'41','Pure Math',2,'Changed _content_title.'),(1368,'2014-09-04 16:24:36',16,12,'43','Criminology',2,'Changed _content_title.'),(1369,'2014-09-04 16:24:46',16,12,'24','Digital Video Production',2,'Changed _content_title.'),(1370,'2014-09-04 16:24:58',16,12,'25','Journalism',2,'Changed _content_title.'),(1371,'2014-09-08 09:22:32',15,27,'129','Kevin Jenner',1,''),(1372,'2014-09-08 09:23:37',15,27,'130','Kevin Jenner',1,''),(1373,'2014-09-08 09:25:48',15,12,'34','Cellular and Molecular Biology',2,'Changed testimonials.'),(1374,'2014-09-08 09:34:29',15,27,'130','Kevin Jenner',2,'Changed image.'),(1375,'2014-09-08 09:34:37',15,27,'129','Kevin Jenner',2,'Changed image.'),(1376,'2014-09-08 11:22:10',15,27,'32','Seth Laubinger ’02',2,'Changed image.'),(1377,'2014-09-08 11:41:24',16,9,'3','Bulletin',1,''),(1378,'2014-09-08 11:44:03',16,10,'68','2001-2002_Bulletin_of_Information-Spring_Hill_College.pdf',1,''),(1379,'2014-09-08 11:44:16',16,10,'69','2002-2003_Bulletin_of_Information-Spring_Hill_College.pdf',1,''),(1380,'2014-09-08 11:44:35',16,10,'70','2003-2004_Bulletin_of_Information-Spring_Hill_College.pdf',1,''),(1381,'2014-09-08 11:44:46',16,10,'71','2005-2006_Bulletin_of_Information-Spring_Hill_College.pdf',1,''),(1382,'2014-09-08 11:44:52',16,10,'72','2006-2007_Bulletin_of_Information-Spring_Hill_College.pdf',1,''),(1383,'2014-09-08 11:44:57',16,10,'73','2007-2008_Bulletin_of_Information-Spring_Hill_College.pdf',1,''),(1384,'2014-09-08 11:45:03',16,10,'74','2008-2009_Bulletin_of_Information-Spring_Hill_College.pdf',1,''),(1385,'2014-09-08 11:45:09',16,10,'75','2009-2010_Bulletin_of_Information-Spring_Hill_College.pdf',1,''),(1386,'2014-09-08 11:45:15',16,10,'76','2010-2011_Bulletin_of_Information-Spring_Hill_College.pdf',1,''),(1387,'2014-09-08 11:45:23',16,10,'77','2011-2012_Bulletin_of_Information-Spring_Hill_College.pdf',1,''),(1388,'2014-09-08 11:45:29',16,10,'78','2012-2013_Bulletin_of_Information-Spring_Hill_College.pdf',1,''),(1389,'2014-09-08 11:45:34',16,10,'79','2013-2014_Bulletin_of_Information-Spring_Hill_College.pdf',1,''),(1390,'2014-09-08 11:45:40',16,10,'80','2014-2015_Bulletin_of_Information-Spring_Hill_College.pdf',1,''),(1391,'2014-09-08 11:51:21',16,12,'54','Bulletin of Information',1,''),(1392,'2014-09-08 12:06:33',16,12,'1','Undergraduate Academics',2,'Added media category listing \"MediaCategoryListingContent<pk=1, parent=Page<pk=1, Undergraduate Academics>, region=banner, ordering=0>\".'),(1393,'2014-09-08 12:13:33',16,12,'1','Undergraduate Academics',2,'No fields changed.'),(1394,'2014-09-08 12:14:11',16,12,'1','Undergraduate Academics',2,'Changed region and ordering for media category listing \"MediaCategoryListingContent<pk=1, parent=Page<pk=1, Undergraduate Academics>, region=main, ordering=5>\".'),(1395,'2014-09-08 12:15:00',16,12,'1','Undergraduate Academics',2,'No fields changed.'),(1396,'2014-09-08 12:17:35',16,12,'1','Undergraduate Academics',2,'No fields changed.'),(1397,'2014-09-08 12:21:37',16,12,'1','Undergraduate Academics',2,'Deleted media category listing \"MediaCategoryListingContent<pk=None, parent=Page<pk=1, Undergraduate Academics>, region=main, ordering=5>\".'),(1398,'2014-09-08 12:21:57',16,12,'54','Bulletin of Information',2,'Deleted media file \"MediaFileContent<pk=None, parent=Page<pk=54, Bulletin of Information>, region=main, ordering=0>\". Added media category listing \"MediaCategoryListingContent<pk=2, parent=Page<pk=54, Bulletin of Information>, region=main, ordering=1>\".'),(1399,'2014-09-08 12:22:07',16,12,'54','Bulletin of Information',2,'Changed ordering for media category listing \"MediaCategoryListingContent<pk=2, parent=Page<pk=54, Bulletin of Information>, region=main, ordering=0>\".'),(1400,'2014-09-08 12:22:41',16,12,'54','Bulletin of Information',2,'No fields changed.'),(1401,'2014-09-08 12:27:39',16,10,'80','2014-2015 Bulletin of Information',2,'Added media file translation \"2014-2015 Bulletin of Information\".'),(1402,'2014-09-08 12:27:57',16,10,'79','2013-2014 Bulletin of Information',2,'Added media file translation \"2013-2014 Bulletin of Information\".'),(1403,'2014-09-08 12:28:07',16,10,'78','2012-2013 Bulletin of Information',2,'Added media file translation \"2012-2013 Bulletin of Information\".'),(1404,'2014-09-08 12:28:16',16,10,'77','2011-2012 Bulletin of Information',2,'Added media file translation \"2011-2012 Bulletin of Information\".'),(1405,'2014-09-08 12:28:25',16,10,'76','2010-2011 Bulletin of Information',2,'Added media file translation \"2010-2011 Bulletin of Information\".'),(1406,'2014-09-08 12:28:33',16,10,'75','2009-2010 Bulletin of Information',2,'Added media file translation \"2009-2010 Bulletin of Information\".'),(1407,'2014-09-08 12:28:41',16,10,'74','2008-2009 Bulletin of Information',2,'Added media file translation \"2008-2009 Bulletin of Information\".'),(1408,'2014-09-08 12:28:48',16,10,'73','2007-2008 Bulletin of Information',2,'Added media file translation \"2007-2008 Bulletin of Information\".'),(1409,'2014-09-08 12:28:56',16,10,'72','2006-2007 Bulletin of Information',2,'Added media file translation \"2006-2007 Bulletin of Information\".'),(1410,'2014-09-08 12:29:04',16,10,'71','2005-2006 Bulletin of Information',2,'Added media file translation \"2005-2006 Bulletin of Information\".'),(1411,'2014-09-08 12:29:10',16,10,'70','2003-2004 Bulletin of Information',2,'Added media file translation \"2003-2004 Bulletin of Information\".'),(1412,'2014-09-08 12:29:21',16,10,'69','2002-2003 Bulletin of Information',2,'Added media file translation \"2002-2003 Bulletin of Information\".'),(1413,'2014-09-08 12:29:28',16,10,'68','2001-2002 Bulletin of Information',2,'Added media file translation \"2001-2002 Bulletin of Information\".'),(1414,'2014-09-08 12:30:11',16,9,'3','SHC Bulletin of Information',2,'Changed title.'),(1415,'2014-09-08 12:32:48',16,12,'54','Bulletin of Information',2,'Changed slug.'),(1416,'2014-09-08 12:38:26',15,12,'38','Actuarial Math',2,'Changed testimonials.'),(1417,'2014-09-08 12:38:35',15,12,'39','Applied Math',2,'Changed testimonials.'),(1418,'2014-09-08 12:38:45',15,12,'40','Computer Analysis',2,'Changed testimonials.'),(1419,'2014-09-08 12:38:59',15,12,'41','Pure Math',2,'Changed testimonials.'),(1420,'2014-09-08 13:56:59',15,12,'16','Accounting',2,'Changed content for textile page content \"TextilePageContent<pk=41, parent=Page<pk=16, Accounting>, region=row1, ordering=0>\". Changed content for textile page content \"TextilePageContent<pk=42, parent=Page<pk=16, Accounting>, region=row1, ordering=1>\".'),(1421,'2014-09-08 14:00:35',15,12,'16','Accounting',2,'Changed content for textile page content \"TextilePageContent<pk=184, parent=Page<pk=16, Accounting>, region=row2, ordering=0>\". Changed content for textile page content \"TextilePageContent<pk=172, parent=Page<pk=16, Accounting>, region=row2, ordering=1>\".'),(1422,'2014-09-08 14:01:26',15,12,'16','Accounting',2,'Changed _content_title.'),(1423,'2014-09-08 14:02:22',15,12,'38','Actuarial Math',2,'Changed content for textile page content \"TextilePageContent<pk=289, parent=Page<pk=38, Actuarial Math>, region=row1, ordering=0>\". Changed content for textile page content \"TextilePageContent<pk=290, parent=Page<pk=38, Actuarial Math>, region=row1, ordering=1>\".'),(1424,'2014-09-08 14:02:45',15,12,'38','Actuarial Math',2,'No fields changed.'),(1425,'2014-09-08 14:03:24',15,12,'39','Applied Math',2,'Changed content for textile page content \"TextilePageContent<pk=192, parent=Page<pk=39, Applied Math>, region=row1, ordering=0>\". Changed content for textile page content \"TextilePageContent<pk=155, parent=Page<pk=39, Applied Math>, region=row1, ordering=1>\".'),(1426,'2014-09-08 14:05:04',15,12,'21','Art Business',2,'Changed content for textile page content \"TextilePageContent<pk=235, parent=Page<pk=21, Art Business>, region=row1, ordering=0>\". Changed content for textile page content \"TextilePageContent<pk=297, parent=Page<pk=21, Art Business>, region=row1, ordering=1>\".'),(1427,'2014-09-08 14:05:20',15,12,'21','Art Business',2,'No fields changed.'),(1428,'2014-09-08 14:05:59',15,12,'32','Biochemistry',2,'Changed content for textile page content \"TextilePageContent<pk=263, parent=Page<pk=32, Biochemistry>, region=row1, ordering=0>\". Changed content for textile page content \"TextilePageContent<pk=264, parent=Page<pk=32, Biochemistry>, region=row1, ordering=1>\".'),(1429,'2014-09-08 14:06:26',15,12,'32','Biochemistry',2,'Changed content for textile page content \"TextilePageContent<pk=265, parent=Page<pk=32, Biochemistry>, region=row2, ordering=0>\".'),(1430,'2014-09-08 14:07:09',15,12,'34','Cellular and Molecular Biology',2,'Changed content for textile page content \"TextilePageContent<pk=266, parent=Page<pk=34, Cellular and Molecular Biology>, region=row1, ordering=0>\". Changed content for textile page content \"TextilePageContent<pk=267, parent=Page<pk=34, Cellular and Molecular Biology>, region=row1, ordering=1>\".'),(1431,'2014-09-08 14:07:55',15,12,'34','Cellular and Molecular Biology',2,'Changed content for textile page content \"TextilePageContent<pk=300, parent=Page<pk=34, Cellular and Molecular Biology>, region=row2, ordering=0>\". Changed content for textile page content \"TextilePageContent<pk=268, parent=Page<pk=34, Cellular and Molecular Biology>, region=row2, ordering=1>\".'),(1432,'2014-09-08 14:08:29',15,12,'5','Chemistry',2,'Changed content for textile page content \"TextilePageContent<pk=215, parent=Page<pk=5, Chemistry>, region=row1, ordering=0>\". Changed content for textile page content \"TextilePageContent<pk=216, parent=Page<pk=5, Chemistry>, region=row1, ordering=1>\".'),(1433,'2014-09-08 14:08:47',15,12,'5','Chemistry',2,'Changed content for textile page content \"TextilePageContent<pk=218, parent=Page<pk=5, Chemistry>, region=row2, ordering=1>\".'),(1434,'2014-09-08 14:08:53',15,12,'5','Chemistry',2,'Changed content for textile page content \"TextilePageContent<pk=217, parent=Page<pk=5, Chemistry>, region=row2, ordering=0>\".'),(1435,'2014-09-08 14:09:30',15,12,'5','Chemistry',2,'Changed content for textile page content \"TextilePageContent<pk=217, parent=Page<pk=5, Chemistry>, region=row2, ordering=0>\".'),(1436,'2014-09-08 14:10:05',15,12,'40','Computer Analysis',2,'Changed content for textile page content \"TextilePageContent<pk=291, parent=Page<pk=40, Computer Analysis>, region=row1, ordering=0>\". Changed content for textile page content \"TextilePageContent<pk=292, parent=Page<pk=40, Computer Analysis>, region=row1, ordering=1>\".'),(1437,'2014-09-08 14:10:37',15,12,'20','Computer Information Systems',2,'Changed _content_title.'),(1438,'2014-09-08 14:10:56',15,12,'20','Computer Information Systems',2,'Changed content for textile page content \"TextilePageContent<pk=229, parent=Page<pk=20, Computer Information Systems>, region=row1, ordering=0>\". Changed content for textile page content \"TextilePageContent<pk=230, parent=Page<pk=20, Computer Information Systems>, region=row1, ordering=1>\".'),(1439,'2014-09-08 14:11:08',15,12,'20','Computer Information Systems',2,'Changed content for textile page content \"TextilePageContent<pk=231, parent=Page<pk=20, Computer Information Systems>, region=row2, ordering=0>\".'),(1440,'2014-09-08 14:11:46',15,12,'43','Criminology',2,'Changed content for textile page content \"TextilePageContent<pk=282, parent=Page<pk=43, Criminology>, region=row1, ordering=0>\". Changed content for textile page content \"TextilePageContent<pk=283, parent=Page<pk=43, Criminology>, region=row1, ordering=1>\".'),(1441,'2014-09-08 14:12:23',15,12,'24','Digital Video Production',2,'Changed content for textile page content \"TextilePageContent<pk=241, parent=Page<pk=24, Digital Video Production>, region=row1, ordering=0>\". Changed content for textile page content \"TextilePageContent<pk=243, parent=Page<pk=24, Digital Video Production>, region=row1, ordering=1>\".'),(1442,'2014-09-08 14:12:36',15,12,'24','Digital Video Production',2,'Changed content for textile page content \"TextilePageContent<pk=298, parent=Page<pk=24, Digital Video Production>, region=row2, ordering=0>\".'),(1443,'2014-09-08 14:13:19',15,12,'27','English',2,'Changed content for textile page content \"TextilePageContent<pk=252, parent=Page<pk=27, English>, region=row1, ordering=0>\". Changed content for textile page content \"TextilePageContent<pk=253, parent=Page<pk=27, English>, region=row1, ordering=1>\".'),(1444,'2014-09-08 14:13:42',15,12,'27','English',2,'Changed content for textile page content \"TextilePageContent<pk=254, parent=Page<pk=27, English>, region=row2, ordering=0>\".'),(1445,'2014-09-08 14:13:57',15,12,'27','English',2,'No fields changed.'),(1446,'2014-09-08 14:14:20',15,12,'17','Financial Economics',2,'Changed _content_title.'),(1447,'2014-09-08 14:14:37',15,12,'17','Financial Economics',2,'Changed content for textile page content \"TextilePageContent<pk=219, parent=Page<pk=17, Financial Economics>, region=row1, ordering=0>\". Changed content for textile page content \"TextilePageContent<pk=220, parent=Page<pk=17, Financial Economics>, region=row1, ordering=1>\".'),(1448,'2014-09-08 14:18:31',15,12,'17','Financial Economics',2,'Changed content for textile page content \"TextilePageContent<pk=221, parent=Page<pk=17, Financial Economics>, region=row2, ordering=0>\". Changed content for textile page content \"TextilePageContent<pk=222, parent=Page<pk=17, Financial Economics>, region=row2, ordering=1>\".'),(1449,'2014-09-08 14:20:17',15,12,'28','General Studies',2,'Changed content for textile page content \"TextilePageContent<pk=188, parent=Page<pk=28, General Studies>, region=row1, ordering=0>\". Changed content for textile page content \"TextilePageContent<pk=299, parent=Page<pk=28, General Studies>, region=row1, ordering=1>\".'),(1450,'2014-09-08 14:20:56',15,12,'28','General Studies',2,'Changed _content_title.'),(1451,'2014-09-08 14:21:26',15,12,'23','Graphic Design',2,'Changed content for textile page content \"TextilePageContent<pk=237, parent=Page<pk=23, Graphic Design>, region=row1, ordering=0>\". Changed content for textile page content \"TextilePageContent<pk=238, parent=Page<pk=23, Graphic Design>, region=row1, ordering=1>\".'),(1452,'2014-09-08 14:21:40',15,12,'23','Graphic Design',2,'Changed content for textile page content \"TextilePageContent<pk=240, parent=Page<pk=23, Graphic Design>, region=row2, ordering=0>\". Changed content for textile page content \"TextilePageContent<pk=239, parent=Page<pk=23, Graphic Design>, region=row2, ordering=1>\".'),(1453,'2014-09-08 14:21:41',15,12,'23','Graphic Design',2,'No fields changed.'),(1454,'2014-09-08 14:22:39',15,12,'29','Hispanic Studies',2,'Changed content for textile page content \"TextilePageContent<pk=256, parent=Page<pk=29, Hispanic Studies>, region=row1, ordering=0>\". Changed content for textile page content \"TextilePageContent<pk=257, parent=Page<pk=29, Hispanic Studies>, region=row1, ordering=1>\".'),(1455,'2014-09-08 14:23:25',15,12,'44','History',2,'Changed content for textile page content \"TextilePageContent<pk=284, parent=Page<pk=44, History>, region=row1, ordering=0>\". Changed content for textile page content \"TextilePageContent<pk=285, parent=Page<pk=44, History>, region=row1, ordering=1>\".'),(1456,'2014-09-08 14:24:15',15,12,'30','Interdisciplinary Humanities',2,'Changed content for textile page content \"TextilePageContent<pk=258, parent=Page<pk=30, Interdisciplinary Humanities>, region=row1, ordering=0>\". Changed content for textile page content \"TextilePageContent<pk=269, parent=Page<pk=30, Interdisciplinary Humanities>, region=row1, ordering=1>\".'),(1457,'2014-09-08 14:24:42',15,12,'53','International Business',2,'Changed _content_title.'),(1458,'2014-09-08 14:24:56',15,12,'53','International Business',2,'Changed content for textile page content \"TextilePageContent<pk=223, parent=Page<pk=53, International Business>, region=row1, ordering=0>\". Changed content for textile page content \"TextilePageContent<pk=224, parent=Page<pk=53, International Business>, region=row1, ordering=1>\".'),(1459,'2014-09-08 14:26:04',15,12,'53','International Business',2,'Changed content for textile page content \"TextilePageContent<pk=225, parent=Page<pk=53, International Business>, region=row2, ordering=0>\".'),(1460,'2014-09-08 14:27:03',15,12,'45','International Studies',2,'Changed content for textile page content \"TextilePageContent<pk=293, parent=Page<pk=45, International Studies>, region=row1, ordering=0>\". Changed content for textile page content \"TextilePageContent<pk=294, parent=Page<pk=45, International Studies>, region=row1, ordering=1>\".'),(1461,'2014-09-08 14:27:47',15,12,'25','Journalism',2,'Changed content for textile page content \"TextilePageContent<pk=245, parent=Page<pk=25, Journalism>, region=row1, ordering=0>\". Changed content for textile page content \"TextilePageContent<pk=246, parent=Page<pk=25, Journalism>, region=row1, ordering=1>\".'),(1462,'2014-09-08 14:27:56',15,12,'25','Journalism',2,'Changed content for textile page content \"TextilePageContent<pk=247, parent=Page<pk=25, Journalism>, region=row2, ordering=0>\".'),(1463,'2014-09-08 14:28:19',15,12,'19','Management Marketing',2,'Changed _content_title.'),(1464,'2014-09-08 14:28:42',15,12,'19','Management Marketing',2,'Changed content for textile page content \"TextilePageContent<pk=226, parent=Page<pk=19, Management Marketing>, region=row1, ordering=0>\". Changed content for textile page content \"TextilePageContent<pk=227, parent=Page<pk=19, Management Marketing>, region=row1, ordering=1>\".'),(1465,'2014-09-08 14:28:54',15,12,'19','Management Marketing',2,'Changed content for textile page content \"TextilePageContent<pk=228, parent=Page<pk=19, Management Marketing>, region=row2, ordering=0>\".'),(1466,'2014-09-08 14:30:41',15,12,'19','Management Marketing',2,'Changed content for textile page content \"TextilePageContent<pk=228, parent=Page<pk=19, Management Marketing>, region=row2, ordering=0>\".'),(1467,'2014-09-08 14:31:14',15,12,'42','Nursing',2,'Changed content for textile page content \"TextilePageContent<pk=276, parent=Page<pk=42, Nursing>, region=row1, ordering=0>\".'),(1468,'2014-09-08 14:31:34',15,12,'42','Nursing',2,'Changed content for textile page content \"TextilePageContent<pk=279, parent=Page<pk=42, Nursing>, region=row2, ordering=0>\". Changed content for textile page content \"TextilePageContent<pk=278, parent=Page<pk=42, Nursing>, region=row2, ordering=1>\".'),(1469,'2014-09-08 14:32:12',15,12,'35','Organismal and Marine Biology',2,'Changed content for textile page content \"TextilePageContent<pk=270, parent=Page<pk=35, Organismal and Marine Biology>, region=row1, ordering=0>\". Changed content for textile page content \"TextilePageContent<pk=271, parent=Page<pk=35, Organismal and Marine Biology>, region=row1, ordering=1>\".'),(1470,'2014-09-08 14:33:32',15,12,'35','Organismal and Marine Biology',2,'Changed content for textile page content \"TextilePageContent<pk=273, parent=Page<pk=35, Organismal and Marine Biology>, region=row2, ordering=0>\". Changed content for textile page content \"TextilePageContent<pk=272, parent=Page<pk=35, Organismal and Marine Biology>, region=row2, ordering=1>\".'),(1471,'2014-09-08 14:34:04',15,12,'46','Philosophy',2,'Changed content for textile page content \"TextilePageContent<pk=153, parent=Page<pk=46, Philosophy>, region=row1, ordering=0>\". Changed content for textile page content \"TextilePageContent<pk=151, parent=Page<pk=46, Philosophy>, region=row1, ordering=1>\".'),(1472,'2014-09-08 14:34:12',15,12,'46','Philosophy',2,'Changed content for textile page content \"TextilePageContent<pk=152, parent=Page<pk=46, Philosophy>, region=row2, ordering=0>\".'),(1473,'2014-09-08 14:34:39',15,12,'47','Political Science',2,'Changed content for textile page content \"TextilePageContent<pk=286, parent=Page<pk=47, Political Science>, region=row1, ordering=0>\". Changed content for textile page content \"TextilePageContent<pk=287, parent=Page<pk=47, Political Science>, region=row1, ordering=1>\".'),(1474,'2014-09-08 14:34:46',15,12,'47','Political Science',2,'Changed content for textile page content \"TextilePageContent<pk=288, parent=Page<pk=47, Political Science>, region=row2, ordering=0>\".'),(1475,'2014-09-08 14:35:46',15,12,'47','Political Science',2,'Changed content for textile page content \"TextilePageContent<pk=288, parent=Page<pk=47, Political Science>, region=row2, ordering=0>\".'),(1476,'2014-09-08 14:36:13',15,12,'4','Psychology',2,'Changed content for textile page content \"TextilePageContent<pk=211, parent=Page<pk=4, Psychology>, region=row1, ordering=0>\". Changed content for textile page content \"TextilePageContent<pk=212, parent=Page<pk=4, Psychology>, region=row1, ordering=1>\".'),(1477,'2014-09-08 14:36:38',15,12,'4','Psychology',2,'Changed content for textile page content \"TextilePageContent<pk=213, parent=Page<pk=4, Psychology>, region=row2, ordering=0>\". Changed content for textile page content \"TextilePageContent<pk=214, parent=Page<pk=4, Psychology>, region=row2, ordering=1>\".'),(1478,'2014-09-08 14:37:11',15,12,'37','Pre-Engineering',2,'Changed content for textile page content \"TextilePageContent<pk=198, parent=Page<pk=37, Pre-Engineering>, region=row1, ordering=0>\". Changed content for textile page content \"TextilePageContent<pk=147, parent=Page<pk=37, Pre-Engineering>, region=row1, ordering=1>\".'),(1479,'2014-09-08 14:37:32',15,12,'37','Pre-Engineering',2,'Changed content for textile page content \"TextilePageContent<pk=146, parent=Page<pk=37, Pre-Engineering>, region=row2, ordering=0>\".'),(1480,'2014-09-08 14:39:21',15,12,'36','Pre-Health',2,'Changed content for textile page content \"TextilePageContent<pk=301, parent=Page<pk=36, Pre-Health>, region=row2, ordering=1>\".'),(1481,'2014-09-08 14:39:47',15,12,'26','Public Relations Advertising',2,'Changed content for textile page content \"TextilePageContent<pk=248, parent=Page<pk=26, Public Relations Advertising>, region=row1, ordering=0>\". Changed content for textile page content \"TextilePageContent<pk=249, parent=Page<pk=26, Public Relations Advertising>, region=row1, ordering=1>\".'),(1482,'2014-09-08 14:40:00',15,12,'26','Public Relations Advertising',2,'Changed content for textile page content \"TextilePageContent<pk=250, parent=Page<pk=26, Public Relations Advertising>, region=row2, ordering=0>\". Changed content for textile page content \"TextilePageContent<pk=251, parent=Page<pk=26, Public Relations Advertising>, region=row2, ordering=1>\".'),(1483,'2014-09-08 14:40:31',15,12,'41','Pure Math',2,'Changed content for textile page content \"TextilePageContent<pk=274, parent=Page<pk=41, Pure Math>, region=row1, ordering=0>\".'),(1484,'2014-09-08 14:41:01',15,12,'41','Pure Math',2,'Changed content for textile page content \"TextilePageContent<pk=275, parent=Page<pk=41, Pure Math>, region=row1, ordering=1>\".'),(1485,'2014-09-08 14:41:35',15,12,'49','Social Science',2,'Changed content for textile page content \"TextilePageContent<pk=232, parent=Page<pk=49, Social Science>, region=row1, ordering=0>\". Changed content for textile page content \"TextilePageContent<pk=233, parent=Page<pk=49, Social Science>, region=row1, ordering=1>\".'),(1486,'2014-09-08 14:41:39',15,12,'49','Social Science',2,'No fields changed.'),(1487,'2014-09-08 14:42:16',15,12,'49','Social Science',2,'Changed content for textile page content \"TextilePageContent<pk=234, parent=Page<pk=49, Social Science>, region=row2, ordering=0>\".'),(1488,'2014-09-08 14:42:52',15,12,'50','Sociology',2,'Changed content for textile page content \"TextilePageContent<pk=166, parent=Page<pk=50, Sociology>, region=row1, ordering=0>\". Changed content for textile page content \"TextilePageContent<pk=163, parent=Page<pk=50, Sociology>, region=row1, ordering=1>\".'),(1489,'2014-09-08 14:43:03',15,12,'50','Sociology',2,'Changed content for textile page content \"TextilePageContent<pk=165, parent=Page<pk=50, Sociology>, region=row2, ordering=1>\".'),(1490,'2014-09-08 14:43:30',15,12,'3','Studio Art',2,'Changed content for textile page content \"TextilePageContent<pk=204, parent=Page<pk=3, Studio Art>, region=row1, ordering=0>\". Changed content for textile page content \"TextilePageContent<pk=205, parent=Page<pk=3, Studio Art>, region=row1, ordering=1>\".'),(1491,'2014-09-08 14:43:47',15,12,'3','Studio Art',2,'Changed content for textile page content \"TextilePageContent<pk=206, parent=Page<pk=3, Studio Art>, region=row2, ordering=1>\".'),(1492,'2014-09-08 14:43:56',15,12,'3','Studio Art',2,'Changed content for textile page content \"TextilePageContent<pk=207, parent=Page<pk=3, Studio Art>, region=row2, ordering=0>\".'),(1493,'2014-09-08 14:44:31',15,12,'51','Teacher Education',2,'Changed content for textile page content \"TextilePageContent<pk=161, parent=Page<pk=51, Teacher Education>, region=row1, ordering=0>\". Changed content for textile page content \"TextilePageContent<pk=159, parent=Page<pk=51, Teacher Education>, region=row1, ordering=1>\".'),(1494,'2014-09-08 14:44:42',15,12,'51','Teacher Education',2,'Changed content for textile page content \"TextilePageContent<pk=160, parent=Page<pk=51, Teacher Education>, region=row2, ordering=1>\".'),(1495,'2014-09-08 14:45:16',15,12,'22','Theater',2,'Changed content for textile page content \"TextilePageContent<pk=201, parent=Page<pk=22, Theater>, region=row1, ordering=0>\". Changed content for textile page content \"TextilePageContent<pk=202, parent=Page<pk=22, Theater>, region=row1, ordering=1>\".'),(1496,'2014-09-08 14:48:21',15,12,'22','Theater',2,'Changed content for textile page content \"TextilePageContent<pk=203, parent=Page<pk=22, Theater>, region=row2, ordering=0>\".'),(1497,'2014-09-08 14:48:51',15,12,'52','Theology',2,'Changed content for textile page content \"TextilePageContent<pk=170, parent=Page<pk=52, Theology>, region=row1, ordering=0>\". Changed content for textile page content \"TextilePageContent<pk=168, parent=Page<pk=52, Theology>, region=row1, ordering=1>\".'),(1498,'2014-09-08 14:48:58',15,12,'52','Theology',2,'Changed content for textile page content \"TextilePageContent<pk=169, parent=Page<pk=52, Theology>, region=row2, ordering=0>\".'),(1499,'2014-09-08 14:49:27',15,12,'52','Theology',2,'Changed content for textile page content \"TextilePageContent<pk=170, parent=Page<pk=52, Theology>, region=row1, ordering=0>\".'),(1500,'2014-09-08 14:49:47',15,12,'31','Writing',2,'Changed content for textile page content \"TextilePageContent<pk=260, parent=Page<pk=31, Writing>, region=row1, ordering=0>\". Changed content for textile page content \"TextilePageContent<pk=262, parent=Page<pk=31, Writing>, region=row1, ordering=1>\".'),(1501,'2014-09-08 14:50:17',15,12,'31','Writing',2,'Changed content for textile page content \"TextilePageContent<pk=261, parent=Page<pk=31, Writing>, region=row2, ordering=0>\".'),(1502,'2014-09-09 08:21:31',15,27,'131','Nicholas Olvera',1,''),(1503,'2014-09-09 09:16:40',15,27,'61','James Kizziah ’15',2,'Changed image.'),(1504,'2014-09-09 09:17:02',15,27,'60','James Kizziah ’15',2,'Changed image.'),(1505,'2014-09-09 09:17:08',15,27,'60','James Kizziah ’15',2,'No fields changed.'),(1506,'2014-09-09 10:17:38',16,12,'11','Service Learning',2,'Changed content for textile page content \"TextilePageContent<pk=29, parent=Page<pk=11, Service Learning>, region=main, ordering=2>\".'),(1507,'2014-09-09 10:42:56',16,12,'55','Academic Calendar',1,''),(1508,'2014-09-09 10:51:02',16,12,'56','Academic Resources',1,''),(1509,'2014-09-09 10:53:02',16,12,'56','Academic Resources',2,'Changed content for textile page content \"TextilePageContent<pk=306, parent=Page<pk=56, Academic Resources>, region=main, ordering=0>\".'),(1510,'2014-09-09 10:53:16',16,12,'56','Academic Resources',2,'No fields changed.'),(1511,'2014-09-09 10:56:13',16,12,'56','Academic Resources',2,'Changed content for textile page content \"TextilePageContent<pk=306, parent=Page<pk=56, Academic Resources>, region=main, ordering=0>\".'),(1512,'2014-09-09 10:57:10',16,12,'56','Academic Resources',2,'Changed content for textile page content \"TextilePageContent<pk=306, parent=Page<pk=56, Academic Resources>, region=main, ordering=0>\".'),(1513,'2014-09-09 10:59:58',15,12,'42','Nursing',2,'No fields changed.'),(1514,'2014-09-09 11:00:56',16,12,'56','Academic Services',2,'Changed title and slug.'),(1515,'2014-09-09 11:21:36',15,12,'40','Computer Analysis',2,'Deleted textile page content \"TextilePageContent<pk=None, parent=Page<pk=40, Computer Analysis>, region=sidebar, ordering=0>\".'),(1516,'2014-09-09 11:29:15',16,24,'1','Academic Info Request Form',2,'Changed email_copies.'),(1517,'2014-09-09 11:32:13',16,24,'1','Academic Info Request Form',2,'Changed email_message.'),(1518,'2014-09-09 13:01:05',15,12,'53','International Business',2,'Deleted textile page content \"TextilePageContent<pk=None, parent=Page<pk=53, International Business>, region=sidebar, ordering=0>\".'),(1519,'2014-09-09 13:25:16',15,12,'36','Pre-Health',2,'Deleted textile page content \"TextilePageContent<pk=None, parent=Page<pk=36, Pre-Health>, region=sidebar, ordering=0>\".'),(1520,'2014-09-09 14:37:10',16,12,'28','General Studies',2,'Changed _content_title.'),(1521,'2014-09-09 14:57:01',15,12,'16','Accounting',2,'Changed content for textile page content \"TextilePageContent<pk=184, parent=Page<pk=16, Accounting>, region=row2, ordering=0>\".'),(1522,'2014-09-09 14:57:24',15,12,'38','Actuarial Math',2,'Changed content for textile page content \"TextilePageContent<pk=289, parent=Page<pk=38, Actuarial Math>, region=row1, ordering=0>\".'),(1523,'2014-09-09 14:57:34',15,12,'39','Applied Math',2,'Changed content for textile page content \"TextilePageContent<pk=192, parent=Page<pk=39, Applied Math>, region=row1, ordering=0>\".'),(1524,'2014-09-09 14:57:38',15,12,'39','Applied Math',2,'No fields changed.'),(1525,'2014-09-09 14:57:48',15,12,'21','Art Business',2,'Changed content for textile page content \"TextilePageContent<pk=235, parent=Page<pk=21, Art Business>, region=row1, ordering=0>\".'),(1526,'2014-09-09 14:57:59',15,12,'32','Biochemistry',2,'Changed content for textile page content \"TextilePageContent<pk=263, parent=Page<pk=32, Biochemistry>, region=row1, ordering=0>\".'),(1527,'2014-09-09 14:58:10',15,12,'34','Cellular and Molecular Biology',2,'Changed content for textile page content \"TextilePageContent<pk=266, parent=Page<pk=34, Cellular and Molecular Biology>, region=row1, ordering=0>\".'),(1528,'2014-09-09 14:58:23',15,12,'40','Computer Analysis',2,'Changed content for textile page content \"TextilePageContent<pk=291, parent=Page<pk=40, Computer Analysis>, region=row1, ordering=0>\".'),(1529,'2014-09-09 14:58:33',15,12,'40','Computer Analysis',2,'No fields changed.'),(1530,'2014-09-09 14:58:41',15,12,'20','Computer Information Systems',2,'No fields changed.'),(1531,'2014-09-09 14:58:48',16,24,'1','Academic Info Request Form',2,'Changed email_subject.'),(1532,'2014-09-09 14:59:02',15,12,'17','Financial Economics',2,'Changed content for textile page content \"TextilePageContent<pk=219, parent=Page<pk=17, Financial Economics>, region=row1, ordering=0>\".'),(1533,'2014-09-09 14:59:23',15,12,'28','General Studies',2,'Changed content for textile page content \"TextilePageContent<pk=188, parent=Page<pk=28, General Studies>, region=row1, ordering=0>\".'),(1534,'2014-09-09 15:00:15',15,12,'29','Hispanic Studies',2,'Changed content for textile page content \"TextilePageContent<pk=256, parent=Page<pk=29, Hispanic Studies>, region=row1, ordering=0>\".'),(1535,'2014-09-09 15:00:36',15,12,'44','History',2,'Changed content for textile page content \"TextilePageContent<pk=284, parent=Page<pk=44, History>, region=row1, ordering=0>\".'),(1536,'2014-09-09 15:00:46',15,12,'30','Interdisciplinary Humanities',2,'Changed content for textile page content \"TextilePageContent<pk=258, parent=Page<pk=30, Interdisciplinary Humanities>, region=row1, ordering=0>\".'),(1537,'2014-09-09 15:01:05',15,12,'45','International Studies',2,'Changed content for textile page content \"TextilePageContent<pk=293, parent=Page<pk=45, International Studies>, region=row1, ordering=0>\".'),(1538,'2014-09-09 15:01:23',15,12,'19','Management Marketing',2,'Changed content for textile page content \"TextilePageContent<pk=226, parent=Page<pk=19, Management Marketing>, region=row1, ordering=0>\".'),(1539,'2014-09-09 15:01:49',15,12,'46','Philosophy',2,'Changed content for textile page content \"TextilePageContent<pk=153, parent=Page<pk=46, Philosophy>, region=row1, ordering=0>\".'),(1540,'2014-09-09 15:02:08',15,12,'4','Psychology',2,'Changed content for textile page content \"TextilePageContent<pk=211, parent=Page<pk=4, Psychology>, region=row1, ordering=0>\".'),(1541,'2014-09-09 15:02:20',15,12,'37','Pre-Engineering',2,'Changed content for textile page content \"TextilePageContent<pk=198, parent=Page<pk=37, Pre-Engineering>, region=row1, ordering=0>\".'),(1542,'2014-09-09 15:02:49',15,12,'41','Pure Math',2,'Changed content for textile page content \"TextilePageContent<pk=274, parent=Page<pk=41, Pure Math>, region=row1, ordering=0>\".'),(1543,'2014-09-09 15:03:08',16,24,'1','Academic Info Request Form',2,'Changed email_subject.'),(1544,'2014-09-09 15:35:53',15,12,'53','International Business',2,'Changed content for textile page content \"TextilePageContent<pk=225, parent=Page<pk=53, International Business>, region=row2, ordering=0>\".'),(1545,'2014-09-09 15:36:09',15,12,'16','Accounting',2,'Changed content for textile page content \"TextilePageContent<pk=172, parent=Page<pk=16, Accounting>, region=row2, ordering=1>\".'),(1546,'2014-09-09 15:36:32',15,12,'19','Management Marketing',2,'Changed content for textile page content \"TextilePageContent<pk=228, parent=Page<pk=19, Management Marketing>, region=row2, ordering=0>\".'),(1547,'2014-09-09 15:36:59',15,12,'20','Computer Information Systems',2,'Changed content for textile page content \"TextilePageContent<pk=231, parent=Page<pk=20, Computer Information Systems>, region=row2, ordering=0>\".'),(1548,'2014-09-10 11:10:05',15,12,'16','Accounting',2,'Changed content for textile page content \"TextilePageContent<pk=184, parent=Page<pk=16, Accounting>, region=row2, ordering=0>\".'),(1549,'2014-09-10 11:10:41',15,12,'16','Accounting',2,'Changed content for textile page content \"TextilePageContent<pk=41, parent=Page<pk=16, Accounting>, region=row1, ordering=0>\".'),(1550,'2014-09-10 11:10:55',15,12,'16','Accounting',2,'Changed content for textile page content \"TextilePageContent<pk=184, parent=Page<pk=16, Accounting>, region=row2, ordering=0>\".'),(1551,'2014-09-10 11:15:06',15,12,'20','Computer Information Systems',2,'No fields changed.'),(1552,'2014-09-10 11:19:05',15,12,'17','Financial Economics',2,'Changed content for textile page content \"TextilePageContent<pk=219, parent=Page<pk=17, Financial Economics>, region=row1, ordering=0>\".'),(1553,'2014-09-10 11:21:03',15,12,'17','Financial Economics',2,'Changed content for textile page content \"TextilePageContent<pk=222, parent=Page<pk=17, Financial Economics>, region=row2, ordering=1>\".'),(1554,'2014-09-10 11:27:00',15,12,'53','International Business',2,'Changed content for textile page content \"TextilePageContent<pk=225, parent=Page<pk=53, International Business>, region=row2, ordering=0>\".'),(1555,'2014-09-10 11:27:57',15,12,'19','Management Marketing',2,'Changed content for textile page content \"TextilePageContent<pk=228, parent=Page<pk=19, Management Marketing>, region=row2, ordering=0>\".'),(1556,'2014-09-10 11:29:33',15,12,'19','Management Marketing',2,'Changed content for textile page content \"TextilePageContent<pk=228, parent=Page<pk=19, Management Marketing>, region=row2, ordering=0>\".'),(1557,'2014-09-10 11:33:30',15,12,'21','Art Business',2,'Changed content for textile page content \"TextilePageContent<pk=297, parent=Page<pk=21, Art Business>, region=row1, ordering=1>\".'),(1558,'2014-09-10 11:55:51',15,27,'126','Whitney Webre',2,'Changed content.'),(1559,'2014-09-10 13:50:28',15,12,'42','Nursing',2,'Changed content for textile page content \"TextilePageContent<pk=278, parent=Page<pk=42, Nursing>, region=row2, ordering=1>\".'),(1560,'2014-09-10 13:50:57',15,12,'42','Nursing',2,'No fields changed.'),(1561,'2014-09-10 14:00:16',15,12,'37','Pre-Engineering',2,'Changed content for textile page content \"TextilePageContent<pk=146, parent=Page<pk=37, Pre-Engineering>, region=row2, ordering=0>\".'),(1562,'2014-09-10 14:12:40',15,27,'132','Dr. Jamie Franco Zamudio',1,''),(1563,'2014-09-10 14:14:09',15,27,'133','Dr. Jamie Franco Zamudio',1,''),(1564,'2014-09-10 14:14:17',15,12,'4','Psychology',2,'Changed testimonials.'),(1565,'2014-09-10 14:14:41',15,27,'133','Dr. Jamie Franco Zamudio',2,'Changed image.'),(1566,'2014-09-10 14:20:14',15,27,'134','Dr. Lisa Hager',1,''),(1567,'2014-09-10 14:20:21',15,12,'4','Psychology',2,'Changed testimonials.'),(1568,'2014-09-10 14:21:15',15,27,'134','Dr. Lisa Hager',2,'Changed content.'),(1569,'2014-09-10 14:21:49',15,12,'22','Theater',2,'Changed content for textile page content \"TextilePageContent<pk=203, parent=Page<pk=22, Theater>, region=row2, ordering=0>\".'),(1570,'2014-09-10 14:30:21',15,27,'41','Gabriella Edgerson ’13',2,'Changed image.'),(1571,'2014-09-10 14:40:28',15,12,'46','Philosophy',2,'Changed content for textile page content \"TextilePageContent<pk=152, parent=Page<pk=46, Philosophy>, region=row2, ordering=0>\".'),(1572,'2014-09-10 14:41:01',15,12,'46','Philosophy',2,'No fields changed.'),(1573,'2014-09-10 15:01:40',16,12,'57','Test Media List',1,''),(1574,'2014-09-10 15:02:21',16,12,'57','Test Media List',2,'Changed active.'),(1575,'2014-09-10 15:03:12',16,12,'57','Test Media List',2,'No fields changed.'),(1576,'2014-09-10 15:03:56',16,12,'57','Test Media List',2,'Added textile page content \"TextilePageContent<pk=307, parent=Page<pk=57, Test Media List>, region=main, ordering=0>\". Changed ordering for template content \"TemplateContent<pk=5, parent=Page<pk=57, Test Media List>, region=main, ordering=1>\".'),(1577,'2014-09-10 15:04:36',16,12,'57','Test Media List',2,'Changed content for textile page content \"TextilePageContent<pk=307, parent=Page<pk=57, Test Media List>, region=main, ordering=0>\".'),(1578,'2014-09-10 15:31:58',16,12,'57','Test Media List',3,''),(1579,'2014-09-11 13:44:20',15,12,'23','Graphic Design',2,'Changed content for textile page content \"TextilePageContent<pk=239, parent=Page<pk=23, Graphic Design>, region=row2, ordering=1>\".'),(1580,'2014-09-11 13:58:27',15,12,'23','Graphic Design',2,'Changed content for textile page content \"TextilePageContent<pk=239, parent=Page<pk=23, Graphic Design>, region=row2, ordering=1>\".'),(1581,'2014-09-11 13:58:33',15,12,'23','Graphic Design',2,'No fields changed.'),(1582,'2014-09-11 14:00:35',15,12,'23','Graphic Design',2,'Changed testimonials.'),(1583,'2014-09-11 14:14:56',15,27,'31','Janden Richards',2,'Changed image.'),(1584,'2014-09-12 14:22:19',15,27,'41','Gabrielle Edgerson ’13',2,'Changed attribution.'),(1585,'2014-09-12 14:25:25',15,12,'26','Public Relations Advertising',2,'Changed content for textile page content \"TextilePageContent<pk=251, parent=Page<pk=26, Public Relations Advertising>, region=row2, ordering=1>\".'),(1586,'2014-09-12 14:37:30',15,27,'135','Dr. Sharee Broussard',1,''),(1587,'2014-09-12 14:37:35',15,12,'26','Public Relations Advertising',2,'Changed testimonials.'),(1588,'2014-09-12 14:38:03',15,12,'26','Public Relations Advertising',2,'Changed content for textile page content \"TextilePageContent<pk=251, parent=Page<pk=26, Public Relations Advertising>, region=row2, ordering=1>\".'),(1589,'2014-09-12 14:40:24',15,12,'26','Public Relations Advertising',2,'Changed content for textile page content \"TextilePageContent<pk=251, parent=Page<pk=26, Public Relations Advertising>, region=row2, ordering=1>\".'),(1590,'2014-09-12 14:41:02',15,12,'25','Journalism',2,'Changed content for textile page content \"TextilePageContent<pk=247, parent=Page<pk=25, Journalism>, region=row2, ordering=0>\".'),(1591,'2014-09-12 14:41:29',15,12,'24','Digital Video Production',2,'Changed content for textile page content \"TextilePageContent<pk=298, parent=Page<pk=24, Digital Video Production>, region=row2, ordering=0>\".'),(1592,'2014-09-12 14:43:30',15,12,'26','Public Relations Advertising',2,'Changed content for textile page content \"TextilePageContent<pk=248, parent=Page<pk=26, Public Relations Advertising>, region=row1, ordering=0>\".'),(1593,'2014-09-12 14:50:10',15,12,'26','Public Relations Advertising',2,'No fields changed.'),(1594,'2014-09-17 15:12:01',15,12,'3','Studio Art',2,'Changed content for textile page content \"TextilePageContent<pk=207, parent=Page<pk=3, Studio Art>, region=row2, ordering=0>\".'),(1595,'2014-09-17 16:14:37',15,12,'3','Studio Art',2,'Changed content for textile page content \"TextilePageContent<pk=207, parent=Page<pk=3, Studio Art>, region=row2, ordering=0>\".'),(1596,'2014-09-17 16:15:20',15,12,'3','Studio Art',2,'Changed content for textile page content \"TextilePageContent<pk=204, parent=Page<pk=3, Studio Art>, region=row1, ordering=0>\".'),(1597,'2014-09-17 16:18:39',15,27,'131','Nicolas Olvera',2,'Changed attribution.'),(1598,'2014-09-17 16:19:43',15,27,'131','Nicolas Olvera',2,'Changed image.'),(1599,'2014-09-17 16:20:13',15,12,'53','International Business',2,'Changed testimonials.'),(1600,'2014-09-19 13:22:18',16,12,'58','Forensics',1,''),(1601,'2014-09-19 13:22:35',16,12,'58','Forensics',2,'No fields changed.'),(1602,'2014-09-19 13:22:48',16,12,'59','French',1,''),(1603,'2014-09-19 13:23:18',16,12,'59','French',2,'Changed active, parent and _content_title.'),(1604,'2014-09-19 13:23:36',16,12,'60','Latin American Studies',1,''),(1605,'2014-09-19 13:24:02',16,12,'60','Latin American Studies',2,'Changed _content_title.'),(1606,'2014-09-19 13:24:39',16,12,'61','Spanish',1,''),(1607,'2014-09-19 13:24:49',16,12,'62','Pre Law',1,''),(1608,'2014-09-19 13:25:24',16,12,'62','Pre-Law',2,'Changed title, parent and _content_title.'),(1609,'2014-09-19 13:25:42',16,12,'63','Business Administration',1,''),(1610,'2014-09-19 13:25:51',16,12,'63','Business Administration',2,'Changed _content_title.'),(1611,'2014-09-19 13:25:59',16,12,'64','Finance',1,''),(1612,'2014-09-19 13:26:17',16,12,'64','Finance',2,'Changed parent and _content_title.'),(1613,'2014-09-19 15:07:06',15,27,'136','Alexis Esnault 15',1,''),(1614,'2014-09-19 15:08:27',15,27,'137','Alexis Esnault \'15',1,''),(1615,'2014-09-19 15:08:44',15,12,'62','Pre-Law',2,'Changed testimonials.'),(1616,'2014-09-19 15:10:36',15,12,'62','Pre-Law',2,'Added textile page content \"TextilePageContent<pk=308, parent=Page<pk=62, Pre-Law>, region=row1, ordering=0>\".'),(1617,'2014-09-19 15:12:35',15,12,'62','Pre-Law',2,'Added textile page content \"TextilePageContent<pk=309, parent=Page<pk=62, Pre-Law>, region=row2, ordering=0>\".'),(1618,'2014-09-19 15:14:32',15,12,'62','Pre-Law',2,'Changed content for textile page content \"TextilePageContent<pk=309, parent=Page<pk=62, Pre-Law>, region=row2, ordering=0>\".'),(1619,'2014-09-19 15:15:22',15,27,'138','Heather Houston \'02',1,''),(1620,'2014-09-19 15:16:18',15,27,'139','Heather Houston \'02',1,''),(1621,'2014-09-19 15:18:23',15,27,'140','Jordan Biggers \'12',1,''),(1622,'2014-09-19 15:19:29',15,27,'141','Jordan Biggers \'12',1,''),(1623,'2014-09-19 15:19:48',15,12,'62','Pre-Law',2,'Changed testimonials.'),(1624,'2014-09-19 15:22:05',15,12,'62','Pre-Law',2,'Added textile page content \"TextilePageContent<pk=310, parent=Page<pk=62, Pre-Law>, region=row1, ordering=1>\".'),(1625,'2014-09-19 15:23:53',15,12,'62','Pre-Law',2,'Added textile page content \"TextilePageContent<pk=311, parent=Page<pk=62, Pre-Law>, region=row1, ordering=2>\". Changed content for textile page content \"TextilePageContent<pk=310, parent=Page<pk=62, Pre-Law>, region=row1, ordering=1>\".'),(1626,'2014-09-19 15:24:09',15,12,'62','Pre-Law',2,'Deleted textile page content \"TextilePageContent<pk=None, parent=Page<pk=62, Pre-Law>, region=row1, ordering=2>\".'),(1627,'2014-09-19 15:29:49',15,12,'62','Pre-Law',2,'Added textile page content \"TextilePageContent<pk=312, parent=Page<pk=62, Pre-Law>, region=row1, ordering=2>\". Changed content for textile page content \"TextilePageContent<pk=310, parent=Page<pk=62, Pre-Law>, region=row1, ordering=1>\".'),(1628,'2014-09-19 15:30:07',15,12,'62','Pre-Law',2,'No fields changed.'),(1629,'2014-09-19 15:30:58',15,12,'62','Pre-Law',2,'Changed content for textile page content \"TextilePageContent<pk=312, parent=Page<pk=62, Pre-Law>, region=row1, ordering=2>\".'),(1630,'2014-09-19 15:33:50',15,12,'62','Pre-Law',2,'Added textile page content \"TextilePageContent<pk=313, parent=Page<pk=62, Pre-Law>, region=row2, ordering=0>\". Changed ordering for textile page content \"TextilePageContent<pk=309, parent=Page<pk=62, Pre-Law>, region=row2, ordering=1>\".'),(1631,'2014-09-22 09:56:02',15,12,'62','Pre-Law',2,'Added textile page content \"TextilePageContent<pk=314, parent=Page<pk=62, Pre-Law>, region=main, ordering=0>\". Added textile page content \"TextilePageContent<pk=315, parent=Page<pk=62, Pre-Law>, region=main, ordering=1>\".'),(1632,'2014-09-22 09:57:32',15,12,'62','Pre-Law',2,'Deleted textile page content \"TextilePageContent<pk=None, parent=Page<pk=62, Pre-Law>, region=row1, ordering=0>\".'),(1633,'2014-09-22 09:58:20',15,12,'62','Pre-Law',2,'Changed content and ordering for textile page content \"TextilePageContent<pk=310, parent=Page<pk=62, Pre-Law>, region=row1, ordering=0>\". Changed content and ordering for textile page content \"TextilePageContent<pk=312, parent=Page<pk=62, Pre-Law>, region=row1, ordering=1>\".'),(1634,'2014-09-22 10:00:17',15,12,'62','Pre-Law',2,'Changed content for textile page content \"TextilePageContent<pk=315, parent=Page<pk=62, Pre-Law>, region=main, ordering=1>\".'),(1635,'2014-09-22 10:00:36',15,12,'62','Pre-Law',2,'No fields changed.'),(1636,'2014-09-22 10:03:03',15,12,'58','Forensics',2,'Added textile page content \"TextilePageContent<pk=316, parent=Page<pk=58, Forensics>, region=row2, ordering=0>\". Added textile page content \"TextilePageContent<pk=317, parent=Page<pk=58, Forensics>, region=row2, ordering=1>\".'),(1637,'2014-09-22 10:04:29',15,12,'58','Forensics',2,'Added textile page content \"TextilePageContent<pk=318, parent=Page<pk=58, Forensics>, region=row1, ordering=0>\".'),(1638,'2014-09-22 10:08:34',15,12,'58','Forensics',2,'Added textile page content \"TextilePageContent<pk=319, parent=Page<pk=58, Forensics>, region=row1, ordering=1>\". Changed content for textile page content \"TextilePageContent<pk=318, parent=Page<pk=58, Forensics>, region=row1, ordering=0>\".'),(1639,'2014-09-22 10:09:34',15,12,'58','Forensics',2,'Changed content for textile page content \"TextilePageContent<pk=319, parent=Page<pk=58, Forensics>, region=row1, ordering=1>\".'),(1640,'2014-09-22 10:12:19',15,12,'58','Forensics',2,'Added textile page content \"TextilePageContent<pk=320, parent=Page<pk=58, Forensics>, region=main, ordering=0>\". Added textile page content \"TextilePageContent<pk=321, parent=Page<pk=58, Forensics>, region=main, ordering=1>\".'),(1641,'2014-09-22 10:12:45',15,12,'62','Pre-Law',2,'Changed content for textile page content \"TextilePageContent<pk=315, parent=Page<pk=62, Pre-Law>, region=main, ordering=1>\".'),(1642,'2014-09-22 10:13:52',15,12,'58','Forensics',2,'Changed content for textile page content \"TextilePageContent<pk=321, parent=Page<pk=58, Forensics>, region=main, ordering=1>\".'),(1643,'2014-09-22 10:14:03',15,12,'62','Pre-Law',2,'Changed testimonials. Changed content for textile page content \"TextilePageContent<pk=315, parent=Page<pk=62, Pre-Law>, region=main, ordering=1>\".'),(1644,'2014-09-22 10:17:59',15,12,'58','Forensics',2,'Changed content for textile page content \"TextilePageContent<pk=316, parent=Page<pk=58, Forensics>, region=row2, ordering=0>\".'),(1645,'2014-09-22 10:20:13',15,12,'58','Forensics',2,'Changed content for textile page content \"TextilePageContent<pk=317, parent=Page<pk=58, Forensics>, region=row2, ordering=1>\".'),(1646,'2014-09-22 10:23:31',15,27,'142','Brianna Weis \'16',1,''),(1647,'2014-09-22 10:26:43',15,27,'143','Brianna Weis \'16',1,''),(1648,'2014-09-22 10:27:39',15,27,'144','Dr. Lesli Bordas',1,''),(1649,'2014-09-22 10:28:10',15,27,'145','Dr. Lesli Bordas',1,''),(1650,'2014-09-22 10:30:09',15,27,'146','Jordan Biggers \'12',1,''),(1651,'2014-09-22 10:30:30',15,12,'58','Forensics',2,'Changed testimonials.'),(1652,'2014-09-22 10:34:58',15,27,'147','Dr. Matthew Baugh, S.J.',1,''),(1653,'2014-09-22 10:36:38',15,27,'148','Dr. Matthew Baugh, S.J.',1,''),(1654,'2014-09-22 10:36:58',15,12,'58','Forensics',2,'Changed testimonials.'),(1655,'2014-09-22 10:39:49',15,12,'58','Forensics',2,'No fields changed.'),(1656,'2014-09-22 10:53:14',15,12,'61','Spanish',2,'Added textile page content \"TextilePageContent<pk=322, parent=Page<pk=61, Spanish>, region=main, ordering=0>\".'),(1657,'2014-09-22 11:04:50',15,12,'61','Spanish',2,'Added textile page content \"TextilePageContent<pk=323, parent=Page<pk=61, Spanish>, region=banner, ordering=0>\". Added textile page content \"TextilePageContent<pk=324, parent=Page<pk=61, Spanish>, region=banner, ordering=1>\".'),(1658,'2014-09-22 11:05:14',15,12,'61','Spanish',2,'Changed content for textile page content \"TextilePageContent<pk=324, parent=Page<pk=61, Spanish>, region=banner, ordering=1>\".'),(1659,'2014-09-22 11:05:32',15,12,'61','Spanish',2,'Added textile page content \"TextilePageContent<pk=325, parent=Page<pk=61, Spanish>, region=row1, ordering=0>\".'),(1660,'2014-09-22 11:05:37',15,12,'61','Spanish',2,'No fields changed.'),(1661,'2014-09-22 11:05:54',15,12,'61','Spanish',2,'Added textile page content \"TextilePageContent<pk=326, parent=Page<pk=61, Spanish>, region=row1, ordering=1>\".'),(1662,'2014-09-22 11:07:51',15,12,'61','Spanish',2,'Added textile page content \"TextilePageContent<pk=327, parent=Page<pk=61, Spanish>, region=row2, ordering=0>\".'),(1663,'2014-09-22 11:08:28',15,12,'61','Spanish',2,'Added textile page content \"TextilePageContent<pk=328, parent=Page<pk=61, Spanish>, region=row2, ordering=1>\".'),(1664,'2014-09-22 11:09:35',15,12,'61','Spanish',2,'Changed content for textile page content \"TextilePageContent<pk=327, parent=Page<pk=61, Spanish>, region=row2, ordering=0>\". Deleted textile page content \"TextilePageContent<pk=None, parent=Page<pk=61, Spanish>, region=banner, ordering=0>\". Deleted textile page content \"TextilePageContent<pk=None, parent=Page<pk=61, Spanish>, region=banner, ordering=1>\".'),(1665,'2014-09-22 11:10:44',15,27,'149','Dominique Howard \'17',1,''),(1666,'2014-09-22 11:13:05',15,27,'150','Dominique Howard \'17',1,''),(1667,'2014-09-22 11:14:18',15,27,'151','Lenna Altamirano \'11',1,''),(1668,'2014-09-22 11:15:51',15,27,'152','Becca Van Gelder \'13',1,''),(1669,'2014-09-22 11:17:19',15,12,'61','Spanish',2,'Changed testimonials.'),(1670,'2014-09-22 11:17:40',15,12,'61','Spanish',2,'No fields changed.'),(1671,'2014-09-22 11:18:12',15,12,'63','Business Administration',2,'Added textile page content \"TextilePageContent<pk=329, parent=Page<pk=63, Business Administration>, region=main, ordering=0>\".'),(1672,'2014-09-22 11:19:33',15,27,'153','Deanna Etzold \'14',1,''),(1673,'2014-09-22 11:23:40',15,27,'154','Deanna Etzold \'14',1,''),(1674,'2014-09-22 11:23:43',15,12,'63','Business Administration',2,'Changed testimonials.'),(1675,'2014-09-22 11:25:08',15,12,'63','Business Administration',2,'Changed testimonials.'),(1676,'2014-09-22 11:27:22',15,12,'63','Business Administration',2,'Added textile page content \"TextilePageContent<pk=330, parent=Page<pk=63, Business Administration>, region=row1, ordering=0>\".'),(1677,'2014-09-22 11:28:43',15,12,'63','Business Administration',2,'No fields changed.'),(1678,'2014-09-22 11:28:54',15,12,'63','Business Administration',2,'Changed content for textile page content \"TextilePageContent<pk=329, parent=Page<pk=63, Business Administration>, region=main, ordering=0>\".'),(1679,'2014-09-22 11:29:49',15,12,'63','Business Administration',2,'Added textile page content \"TextilePageContent<pk=331, parent=Page<pk=63, Business Administration>, region=row2, ordering=0>\".'),(1680,'2014-09-22 11:34:54',15,12,'63','Business Administration',2,'Changed content for textile page content \"TextilePageContent<pk=331, parent=Page<pk=63, Business Administration>, region=row2, ordering=0>\".'),(1681,'2014-09-22 11:36:50',15,12,'63','Business Administration',2,'Added textile page content \"TextilePageContent<pk=332, parent=Page<pk=63, Business Administration>, region=row2, ordering=0>\". Changed ordering for textile page content \"TextilePageContent<pk=331, parent=Page<pk=63, Business Administration>, region=row2, ordering=1>\".'),(1682,'2014-09-22 11:39:47',15,12,'63','Business Administration',2,'Changed content for textile page content \"TextilePageContent<pk=332, parent=Page<pk=63, Business Administration>, region=row2, ordering=0>\".'),(1683,'2014-09-22 11:39:50',15,12,'63','Business Administration',2,'No fields changed.'),(1684,'2014-09-22 11:40:46',15,12,'63','Business Administration',2,'Added textile page content \"TextilePageContent<pk=333, parent=Page<pk=63, Business Administration>, region=row1, ordering=1>\".'),(1685,'2014-09-22 11:40:51',15,12,'63','Business Administration',2,'Added textile page content \"TextilePageContent<pk=334, parent=Page<pk=63, Business Administration>, region=row1, ordering=1>\".'),(1686,'2014-09-22 11:41:06',15,12,'63','Business Administration',2,'Changed ordering for textile page content \"TextilePageContent<pk=334, parent=Page<pk=63, Business Administration>, region=row1, ordering=2>\". Deleted textile page content \"TextilePageContent<pk=None, parent=Page<pk=63, Business Administration>, region=row2, ordering=0>\".'),(1687,'2014-09-22 11:43:09',15,12,'60','Latin American Studies',2,'Added textile page content \"TextilePageContent<pk=335, parent=Page<pk=60, Latin American Studies>, region=main, ordering=0>\".'),(1688,'2014-09-22 11:43:12',15,12,'60','Latin American Studies',2,'Changed content for textile page content \"TextilePageContent<pk=335, parent=Page<pk=60, Latin American Studies>, region=main, ordering=0>\".'),(1689,'2014-09-22 11:43:15',15,12,'60','Latin American Studies',2,'No fields changed.'),(1690,'2014-09-22 11:45:47',15,12,'60','Latin American Studies',2,'Added textile page content \"TextilePageContent<pk=336, parent=Page<pk=60, Latin American Studies>, region=row1, ordering=0>\". Added textile page content \"TextilePageContent<pk=337, parent=Page<pk=60, Latin American Studies>, region=row1, ordering=1>\".'),(1691,'2014-09-22 11:48:19',15,12,'60','Latin American Studies',2,'Added textile page content \"TextilePageContent<pk=338, parent=Page<pk=60, Latin American Studies>, region=row2, ordering=0>\".'),(1692,'2014-09-22 11:48:55',15,12,'60','Latin American Studies',2,'No fields changed.'),(1693,'2014-09-22 11:49:44',15,27,'155','Dr. Robert Harding',1,''),(1694,'2014-09-22 11:49:47',15,12,'60','Latin American Studies',2,'Changed testimonials.'),(1695,'2014-09-22 11:51:09',15,12,'60','Latin American Studies',2,'Added textile page content \"TextilePageContent<pk=339, parent=Page<pk=60, Latin American Studies>, region=row2, ordering=0>\". Changed ordering for textile page content \"TextilePageContent<pk=338, parent=Page<pk=60, Latin American Studies>, region=row2, ordering=1>\".'),(1696,'2014-09-22 11:51:55',15,12,'64','Finance',2,'Added textile page content \"TextilePageContent<pk=340, parent=Page<pk=64, Finance>, region=main, ordering=0>\".'),(1697,'2014-09-22 13:36:03',15,12,'64','Finance',2,'No fields changed.'),(1698,'2014-09-22 13:38:26',15,27,'156','Heather Houston \'02',1,''),(1699,'2014-09-22 13:38:30',15,12,'62','Pre-Law',2,'Changed testimonials.'),(1700,'2014-09-22 13:39:01',15,12,'58','Forensics',2,'Changed testimonials.'),(1701,'2014-09-22 13:39:24',15,12,'62','Pre-Law',2,'Changed testimonials.'),(1702,'2014-09-22 13:40:58',15,27,'157','Alexis Esnault \'15',1,''),(1703,'2014-09-22 13:41:00',15,12,'62','Pre-Law',2,'Changed testimonials.'),(1704,'2014-09-22 13:42:30',15,12,'62','Pre-Law',2,'Changed content for textile page content \"TextilePageContent<pk=312, parent=Page<pk=62, Pre-Law>, region=row1, ordering=1>\".'),(1705,'2014-09-22 13:42:57',15,12,'62','Pre-Law',2,'Changed content for textile page content \"TextilePageContent<pk=309, parent=Page<pk=62, Pre-Law>, region=row2, ordering=1>\".'),(1706,'2014-09-22 13:43:20',15,12,'62','Pre-Law',2,'No fields changed.'),(1707,'2014-09-22 13:44:22',15,12,'58','Forensics',2,'No fields changed.'),(1708,'2014-09-22 13:52:45',15,27,'158','Taylor Hardenstein \'14',1,''),(1709,'2014-09-22 13:53:36',15,27,'159','Taylor Hardenstein \'14',1,''),(1710,'2014-09-22 13:53:43',15,12,'62','Pre-Law',2,'Changed testimonials.'),(1711,'2014-09-22 13:53:44',15,12,'62','Pre-Law',2,'No fields changed.'),(1712,'2014-09-22 14:28:30',15,27,'148','Dr. Matthew Baugh, S.J.',2,'Changed image.'),(1713,'2014-09-22 14:28:47',15,27,'147','Dr. Matthew Baugh, S.J.',2,'Changed image.'),(1714,'2014-09-22 14:29:20',15,27,'139','Heather Houston \'02',2,'Changed image.'),(1715,'2014-09-22 14:29:32',15,27,'138','Heather Houston \'02',2,'Changed image.'),(1716,'2014-09-22 14:34:32',15,27,'143','Brianna Weis \'16',2,'Changed image.'),(1717,'2014-09-22 14:34:51',15,27,'142','Brianna Weis \'16',2,'Changed image.'),(1718,'2014-09-22 14:35:14',15,27,'145','Dr. Lesli Bordas',2,'Changed image.'),(1719,'2014-09-22 14:35:59',15,27,'151','Lenna Altamirano \'11',2,'Changed content.'),(1720,'2014-09-22 14:39:00',15,12,'60','Latin American Studies',2,'Changed content for textile page content \"TextilePageContent<pk=337, parent=Page<pk=60, Latin American Studies>, region=row1, ordering=1>\".'),(1721,'2014-09-22 14:39:55',15,12,'64','Finance',2,'Changed testimonials.'),(1722,'2014-09-22 14:41:15',15,12,'64','Finance',2,'Changed testimonials.'),(1723,'2014-09-22 14:47:07',15,12,'64','Finance',2,'Added textile page content \"TextilePageContent<pk=341, parent=Page<pk=64, Finance>, region=row1, ordering=0>\".'),(1724,'2014-09-22 14:47:48',15,12,'64','Finance',2,'Added textile page content \"TextilePageContent<pk=342, parent=Page<pk=64, Finance>, region=row1, ordering=1>\".'),(1725,'2014-09-22 14:48:17',15,12,'64','Finance',2,'Added textile page content \"TextilePageContent<pk=343, parent=Page<pk=64, Finance>, region=row2, ordering=0>\".'),(1726,'2014-09-22 14:49:05',15,12,'64','Finance',2,'Added textile page content \"TextilePageContent<pk=344, parent=Page<pk=64, Finance>, region=row2, ordering=0>\". Changed ordering for textile page content \"TextilePageContent<pk=343, parent=Page<pk=64, Finance>, region=row2, ordering=1>\".'),(1727,'2014-09-22 14:53:43',15,12,'64','Finance',2,'Changed content for textile page content \"TextilePageContent<pk=340, parent=Page<pk=64, Finance>, region=main, ordering=0>\".'),(1728,'2014-09-22 14:55:11',15,12,'64','Finance',2,'Changed content for textile page content \"TextilePageContent<pk=344, parent=Page<pk=64, Finance>, region=row2, ordering=0>\". Changed content for textile page content \"TextilePageContent<pk=343, parent=Page<pk=64, Finance>, region=row2, ordering=1>\".'),(1729,'2014-09-22 14:55:28',15,12,'64','Finance',2,'No fields changed.'),(1730,'2014-09-22 14:56:09',15,12,'59','French',2,'Added textile page content \"TextilePageContent<pk=345, parent=Page<pk=59, French>, region=main, ordering=0>\".'),(1731,'2014-09-22 14:57:16',15,27,'160','Ashley Sanders \'14',1,''),(1732,'2014-09-22 14:57:55',15,27,'161','Dr. Colette Windish',1,''),(1733,'2014-09-22 14:57:57',15,12,'59','French',2,'Changed testimonials.'),(1734,'2014-09-22 14:59:25',15,12,'59','French',2,'Added textile page content \"TextilePageContent<pk=346, parent=Page<pk=59, French>, region=row1, ordering=0>\".'),(1735,'2014-09-22 15:02:24',15,12,'59','French',2,'Added textile page content \"TextilePageContent<pk=347, parent=Page<pk=59, French>, region=row1, ordering=1>\".'),(1736,'2014-09-22 15:05:11',15,12,'59','French',2,'Added textile page content \"TextilePageContent<pk=348, parent=Page<pk=59, French>, region=row2, ordering=0>\".'),(1737,'2014-09-22 15:06:13',15,12,'59','French',2,'Added textile page content \"TextilePageContent<pk=349, parent=Page<pk=59, French>, region=row2, ordering=1>\".'),(1738,'2014-09-22 15:07:09',15,12,'59','French',2,'Changed content for textile page content \"TextilePageContent<pk=349, parent=Page<pk=59, French>, region=row2, ordering=1>\".'),(1739,'2014-09-22 15:08:26',15,12,'59','French',2,'No fields changed.'),(1740,'2014-09-22 15:08:51',15,12,'59','French',2,'Changed content for textile page content \"TextilePageContent<pk=345, parent=Page<pk=59, French>, region=main, ordering=0>\".'),(1741,'2014-09-22 15:11:51',15,12,'62','Pre-Law',2,'Changed content for textile page content \"TextilePageContent<pk=310, parent=Page<pk=62, Pre-Law>, region=row1, ordering=0>\".'),(1742,'2014-09-22 15:13:00',15,12,'62','Pre-Law',2,'Changed content for textile page content \"TextilePageContent<pk=315, parent=Page<pk=62, Pre-Law>, region=main, ordering=1>\".'),(1743,'2014-09-22 15:14:32',15,12,'58','Forensics',2,'Changed content for textile page content \"TextilePageContent<pk=321, parent=Page<pk=58, Forensics>, region=main, ordering=1>\".'),(1744,'2014-09-22 15:15:56',15,12,'63','Business Administration',2,'Added textile page content \"TextilePageContent<pk=350, parent=Page<pk=63, Business Administration>, region=main, ordering=1>\". Changed ordering for textile page content \"TextilePageContent<pk=331, parent=Page<pk=63, Business Administration>, region=row2, ordering=0>\".'),(1745,'2014-09-22 15:17:29',15,12,'60','Latin American Studies',2,'Added textile page content \"TextilePageContent<pk=351, parent=Page<pk=60, Latin American Studies>, region=main, ordering=1>\".'),(1746,'2014-09-22 15:17:42',15,12,'60','Latin American Studies',2,'Changed content for textile page content \"TextilePageContent<pk=336, parent=Page<pk=60, Latin American Studies>, region=row1, ordering=0>\".'),(1747,'2014-09-22 15:18:26',15,12,'64','Finance',2,'Added textile page content \"TextilePageContent<pk=352, parent=Page<pk=64, Finance>, region=main, ordering=1>\".'),(1748,'2014-09-22 15:18:42',15,12,'64','Finance',2,'Changed content for textile page content \"TextilePageContent<pk=352, parent=Page<pk=64, Finance>, region=main, ordering=1>\".'),(1749,'2014-09-22 15:19:12',15,12,'60','Latin American Studies',2,'Changed content for textile page content \"TextilePageContent<pk=351, parent=Page<pk=60, Latin American Studies>, region=main, ordering=1>\".'),(1750,'2014-09-22 15:49:24',15,27,'162','Dr. Tom Hoffman',1,''),(1751,'2014-09-22 15:49:27',15,12,'62','Pre-Law',2,'Changed testimonials.'),(1752,'2014-09-22 15:49:52',16,12,'58','Forensics',2,'Changed active.'),(1753,'2014-09-22 15:50:27',16,12,'58','Forensics',2,'No fields changed.'),(1754,'2014-09-22 15:55:58',15,27,'162','Dr. Tom Hoffman',2,'Changed image.'),(1755,'2014-09-22 15:56:27',15,27,'128','Morgan Davis \'17',2,'No fields changed.'),(1756,'2014-09-22 16:01:33',16,10,'81','forensics.jpg',1,''),(1757,'2014-09-22 16:01:36',16,12,'58','Forensics',2,'Changed ordering for textile page content \"TextilePageContent<pk=320, parent=Page<pk=58, Forensics>, region=main, ordering=1>\". Changed ordering for textile page content \"TextilePageContent<pk=321, parent=Page<pk=58, Forensics>, region=main, ordering=2>\". Added media file \"MediaFileContent<pk=57, parent=Page<pk=58, Forensics>, region=main, ordering=0>\".'),(1758,'2014-09-22 16:06:01',16,10,'82','finance.jpg',1,''),(1759,'2014-09-22 16:06:06',16,12,'64','Finance',2,'Changed ordering for textile page content \"TextilePageContent<pk=340, parent=Page<pk=64, Finance>, region=main, ordering=2>\". Changed ordering for textile page content \"TextilePageContent<pk=352, parent=Page<pk=64, Finance>, region=main, ordering=3>\". Added media file \"MediaFileContent<pk=58, parent=Page<pk=64, Finance>, region=main, ordering=0>\".'),(1760,'2014-09-22 16:06:10',16,12,'64','Finance',2,'Changed active. Changed ordering for textile page content \"TextilePageContent<pk=340, parent=Page<pk=64, Finance>, region=main, ordering=1>\". Changed ordering for textile page content \"TextilePageContent<pk=352, parent=Page<pk=64, Finance>, region=main, ordering=2>\".'),(1761,'2014-09-22 16:07:57',15,27,'144','Dr. Lesli Bordas',2,'Changed image.'),(1762,'2014-09-22 16:08:00',15,27,'144','Dr. Lesli Bordas',2,'No fields changed.'),(1763,'2014-09-22 16:08:05',15,27,'145','Dr. Lesli Bordas',2,'No fields changed.'),(1764,'2014-09-22 16:08:34',16,10,'83','french.jpg',1,''),(1765,'2014-09-22 16:08:38',16,12,'59','French',2,'Changed active. Changed ordering for textile page content \"TextilePageContent<pk=345, parent=Page<pk=59, French>, region=main, ordering=1>\". Added media file \"MediaFileContent<pk=59, parent=Page<pk=59, French>, region=main, ordering=0>\".'),(1766,'2014-09-22 16:09:26',16,12,'59','French',2,'Changed content for textile page content \"TextilePageContent<pk=348, parent=Page<pk=59, French>, region=row2, ordering=0>\".'),(1767,'2014-09-22 16:12:21',15,27,'161','Dr. Colette Windish',2,'Changed image.'),(1768,'2014-09-22 16:12:54',15,12,'59','French',2,'Changed content for textile page content \"TextilePageContent<pk=349, parent=Page<pk=59, French>, region=row2, ordering=1>\".'),(1769,'2014-09-22 16:13:37',15,12,'59','French',2,'Changed content for textile page content \"TextilePageContent<pk=349, parent=Page<pk=59, French>, region=row2, ordering=1>\".'),(1770,'2014-09-22 16:13:38',16,10,'84','bus-admin.jpg',1,''),(1771,'2014-09-22 16:13:40',16,12,'63','Business Administration',2,'Changed ordering for textile page content \"TextilePageContent<pk=329, parent=Page<pk=63, Business Administration>, region=main, ordering=1>\". Changed ordering for textile page content \"TextilePageContent<pk=350, parent=Page<pk=63, Business Administration>, region=main, ordering=2>\". Added media file \"MediaFileContent<pk=60, parent=Page<pk=63, Business Administration>, region=main, ordering=0>\".'),(1772,'2014-09-22 16:16:21',16,12,'63','Business Administration',2,'Changed active.'),(1773,'2014-09-22 16:17:19',15,12,'63','Business Administration',2,'Changed content for textile page content \"TextilePageContent<pk=331, parent=Page<pk=63, Business Administration>, region=row2, ordering=0>\".'),(1774,'2014-09-22 16:19:01',15,12,'63','Business Administration',2,'Deleted textile page content \"TextilePageContent<pk=None, parent=Page<pk=63, Business Administration>, region=row1, ordering=1>\".'),(1775,'2014-09-22 16:26:29',16,10,'85','pre-law.jpg',1,''),(1776,'2014-09-22 16:26:40',16,12,'62','Pre-Law',2,'Changed ordering for textile page content \"TextilePageContent<pk=314, parent=Page<pk=62, Pre-Law>, region=main, ordering=1>\". Changed ordering for textile page content \"TextilePageContent<pk=315, parent=Page<pk=62, Pre-Law>, region=main, ordering=2>\". Added media file \"MediaFileContent<pk=61, parent=Page<pk=62, Pre-Law>, region=main, ordering=0>\".'),(1777,'2014-09-22 16:26:45',16,12,'62','Pre-Law',2,'Changed active.'),(1778,'2014-09-23 08:24:47',16,10,'86','spanish.jpg',1,''),(1779,'2014-09-23 08:24:55',16,12,'61','Spanish',2,'Changed ordering for textile page content \"TextilePageContent<pk=322, parent=Page<pk=61, Spanish>, region=main, ordering=1>\". Added media file \"MediaFileContent<pk=62, parent=Page<pk=61, Spanish>, region=main, ordering=0>\".'),(1780,'2014-09-23 08:26:56',16,12,'61','Spanish',2,'No fields changed.'),(1781,'2014-09-23 08:27:06',16,12,'61','Spanish',2,'Changed active.'),(1782,'2014-09-23 08:50:46',15,12,'62','Pre-Law',2,'Changed content for textile page content \"TextilePageContent<pk=312, parent=Page<pk=62, Pre-Law>, region=row1, ordering=1>\".'),(1783,'2014-09-23 08:51:56',15,12,'62','Pre-Law',2,'Changed content for textile page content \"TextilePageContent<pk=310, parent=Page<pk=62, Pre-Law>, region=row1, ordering=0>\".'),(1784,'2014-09-23 08:52:35',15,12,'62','Pre-Law',2,'Changed content for textile page content \"TextilePageContent<pk=314, parent=Page<pk=62, Pre-Law>, region=main, ordering=1>\". Changed content for textile page content \"TextilePageContent<pk=315, parent=Page<pk=62, Pre-Law>, region=main, ordering=2>\".'),(1785,'2014-09-23 08:55:44',15,12,'62','Pre-Law',2,'Changed content for textile page content \"TextilePageContent<pk=313, parent=Page<pk=62, Pre-Law>, region=row2, ordering=0>\".'),(1786,'2014-09-23 08:57:29',15,12,'63','Business Administration',2,'Changed content for textile page content \"TextilePageContent<pk=330, parent=Page<pk=63, Business Administration>, region=row1, ordering=0>\". Changed content and ordering for textile page content \"TextilePageContent<pk=334, parent=Page<pk=63, Business Administration>, region=row1, ordering=1>\".'),(1787,'2014-09-23 09:03:00',15,12,'63','Business Administration',2,'Added textile page content \"TextilePageContent<pk=353, parent=Page<pk=63, Business Administration>, region=row2, ordering=0>\". Changed ordering for textile page content \"TextilePageContent<pk=331, parent=Page<pk=63, Business Administration>, region=row2, ordering=1>\".'),(1788,'2014-09-23 09:05:32',15,12,'64','Finance',2,'No fields changed.'),(1789,'2014-09-23 09:08:09',15,12,'58','Forensics',2,'Changed content for textile page content \"TextilePageContent<pk=317, parent=Page<pk=58, Forensics>, region=row2, ordering=1>\".'),(1790,'2014-09-23 09:09:16',15,12,'58','Forensics',2,'No fields changed.'),(1791,'2014-09-23 10:01:19',15,12,'61','Spanish',2,'Changed content for textile page content \"TextilePageContent<pk=326, parent=Page<pk=61, Spanish>, region=row1, ordering=1>\".'),(1792,'2014-09-23 10:02:34',15,12,'61','Spanish',2,'No fields changed.'),(1793,'2014-09-23 10:03:06',15,12,'61','Spanish',2,'Changed content for textile page content \"TextilePageContent<pk=328, parent=Page<pk=61, Spanish>, region=row2, ordering=1>\".'),(1794,'2014-09-23 10:03:35',15,12,'61','Spanish',2,'Changed content for textile page content \"TextilePageContent<pk=328, parent=Page<pk=61, Spanish>, region=row2, ordering=1>\".'),(1795,'2014-09-23 10:08:16',15,12,'58','Forensics',2,'Changed _content_title.'),(1796,'2014-09-23 13:41:55',16,10,'87','latin-american-studies.jpg',1,''),(1797,'2014-09-23 13:42:02',16,12,'60','Latin American Studies',2,'Changed active. Changed ordering for textile page content \"TextilePageContent<pk=335, parent=Page<pk=60, Latin American Studies>, region=main, ordering=1>\". Changed ordering for textile page content \"TextilePageContent<pk=351, parent=Page<pk=60, Latin American Studies>, region=main, ordering=2>\". Added media file \"MediaFileContent<pk=63, parent=Page<pk=60, Latin American Studies>, region=main, ordering=0>\".'),(1798,'2014-09-24 11:59:43',15,27,'163','Matthew Burke \'14',1,''),(1799,'2014-09-24 12:07:24',15,12,'39','Applied Math',2,'Changed testimonials.'),(1800,'2014-09-24 12:07:53',15,27,'163','Matthew Burke \'14',2,'Changed image.'),(1801,'2014-09-24 12:07:56',15,27,'163','Matthew Burke \'14',2,'No fields changed.'),(1802,'2014-09-24 12:08:22',15,12,'38','Actuarial Math',2,'Changed testimonials.'),(1803,'2014-09-24 12:29:32',15,12,'41','Pure Math',2,'Changed testimonials.'),(1804,'2014-09-24 13:29:42',15,27,'163','Matthew Burke \'14',2,'Changed image.'),(1805,'2014-09-25 11:23:25',15,12,'3','Studio Art',2,'Changed content for textile page content \"TextilePageContent<pk=204, parent=Page<pk=3, Studio Art>, region=row1, ordering=0>\".'),(1806,'2014-09-29 09:41:18',15,27,'164','Sara Boccardo \'14',1,''),(1807,'2014-09-29 09:41:24',15,12,'60','Latin American Studies',2,'Changed testimonials.'),(1808,'2014-09-29 11:29:11',15,27,'165','Jeremy Buckner \'16',1,''),(1809,'2014-09-29 11:30:01',15,27,'166','Jeremy Buckner \'16',1,''),(1810,'2014-09-29 11:30:04',15,12,'27','English',2,'Changed testimonials.'),(1811,'2014-09-30 08:44:37',15,12,'3','Studio Art',2,'Changed content for textile page content \"TextilePageContent<pk=208, parent=Page<pk=3, Studio Art>, region=main, ordering=1>\".'),(1812,'2014-10-03 13:44:56',1,10,'87','Little girl with Llama',2,'Added media file translation \"Little girl with Llama\".'),(1813,'2014-10-03 13:50:05',1,10,'86','Latina women shopping',2,'Added media file translation \"Latina women shopping\".'),(1814,'2014-10-03 13:50:19',1,10,'85','Mock Supreme Court',2,'Added media file translation \"Mock Supreme Court\".'),(1815,'2014-10-03 13:50:35',1,10,'84','Students in Spring Hill classroom',2,'Added media file translation \"Students in Spring Hill classroom\".'),(1816,'2014-10-03 13:51:28',1,10,'83','Avenue des Champs-Élysées',2,'Added media file translation \"Avenue des Champs-Élysées\".'),(1817,'2014-10-03 13:51:46',1,10,'82','Students in Spring Hill classroom',2,'Added media file translation \"Students in Spring Hill classroom\".'),(1818,'2014-10-03 13:52:00',1,10,'81','Crime scene with skull',2,'Added media file translation \"Crime scene with skull\".'),(1819,'2014-10-03 13:52:20',1,10,'62','Students in Spring Hill library',2,'Added media file translation \"Students in Spring Hill library\".'),(1820,'2014-10-03 13:52:31',1,10,'61','Girl in Spring Hill classroom lecture',2,'Added media file translation \"Girl in Spring Hill classroom lecture\".'),(1821,'2014-10-03 13:52:52',1,10,'60','Students studying outside at Spring Hill ',2,'Added media file translation \"Students studying outside at Spring Hill \".'),(1822,'2014-10-03 13:53:51',1,10,'59','Port city in Italy',2,'Added media file translation \"Port city in Italy\".'),(1823,'2014-10-03 13:54:39',1,10,'58','Spring Hill students overlooking Italy',2,'Added media file translation \"Spring Hill students overlooking Italy\".'),(1824,'2014-10-03 13:55:02',1,10,'57','Spring Hill student study abroad',2,'Added media file translation \"Spring Hill student study abroad\".'),(1825,'2014-10-03 13:55:20',1,10,'56','Spring Hill students with Jesuit in classroom',2,'Added media file translation \"Spring Hill students with Jesuit in classroom\".'),(1826,'2014-10-03 13:55:48',1,10,'55','Spring Hill international service immersion program',2,'Added media file translation \"Spring Hill international service immersion program\".'),(1827,'2014-10-03 13:56:12',1,10,'54','Students walking near student center',2,'Added media file translation \"Students walking near student center\".'),(1828,'2014-10-03 13:56:32',1,10,'53','Statue on Spring Hill campus near Lucey Center',2,'Added media file translation \"Statue on Spring Hill campus near Lucey Center\".'),(1829,'2014-10-03 13:56:48',1,10,'48','Students study in Burke Library',2,'Added media file translation \"Students study in Burke Library\".'),(1830,'2014-10-03 13:56:57',1,10,'47','LEAP logo',2,'Added media file translation \"LEAP logo\".'),(1831,'2014-10-03 13:57:08',1,10,'46','Students study in Italy',2,'Added media file translation \"Students study in Italy\".'),(1832,'2014-10-03 13:57:20',1,10,'44','Spring Hill international service immersion program Jamaica',2,'Added media file translation \"Spring Hill international service immersion program Jamaica\".'),(1833,'2014-10-03 13:57:34',1,10,'43','Spring Hill international service immersion program Dominican Republic',2,'Added media file translation \"Spring Hill international service immersion program Dominican Republic\".'),(1834,'2014-10-03 13:57:45',1,10,'42','Spring Hill international service immersion program Jamaica',2,'Added media file translation \"Spring Hill international service immersion program Jamaica\".'),(1835,'2014-10-03 13:57:55',1,10,'41','Spring Hill international service immersion program Jamaica',2,'Added media file translation \"Spring Hill international service immersion program Jamaica\".'),(1836,'2014-10-03 13:58:16',1,10,'40','Studen acting in Spring Hill theater production',2,'Added media file translation \"Studen acting in Spring Hill theater production\".'),(1837,'2014-10-03 13:58:30',1,10,'39','Statue on Spring Hill campus near Lucey Center',2,'Added media file translation \"Statue on Spring Hill campus near Lucey Center\".'),(1838,'2014-10-03 13:58:52',1,10,'38','Student teaching in grade school classroom',2,'Added media file translation \"Student teaching in grade school classroom\".'),(1839,'2014-10-03 13:59:09',1,10,'37','Students on campus quad',2,'Added media file translation \"Students on campus quad\".'),(1840,'2014-10-03 13:59:21',1,10,'36','Girl in Spring Hill Burke Library',2,'Added media file translation \"Girl in Spring Hill Burke Library\".'),(1841,'2014-10-03 13:59:46',1,10,'35','Close up of door ornament',2,'Added media file translation \"Close up of door ornament\".'),(1842,'2014-10-03 14:00:02',1,10,'34','Students working on math problem',2,'Added media file translation \"Students working on math problem\".'),(1843,'2014-10-03 14:00:19',1,10,'33','Human skull on table',2,'Added media file translation \"Human skull on table\".'),(1844,'2014-10-03 14:00:28',1,10,'32','Engineering drawings',2,'Added media file translation \"Engineering drawings\".'),(1845,'2014-10-03 14:00:44',1,10,'31','River in Italy',2,'Added media file translation \"River in Italy\".'),(1846,'2014-10-03 14:01:03',1,10,'30','Glowing computer bits',2,'Added media file translation \"Glowing computer bits\".'),(1847,'2014-10-03 14:02:09',1,10,'29','Mathematical computer model',2,'Added media file translation \"Mathematical computer model\".'),(1848,'2014-10-03 14:04:08',1,10,'27','Weathered cannon',2,'Added media file translation \"Weathered cannon\".'),(1849,'2014-10-03 14:04:22',1,10,'26','Computer model of human skull',2,'Added media file translation \"Computer model of human skull\".'),(1850,'2014-10-03 14:04:30',1,10,'25','Spring Hill nursing students',2,'Added media file translation \"Spring Hill nursing students\".'),(1851,'2014-10-03 14:04:53',1,10,'24','Math formulas on scroll paper',2,'Added media file translation \"Math formulas on scroll paper\".'),(1852,'2014-10-03 14:05:06',1,10,'23','Sharks swimming in blue water',2,'Added media file translation \"Sharks swimming in blue water\".'),(1853,'2014-10-03 14:05:20',1,10,'22','Computer model of cells',2,'Added media file translation \"Computer model of cells\".'),(1854,'2014-10-03 14:05:40',1,10,'21','Biochemistry student in lab',2,'Added media file translation \"Biochemistry student in lab\".'),(1855,'2014-10-03 14:05:57',1,10,'20','Student browsing Web in dorm room',2,'Added media file translation \"Student browsing Web in dorm room\".'),(1856,'2014-10-03 14:06:13',1,10,'19','Students sitting on Rydex Commons',2,'Added media file translation \"Students sitting on Rydex Commons\".'),(1857,'2014-10-03 14:06:37',1,10,'18','Doors and windows on stucco house',2,'Added media file translation \"Doors and windows on stucco house\".'),(1858,'2014-10-03 14:06:54',1,10,'17','Close up of student writing',2,'Added media file translation \"Close up of student writing\".'),(1859,'2014-10-03 14:07:08',1,10,'16','Antique leather bound books',2,'Added media file translation \"Antique leather bound books\".'),(1860,'2014-10-03 14:07:17',1,10,'15','Students walking in Burke Library',2,'Added media file translation \"Students walking in Burke Library\".'),(1861,'2014-10-03 14:07:28',1,10,'14','Collage of newspaper headlines',2,'Added media file translation \"Collage of newspaper headlines\".'),(1862,'2014-10-03 14:07:47',1,10,'13','Spring Hill digital video production studio',2,'Added media file translation \"Spring Hill digital video production studio\".'),(1863,'2014-10-03 14:08:01',1,10,'12','Spring Hill graphic design studio',2,'Added media file translation \"Spring Hill graphic design studio\".'),(1864,'2014-10-03 14:08:18',1,10,'10','Student with headphones working on computer',2,'Added media file translation \"Student with headphones working on computer\".'),(1865,'2014-10-03 14:08:36',1,10,'9','Student studying in Burke Library',2,'Added media file translation \"Student studying in Burke Library\".'),(1866,'2014-10-03 14:08:45',1,10,'8','International flags',2,'Added media file translation \"International flags\".'),(1867,'2014-10-03 14:09:16',1,10,'7','Computer visualization',2,'Added media file translation \"Computer visualization\".'),(1868,'2014-10-03 14:09:24',1,10,'6','Computer visualization',2,'Added media file translation \"Computer visualization\".'),(1869,'2014-10-03 14:09:43',1,10,'5','Students conducting chemistry experiment',2,'Added media file translation \"Students conducting chemistry experiment\".'),(1870,'2014-10-03 14:10:05',1,10,'4','Graphic of gears in human head',2,'Added media file translation \"Graphic of gears in human head\".'),(1871,'2014-10-03 14:10:25',1,10,'3','Art student painting self portrait',2,'Added media file translation \"Art student painting self portrait\".'),(1872,'2014-10-03 14:10:44',1,10,'2','cool_moth_1.jpg',3,''),(1873,'2014-10-03 14:10:44',1,10,'1','humanities-header.jpg',3,''),(1874,'2014-10-03 14:16:01',1,12,'1','Undergraduate Academics',2,'Added textile page content \"TextilePageContent<pk=354, parent=Page<pk=1, Undergraduate Academics>, region=main, ordering=4>\". Changed content for textile page content \"TextilePageContent<pk=2, parent=Page<pk=1, Undergraduate Academics>, region=main, ordering=2>\". Changed ordering for textile page content \"TextilePageContent<pk=3, parent=Page<pk=1, Undergraduate Academics>, region=main, ordering=5>\". Changed ordering for textile page content \"TextilePageContent<pk=4, parent=Page<pk=1, Undergraduate Academics>, region=main, ordering=6>\". Added media file \"MediaFileContent<pk=64, parent=Page<pk=1, Undergraduate Academics>, region=main, ordering=3>\".'),(1875,'2014-10-23 09:58:44',1,10,'80','2014-2015 Bulletin of Information',2,'Changed file.'),(1876,'2014-11-04 16:45:00',15,12,'1','Undergraduate Academics',2,'Changed content for textile page content \"TextilePageContent<pk=1, parent=Page<pk=1, Undergraduate Academics>, region=main, ordering=1>\".'),(1877,'2014-11-04 16:47:47',15,12,'11','Service Learning',2,'Changed content for textile page content \"TextilePageContent<pk=29, parent=Page<pk=11, Service Learning>, region=main, ordering=2>\". Changed content for textile page content \"TextilePageContent<pk=304, parent=Page<pk=11, Service Learning>, region=main, ordering=3>\".'),(1878,'2014-11-04 16:48:50',15,12,'11','Service Learning',2,'Deleted textile page content \"TextilePageContent<pk=None, parent=Page<pk=11, Service Learning>, region=main, ordering=3>\".'),(1879,'2014-11-04 16:49:15',15,12,'11','Service Learning',2,'No fields changed.'),(1880,'2014-11-04 16:49:46',15,12,'12','Albert S. Foley, S.J. Community Service Center',3,''),(1881,'2014-11-04 16:50:27',15,12,'11','Service Learning',2,'No fields changed.'),(1882,'2014-11-04 16:51:12',15,12,'11','Service Learning',2,'No fields changed.'),(1883,'2014-11-04 16:52:30',15,12,'11','Service Learning',2,'No fields changed.'),(1884,'2015-01-09 13:48:51',1,12,'8','Italy Center and Study Abroad',2,'Changed content for textile page content \"TextilePageContent<pk=18, parent=Page<pk=8, Italy Center and Study Abroad>, region=main, ordering=1>\".'),(1885,'2015-01-20 11:06:37',1,12,'65','Graduate Degrees',1,''),(1886,'2015-01-20 11:08:25',1,12,'66','Master of Pastoral Studies',1,''),(1887,'2015-01-20 11:09:19',1,12,'67','Master of Business Administration',1,''),(1888,'2015-01-20 11:09:38',1,12,'66','Master of Pastoral Studies',2,'Changed template_key.'),(1889,'2015-01-20 11:10:17',1,12,'68','Master of Arts in Theological Studies',1,''),(1890,'2015-01-20 11:10:59',1,12,'69','Master of Theological Studies',1,''),(1891,'2015-01-20 11:11:03',1,12,'69','Master of Theological Studies',2,'No fields changed.'),(1892,'2015-01-20 11:11:36',1,12,'70','Master of Science in Education',1,''),(1893,'2015-01-20 11:12:09',1,12,'71','Master of Arts in Teaching',1,''),(1894,'2015-01-20 11:13:06',1,12,'72','The Master of Science in Nursing',1,''),(1895,'2015-01-20 11:41:57',15,12,'67','Master of Business Administration',2,'Added textile page content \"TextilePageContent<pk=355, parent=Page<pk=67, Master of Business Administration>, region=main, ordering=0>\".'),(1896,'2015-01-20 11:43:59',15,12,'67','Master of Business Administration',2,'Added textile page content \"TextilePageContent<pk=356, parent=Page<pk=67, Master of Business Administration>, region=row1, ordering=0>\".'),(1897,'2015-01-20 11:48:24',15,12,'67','Master of Business Administration',2,'Added textile page content \"TextilePageContent<pk=357, parent=Page<pk=67, Master of Business Administration>, region=row1, ordering=1>\". Added textile page content \"TextilePageContent<pk=358, parent=Page<pk=67, Master of Business Administration>, region=row2, ordering=0>\". Added textile page content \"TextilePageContent<pk=359, parent=Page<pk=67, Master of Business Administration>, region=row2, ordering=1>\". Changed content for textile page content \"TextilePageContent<pk=356, parent=Page<pk=67, Master of Business Administration>, region=row1, ordering=0>\".'),(1898,'2015-01-20 11:49:44',15,27,'167','Student Perspective',1,''),(1899,'2015-01-20 11:50:40',15,27,'168','Student Perspective',1,''),(1900,'2015-01-20 11:51:28',15,27,'169','Student Perspective',1,''),(1901,'2015-01-20 11:51:57',15,27,'170','Student Perspective',1,''),(1902,'2015-01-20 11:52:24',15,27,'171','Student Perspective',1,''),(1903,'2015-01-20 11:53:07',15,27,'172','Faculty Insight',1,''),(1904,'2015-01-20 11:53:42',15,12,'67','Master of Business Administration',2,'Added textile page content \"TextilePageContent<pk=360, parent=Page<pk=67, Master of Business Administration>, region=main, ordering=1>\". Changed content for textile page content \"TextilePageContent<pk=356, parent=Page<pk=67, Master of Business Administration>, region=row1, ordering=0>\".'),(1905,'2015-01-20 11:54:15',15,12,'67','Master of Business Administration',2,'Changed content for textile page content \"TextilePageContent<pk=356, parent=Page<pk=67, Master of Business Administration>, region=row1, ordering=0>\". Changed content for textile page content \"TextilePageContent<pk=357, parent=Page<pk=67, Master of Business Administration>, region=row1, ordering=1>\".'),(1906,'2015-01-20 11:55:15',15,12,'67','Master of Business Administration',2,'Changed testimonials.'),(1907,'2015-01-20 11:56:02',15,27,'173','Student Perspective',1,''),(1908,'2015-01-20 11:56:09',15,27,'174','Student Perspective',1,''),(1909,'2015-01-20 11:56:14',15,27,'175','Student Perspective',1,''),(1910,'2015-01-20 11:56:26',15,27,'176','Student Perspective',1,''),(1911,'2015-01-20 11:58:18',15,27,'176','John N. McCain CPA, CGMA ‘14',2,'Changed person_class, title and attribution.'),(1912,'2015-01-20 11:58:51',15,27,'175','Stephanie Prescott ’15 ',2,'Changed title and attribution.'),(1913,'2015-01-20 11:58:57',15,27,'174','Student Perspective',2,'No fields changed.'),(1914,'2015-01-20 11:59:21',15,27,'173','Dr. Phillip Madonia - Doctor of Obstetrics and Gynecology',2,'Changed person_class, title and attribution.'),(1915,'2015-01-20 11:59:56',15,27,'167','John N. McCain CPA, CGMA ‘14',2,'Changed person_class, title and attribution.'),(1916,'2015-01-20 12:00:10',15,27,'170','Stephanie Prescott ’15 ',2,'Changed title and attribution.'),(1917,'2015-01-20 12:00:39',15,27,'174','Stephanie Prescott ’15 ',2,'Changed title and attribution.'),(1918,'2015-01-20 12:01:12',15,27,'171','Dr. Phillip Madonia - Doctor of Obstetrics and Gynecology',2,'Changed person_class, title and attribution.'),(1919,'2015-01-20 12:01:24',15,27,'169','Stephanie Prescott ’15 ',2,'Changed title and attribution.'),(1920,'2015-01-20 12:01:37',15,27,'168','Stephanie Prescott ’15 ',2,'Changed title and attribution.'),(1921,'2015-01-20 14:12:32',15,12,'67','Master of Business Administration',2,'Changed _content_title.'),(1922,'2015-01-20 14:13:51',15,12,'67','Master of Business Administration',2,'Changed testimonials.'),(1923,'2015-01-20 14:14:33',15,12,'66','Master of Pastoral Studies',2,'Added textile page content \"TextilePageContent<pk=361, parent=Page<pk=66, Master of Pastoral Studies>, region=main, ordering=0>\".'),(1924,'2015-01-20 14:16:49',15,12,'66','Master of Pastoral Studies',2,'Added textile page content \"TextilePageContent<pk=362, parent=Page<pk=66, Master of Pastoral Studies>, region=main, ordering=1>\".'),(1925,'2015-01-20 14:22:32',1,12,'66','Master of Pastoral Studies',2,'Changed content for textile page content \"TextilePageContent<pk=362, parent=Page<pk=66, Master of Pastoral Studies>, region=main, ordering=1>\".'),(1926,'2015-01-20 14:22:37',15,27,'177','Lydia Johnson \'17',1,''),(1927,'2015-01-20 14:22:41',15,27,'177','Lydia Johnson \'17',2,'No fields changed.'),(1928,'2015-01-20 14:22:46',15,27,'177','Lydia Johnson \'17',2,'No fields changed.'),(1929,'2015-01-20 14:22:56',1,12,'66','Master of Pastoral Studies',2,'No fields changed.'),(1930,'2015-01-20 14:23:27',15,27,'178','Lydia Johnson \'17',1,''),(1931,'2015-01-20 14:23:32',15,27,'178','Lydia Johnson \'17',2,'Changed content.'),(1932,'2015-01-20 14:24:37',15,27,'179','Dr. John Switzer',1,''),(1933,'2015-01-20 14:24:44',15,27,'179','Dr. John Switzer',2,'No fields changed.'),(1934,'2015-01-20 14:25:51',15,12,'66','Master of Pastoral Studies',2,'Changed testimonials.'),(1935,'2015-01-20 14:26:49',15,12,'68','Master of Arts in Theological Studies',2,'Added textile page content \"TextilePageContent<pk=363, parent=Page<pk=68, Master of Arts in Theological Studies>, region=row1, ordering=0>\".'),(1936,'2015-01-20 14:28:17',15,12,'68','Master of Arts in Theological Studies',2,'Added textile page content \"TextilePageContent<pk=364, parent=Page<pk=68, Master of Arts in Theological Studies>, region=row1, ordering=1>\".'),(1937,'2015-01-20 14:28:41',15,12,'68','Master of Arts in Theological Studies',2,'Added textile page content \"TextilePageContent<pk=365, parent=Page<pk=68, Master of Arts in Theological Studies>, region=main, ordering=0>\". Added textile page content \"TextilePageContent<pk=366, parent=Page<pk=68, Master of Arts in Theological Studies>, region=main, ordering=1>\".'),(1938,'2015-01-20 14:28:52',15,12,'68','Master of Arts in Theological Studies',2,'Changed content for textile page content \"TextilePageContent<pk=366, parent=Page<pk=68, Master of Arts in Theological Studies>, region=main, ordering=1>\".'),(1939,'2015-01-20 14:30:42',15,12,'68','Master of Arts in Theological Studies',2,'Changed content for textile page content \"TextilePageContent<pk=363, parent=Page<pk=68, Master of Arts in Theological Studies>, region=row1, ordering=0>\". Changed content for textile page content \"TextilePageContent<pk=364, parent=Page<pk=68, Master of Arts in Theological Studies>, region=row1, ordering=1>\".'),(1940,'2015-01-20 17:00:40',15,12,'68','Master of Arts in Theological Studies',2,'No fields changed.'),(1941,'2015-01-20 17:01:06',15,12,'68','Master of Arts in Theological Studies',2,'Changed content for textile page content \"TextilePageContent<pk=363, parent=Page<pk=68, Master of Arts in Theological Studies>, region=row1, ordering=0>\".'),(1942,'2015-01-20 17:02:14',15,12,'68','Master of Arts in Theological Studies',2,'Added textile page content \"TextilePageContent<pk=367, parent=Page<pk=68, Master of Arts in Theological Studies>, region=row2, ordering=0>\". Added textile page content \"TextilePageContent<pk=368, parent=Page<pk=68, Master of Arts in Theological Studies>, region=row2, ordering=1>\".'),(1943,'2015-01-20 17:02:27',15,12,'68','Master of Arts in Theological Studies',2,'Changed content for textile page content \"TextilePageContent<pk=365, parent=Page<pk=68, Master of Arts in Theological Studies>, region=main, ordering=0>\".'),(1944,'2015-01-20 17:04:08',15,12,'66','Master of Pastoral Studies',2,'Added textile page content \"TextilePageContent<pk=369, parent=Page<pk=66, Master of Pastoral Studies>, region=row1, ordering=0>\". Added textile page content \"TextilePageContent<pk=370, parent=Page<pk=66, Master of Pastoral Studies>, region=row1, ordering=1>\".'),(1945,'2015-01-20 17:05:07',15,12,'68','Master of Arts in Theological Studies',2,'Changed _content_title.'),(1946,'2015-01-20 17:09:56',15,12,'68','Master of Arts in Theological Studies',2,'Changed content for textile page content \"TextilePageContent<pk=367, parent=Page<pk=68, Master of Arts in Theological Studies>, region=row2, ordering=0>\".'),(1947,'2015-01-20 17:10:56',15,27,'180','Sam Di Benedetto ’97',1,''),(1948,'2015-01-20 17:11:12',15,27,'181','Sam Di Benedetto ’97',1,''),(1949,'2015-01-20 17:11:37',15,27,'182','Fr. Christopher Viscardi, S.J.',1,''),(1950,'2015-01-20 17:12:51',15,12,'69','Master of Theological Studies',2,'Added textile page content \"TextilePageContent<pk=371, parent=Page<pk=69, Master of Theological Studies>, region=main, ordering=0>\". Added textile page content \"TextilePageContent<pk=372, parent=Page<pk=69, Master of Theological Studies>, region=main, ordering=1>\".'),(1951,'2015-01-20 17:14:36',15,12,'69','Master of Theological Studies',2,'Added textile page content \"TextilePageContent<pk=373, parent=Page<pk=69, Master of Theological Studies>, region=row1, ordering=0>\". Added textile page content \"TextilePageContent<pk=374, parent=Page<pk=69, Master of Theological Studies>, region=row1, ordering=1>\".'),(1952,'2015-01-20 17:15:24',15,12,'69','Master of Theological Studies',2,'Added textile page content \"TextilePageContent<pk=375, parent=Page<pk=69, Master of Theological Studies>, region=row2, ordering=0>\". Added textile page content \"TextilePageContent<pk=376, parent=Page<pk=69, Master of Theological Studies>, region=row2, ordering=1>\".'),(1953,'2015-01-20 17:15:39',15,12,'69','Master of Theological Studies',2,'Changed content for textile page content \"TextilePageContent<pk=373, parent=Page<pk=69, Master of Theological Studies>, region=row1, ordering=0>\".'),(1954,'2015-01-20 17:15:47',15,12,'69','Master of Theological Studies',2,'Changed content for textile page content \"TextilePageContent<pk=375, parent=Page<pk=69, Master of Theological Studies>, region=row2, ordering=0>\".'),(1955,'2015-01-20 17:15:58',15,12,'69','Master of Theological Studies',2,'Changed _content_title.'),(1956,'2015-01-20 17:17:53',15,12,'68','Master of Arts in Theological Studies',2,'Changed testimonials.'),(1957,'2015-01-20 17:18:56',15,12,'68','Master of Arts in Theological Studies',2,'Changed _content_title.'),(1958,'2015-01-20 17:19:53',15,12,'68','Master of Arts in Theological Studies',2,'Changed content for textile page content \"TextilePageContent<pk=363, parent=Page<pk=68, Master of Arts in Theological Studies>, region=row1, ordering=0>\". Changed content for textile page content \"TextilePageContent<pk=364, parent=Page<pk=68, Master of Arts in Theological Studies>, region=row1, ordering=1>\".'),(1959,'2015-01-20 17:21:13',15,12,'68','Master of Arts in Theological Studies',2,'Changed content for textile page content \"TextilePageContent<pk=367, parent=Page<pk=68, Master of Arts in Theological Studies>, region=row2, ordering=0>\". Changed content for textile page content \"TextilePageContent<pk=368, parent=Page<pk=68, Master of Arts in Theological Studies>, region=row2, ordering=1>\".'),(1960,'2015-01-20 17:21:38',15,12,'68','Master of Arts in Theological Studies',2,'Changed content for textile page content \"TextilePageContent<pk=366, parent=Page<pk=68, Master of Arts in Theological Studies>, region=main, ordering=1>\".'),(1961,'2015-01-20 17:28:13',15,27,'183','Deb Madonia',1,''),(1962,'2015-01-20 17:28:45',15,27,'184','Bill Harkins ’16',1,''),(1963,'2015-01-20 17:29:07',15,27,'185','Bill Harkins ’16',1,''),(1964,'2015-01-20 17:29:33',15,27,'186','Dr. Timothy Carmody',1,''),(1965,'2015-01-20 17:29:45',15,27,'186','Dr. Timothy Carmody',2,'No fields changed.'),(1966,'2015-01-20 17:30:17',15,12,'68','Master of Arts in Theological Studies',2,'Changed content for textile page content \"TextilePageContent<pk=363, parent=Page<pk=68, Master of Arts in Theological Studies>, region=row1, ordering=0>\".'),(1967,'2015-01-20 17:31:05',15,12,'68','Master of Arts in Theological Studies',2,'Changed testimonials.'),(1968,'2015-01-20 17:31:19',15,12,'69','Master of Theological Studies',2,'Changed testimonials.'),(1969,'2015-01-20 17:31:39',15,12,'69','Master of Theological Studies',2,'Changed testimonials.'),(1970,'2015-01-20 17:39:44',15,12,'70','Master of Science in Education',2,'Changed _content_title.'),(1971,'2015-01-20 17:39:56',15,12,'70','Master of Science in Education',2,'Added textile page content \"TextilePageContent<pk=377, parent=Page<pk=70, Master of Science in Education>, region=main, ordering=0>\".'),(1972,'2015-01-20 17:40:23',15,12,'70','Master of Science in Education',2,'Added textile page content \"TextilePageContent<pk=378, parent=Page<pk=70, Master of Science in Education>, region=main, ordering=1>\".'),(1973,'2015-01-20 17:41:50',15,12,'70','Master of Science in Education',2,'Added textile page content \"TextilePageContent<pk=379, parent=Page<pk=70, Master of Science in Education>, region=row1, ordering=0>\". Added textile page content \"TextilePageContent<pk=380, parent=Page<pk=70, Master of Science in Education>, region=row1, ordering=1>\".'),(1974,'2015-01-20 17:42:17',15,12,'70','Master of Science in Education',2,'Added textile page content \"TextilePageContent<pk=381, parent=Page<pk=70, Master of Science in Education>, region=row2, ordering=0>\".'),(1975,'2015-01-20 17:43:05',15,12,'70','Master of Science in Education',2,'Added textile page content \"TextilePageContent<pk=382, parent=Page<pk=70, Master of Science in Education>, region=row2, ordering=1>\".'),(1976,'2015-01-20 17:52:11',15,27,'187','Erica D. Holland ‘13',1,''),(1977,'2015-01-20 17:52:35',15,27,'188','Mark Tenhundfeld ’15',1,''),(1978,'2015-01-20 17:53:02',15,27,'189','Mark Tenhundfeld ’15',1,''),(1979,'2015-01-20 17:54:13',15,27,'190','Mark Tenhundfeld ’15',1,''),(1980,'2015-01-20 17:54:43',15,27,'191','Dr. Lori Aultman',1,''),(1981,'2015-01-20 17:56:09',15,12,'70','Master of Science in Education',2,'Added textile page content \"TextilePageContent<pk=383, parent=Page<pk=70, Master of Science in Education>, region=row1, ordering=2>\".'),(1982,'2015-01-20 18:00:51',15,12,'70','Master of Science in Education',2,'No fields changed.'),(1983,'2015-01-20 18:02:29',15,12,'67','Master of Business Administration',2,'Added textile page content \"TextilePageContent<pk=384, parent=Page<pk=67, Master of Business Administration>, region=main, ordering=2>\".'),(1984,'2015-01-20 18:03:47',15,12,'66','Master of Pastoral Studies',2,'Changed content for textile page content \"TextilePageContent<pk=361, parent=Page<pk=66, Master of Pastoral Studies>, region=main, ordering=0>\".'),(1985,'2015-01-20 18:04:09',15,12,'66','Master of Pastoral Studies',2,'Added textile page content \"TextilePageContent<pk=385, parent=Page<pk=66, Master of Pastoral Studies>, region=main, ordering=2>\".'),(1986,'2015-01-20 18:04:16',15,12,'66','Master of Pastoral Studies',2,'Changed content for textile page content \"TextilePageContent<pk=361, parent=Page<pk=66, Master of Pastoral Studies>, region=main, ordering=0>\".'),(1987,'2015-01-20 18:05:13',15,12,'66','Master of Pastoral Studies',2,'Added textile page content \"TextilePageContent<pk=386, parent=Page<pk=66, Master of Pastoral Studies>, region=row2, ordering=0>\". Added textile page content \"TextilePageContent<pk=387, parent=Page<pk=66, Master of Pastoral Studies>, region=row2, ordering=1>\".'),(1988,'2015-01-20 18:05:29',15,12,'66','Master of Pastoral Studies',2,'Changed _content_title.'),(1989,'2015-01-20 18:06:10',15,12,'68','Master of Arts in Theological Studies',2,'Added textile page content \"TextilePageContent<pk=388, parent=Page<pk=68, Master of Arts in Theological Studies>, region=main, ordering=2>\". Changed content for textile page content \"TextilePageContent<pk=365, parent=Page<pk=68, Master of Arts in Theological Studies>, region=main, ordering=0>\".'),(1990,'2015-01-20 18:06:40',15,12,'68','Master of Arts in Theological Studies',2,'Changed content for textile page content \"TextilePageContent<pk=367, parent=Page<pk=68, Master of Arts in Theological Studies>, region=row2, ordering=0>\".'),(1991,'2015-01-20 18:07:29',15,12,'68','Master of Arts in Theological Studies',2,'Changed content for textile page content \"TextilePageContent<pk=388, parent=Page<pk=68, Master of Arts in Theological Studies>, region=main, ordering=2>\".'),(1992,'2015-01-20 18:07:42',15,12,'68','Master of Arts in Theological Studies',2,'Changed content for textile page content \"TextilePageContent<pk=363, parent=Page<pk=68, Master of Arts in Theological Studies>, region=row1, ordering=0>\".'),(1993,'2015-01-20 18:07:58',15,12,'68','Master of Arts in Theological Studies',2,'Changed content for textile page content \"TextilePageContent<pk=367, parent=Page<pk=68, Master of Arts in Theological Studies>, region=row2, ordering=0>\". Changed content for textile page content \"TextilePageContent<pk=368, parent=Page<pk=68, Master of Arts in Theological Studies>, region=row2, ordering=1>\".'),(1994,'2015-01-20 18:11:24',15,12,'69','Master of Theological Studies',2,'Added textile page content \"TextilePageContent<pk=389, parent=Page<pk=69, Master of Theological Studies>, region=main, ordering=2>\". Changed content for textile page content \"TextilePageContent<pk=371, parent=Page<pk=69, Master of Theological Studies>, region=main, ordering=0>\".'),(1995,'2015-01-20 18:12:51',15,12,'71','Master of Arts in Teaching',2,'Added textile page content \"TextilePageContent<pk=390, parent=Page<pk=71, Master of Arts in Teaching>, region=main, ordering=0>\". Added textile page content \"TextilePageContent<pk=391, parent=Page<pk=71, Master of Arts in Teaching>, region=main, ordering=1>\".'),(1996,'2015-01-20 18:13:53',15,12,'71','Master of Arts in Teaching',2,'Added textile page content \"TextilePageContent<pk=392, parent=Page<pk=71, Master of Arts in Teaching>, region=row1, ordering=0>\". Added textile page content \"TextilePageContent<pk=393, parent=Page<pk=71, Master of Arts in Teaching>, region=row1, ordering=1>\".'),(1997,'2015-01-20 18:14:56',15,12,'71','Master of Arts in Teaching',2,'No fields changed.'),(1998,'2015-01-20 18:16:21',15,12,'71','Master of Arts in Teaching',2,'Added textile page content \"TextilePageContent<pk=394, parent=Page<pk=71, Master of Arts in Teaching>, region=row2, ordering=0>\". Added textile page content \"TextilePageContent<pk=395, parent=Page<pk=71, Master of Arts in Teaching>, region=row2, ordering=1>\".'),(1999,'2015-01-20 18:16:33',15,12,'71','Master of Arts in Teaching',2,'Changed _content_title.'),(2000,'2015-01-20 18:17:11',15,12,'71','Master of Arts in Teaching',2,'Changed testimonials.'),(2001,'2015-01-20 18:18:02',15,12,'70','Master of Science in Education',2,'Changed testimonials.'),(2002,'2015-01-20 18:18:26',15,12,'71','Master of Arts in Teaching',2,'Changed testimonials.'),(2003,'2015-01-20 18:20:40',15,12,'72','The Master of Science in Nursing',2,'Added textile page content \"TextilePageContent<pk=396, parent=Page<pk=72, The Master of Science in Nursing>, region=banner, ordering=0>\". Added textile page content \"TextilePageContent<pk=397, parent=Page<pk=72, The Master of Science in Nursing>, region=banner, ordering=1>\". Added textile page content \"TextilePageContent<pk=398, parent=Page<pk=72, The Master of Science in Nursing>, region=row1, ordering=0>\".'),(2004,'2015-01-20 18:22:07',15,12,'72','The Master of Science in Nursing',2,'Added textile page content \"TextilePageContent<pk=399, parent=Page<pk=72, The Master of Science in Nursing>, region=row1, ordering=1>\". Changed content for textile page content \"TextilePageContent<pk=398, parent=Page<pk=72, The Master of Science in Nursing>, region=row1, ordering=0>\". Deleted textile page content \"TextilePageContent<pk=None, parent=Page<pk=72, The Master of Science in Nursing>, region=banner, ordering=0>\". Deleted textile page content \"TextilePageContent<pk=None, parent=Page<pk=72, The Master of Science in Nursing>, region=banner, ordering=1>\".'),(2005,'2015-01-20 18:24:36',15,12,'72','The Master of Science in Nursing',2,'Added textile page content \"TextilePageContent<pk=400, parent=Page<pk=72, The Master of Science in Nursing>, region=row2, ordering=0>\". Added textile page content \"TextilePageContent<pk=401, parent=Page<pk=72, The Master of Science in Nursing>, region=row2, ordering=1>\".'),(2006,'2015-01-20 18:24:46',15,12,'72','The Master of Science in Nursing',2,'Changed content for textile page content \"TextilePageContent<pk=400, parent=Page<pk=72, The Master of Science in Nursing>, region=row2, ordering=0>\".'),(2007,'2015-01-20 18:26:21',15,12,'72','The Master of Science in Nursing',2,'Added textile page content \"TextilePageContent<pk=402, parent=Page<pk=72, The Master of Science in Nursing>, region=main, ordering=0>\". Added textile page content \"TextilePageContent<pk=403, parent=Page<pk=72, The Master of Science in Nursing>, region=main, ordering=1>\".'),(2008,'2015-01-20 18:26:59',15,12,'72','The Master of Science in Nursing',2,'Added textile page content \"TextilePageContent<pk=404, parent=Page<pk=72, The Master of Science in Nursing>, region=main, ordering=2>\". Deleted textile page content \"TextilePageContent<pk=None, parent=Page<pk=72, The Master of Science in Nursing>, region=row1, ordering=1>\".'),(2009,'2015-01-20 18:27:28',15,12,'72','The Master of Science in Nursing',2,'Added textile page content \"TextilePageContent<pk=405, parent=Page<pk=72, The Master of Science in Nursing>, region=row1, ordering=1>\".'),(2010,'2015-01-20 18:27:52',15,12,'72','The Master of Science in Nursing',2,'Changed _content_title.'),(2011,'2015-01-20 18:28:24',15,27,'192','Eleanor Odom',1,''),(2012,'2015-01-20 18:28:51',15,27,'193','Shelia Ross, RN',1,''),(2013,'2015-01-20 18:29:15',15,27,'194','Tyrone Barnes',1,''),(2014,'2015-01-20 18:29:29',15,27,'195','Tyrone Barnes',1,''),(2015,'2015-01-20 18:29:36',15,27,'195','Tyrone Barnes',2,'No fields changed.'),(2016,'2015-01-20 18:29:52',15,27,'196','Dr. Ola Fox',1,''),(2017,'2015-01-20 18:30:15',15,27,'192','Eleanor Odom',2,'Changed content.'),(2018,'2015-01-20 18:30:55',15,12,'72','The Master of Science in Nursing',2,'Changed testimonials.'),(2019,'2015-01-20 18:36:38',15,27,'196','Dr. Ola Fox',2,'Changed image.'),(2020,'2015-01-20 18:39:15',15,27,'195','Tyrone Barnes',2,'Changed image.'),(2021,'2015-01-20 18:39:19',15,27,'195','Tyrone Barnes',2,'No fields changed.'),(2022,'2015-01-20 18:39:31',15,27,'194','Tyrone Barnes',2,'Changed image.'),(2023,'2015-01-20 18:40:28',15,27,'192','Eleanor Odom',2,'Changed image.'),(2024,'2015-01-20 18:40:34',15,27,'192','Eleanor Odom',2,'No fields changed.'),(2025,'2015-01-20 18:40:53',15,27,'190','Mark Tenhundfeld ’15',2,'Changed image.'),(2026,'2015-01-20 18:41:03',15,27,'189','Mark Tenhundfeld ’15',2,'Changed image.'),(2027,'2015-01-20 18:41:11',15,27,'188','Mark Tenhundfeld ’15',2,'Changed image.'),(2028,'2015-01-20 18:41:41',15,27,'187','Erica D. Holland ‘13',2,'Changed image.'),(2029,'2015-01-20 18:44:02',15,27,'181','Sam Di Benedetto ’97',2,'Changed image.'),(2030,'2015-01-20 18:44:13',15,27,'180','Sam Di Benedetto ’97',2,'Changed image.'),(2031,'2015-01-20 18:44:44',15,27,'184','Bill Harkins ’16',2,'Changed image.'),(2032,'2015-01-20 18:44:53',15,27,'185','Bill Harkins ’16',2,'Changed image.'),(2033,'2015-01-20 18:45:12',15,27,'183','Deb Madonia',2,'Changed image.'),(2034,'2015-01-20 18:45:23',15,27,'173','Dr. Phillip Madonia - Doctor of Obstetrics and Gynecology',2,'Changed image.'),(2035,'2015-01-20 18:45:32',15,27,'171','Dr. Phillip Madonia - Doctor of Obstetrics and Gynecology',2,'Changed image.'),(2036,'2015-01-20 18:45:34',15,27,'171','Dr. Phillip Madonia - Doctor of Obstetrics and Gynecology',2,'No fields changed.'),(2037,'2015-01-20 18:45:56',15,27,'178','Lydia Johnson \'17',2,'Changed image.'),(2038,'2015-01-20 18:46:03',15,27,'177','Lydia Johnson \'17',2,'Changed image.'),(2039,'2015-01-20 18:48:28',15,27,'186','Dr. Timothy Carmody',2,'Changed image.'),(2040,'2015-01-20 18:48:31',15,27,'186','Dr. Timothy Carmody',2,'No fields changed.'),(2041,'2015-01-20 18:48:50',15,27,'191','Dr. Lori Aultman',2,'Changed image.'),(2042,'2015-01-20 18:48:51',15,27,'191','Dr. Lori Aultman',2,'Changed image.'),(2043,'2015-01-20 18:49:31',15,27,'182','Fr. Christopher Viscardi, S.J.',2,'Changed image.'),(2044,'2015-01-20 18:49:58',15,27,'179','Dr. John Switzer',2,'Changed image.'),(2045,'2015-01-20 18:50:47',15,27,'21','Dr. Sergio Castello',2,'No fields changed.'),(2046,'2015-01-20 18:51:16',15,27,'197','Dr. Sergio Castello',1,''),(2047,'2015-01-20 18:52:09',15,12,'67','Master of Business Administration',2,'Changed content for textile page content \"TextilePageContent<pk=356, parent=Page<pk=67, Master of Business Administration>, region=row1, ordering=0>\".'),(2048,'2015-01-20 18:52:31',15,27,'197','Dr. Sergio Castello',2,'Changed content.'),(2049,'2015-01-20 18:54:27',15,12,'73','Master of Liberal Arts',1,''),(2050,'2015-01-20 18:55:42',15,12,'73','Master of Liberal Arts',2,'Added textile page content \"TextilePageContent<pk=408, parent=Page<pk=73, Master of Liberal Arts>, region=main, ordering=2>\".'),(2051,'2015-01-20 18:55:55',15,12,'73','Master of Liberal Arts',2,'Changed _content_title.'),(2052,'2015-01-20 18:57:23',15,12,'73','Master of Liberal Arts',2,'Changed template_key.'),(2053,'2015-01-20 18:57:26',15,12,'73','Master of Liberal Arts',2,'No fields changed.'),(2054,'2015-01-20 18:58:55',15,12,'74','Master of Liberal Arts',1,''),(2055,'2015-01-20 18:59:18',15,12,'74','Master of Liberal Arts',2,'Added textile page content \"TextilePageContent<pk=409, parent=Page<pk=74, Master of Liberal Arts>, region=main, ordering=0>\".'),(2056,'2015-01-20 18:59:41',15,12,'74','Master of Liberal Arts',2,'Added textile page content \"TextilePageContent<pk=410, parent=Page<pk=74, Master of Liberal Arts>, region=main, ordering=1>\".'),(2057,'2015-01-20 19:00:06',15,12,'74','Master of Liberal Arts',2,'Added textile page content \"TextilePageContent<pk=411, parent=Page<pk=74, Master of Liberal Arts>, region=main, ordering=2>\".'),(2058,'2015-01-20 19:01:27',15,12,'74','Master of Liberal Arts',2,'Added textile page content \"TextilePageContent<pk=412, parent=Page<pk=74, Master of Liberal Arts>, region=row1, ordering=0>\". Added textile page content \"TextilePageContent<pk=413, parent=Page<pk=74, Master of Liberal Arts>, region=row1, ordering=1>\".'),(2059,'2015-01-20 19:02:24',15,12,'74','Master of Liberal Arts',2,'Added textile page content \"TextilePageContent<pk=414, parent=Page<pk=74, Master of Liberal Arts>, region=row2, ordering=0>\". Added textile page content \"TextilePageContent<pk=415, parent=Page<pk=74, Master of Liberal Arts>, region=row2, ordering=1>\".'),(2060,'2015-01-20 19:02:33',15,12,'74','Master of Liberal Arts',2,'Changed _content_title.'),(2061,'2015-01-20 19:03:45',15,27,'198','Rhoda Pickett',1,''),(2062,'2015-01-20 19:04:29',15,27,'199','Tom Hoffman, Program Director',1,''),(2063,'2015-01-20 19:05:18',15,27,'200','Lindsay Hughes \'08',1,''),(2064,'2015-01-20 19:05:23',15,27,'200','Lindsay Hughes \'08',2,'No fields changed.'),(2065,'2015-01-20 19:06:06',15,27,'201','Jon Host',1,''),(2066,'2015-01-20 19:06:08',15,27,'201','Jon Host',2,'No fields changed.'),(2067,'2015-01-20 19:06:31',15,27,'202','Jon Host',1,''),(2068,'2015-01-20 19:07:07',15,27,'203','John (Jeb) Bolton',1,''),(2069,'2015-01-20 19:08:35',15,12,'74','Master of Liberal Arts',2,'Changed testimonials.'),(2070,'2015-01-20 19:11:14',15,12,'66','Master of Pastoral Studies',2,'Changed content for textile page content \"TextilePageContent<pk=369, parent=Page<pk=66, Master of Pastoral Studies>, region=row1, ordering=0>\". Changed content for textile page content \"TextilePageContent<pk=370, parent=Page<pk=66, Master of Pastoral Studies>, region=row1, ordering=1>\".'),(2071,'2015-01-20 19:11:22',15,12,'66','Master of Pastoral Studies',2,'Changed content for textile page content \"TextilePageContent<pk=387, parent=Page<pk=66, Master of Pastoral Studies>, region=row2, ordering=1>\".'),(2072,'2015-01-20 19:12:43',15,12,'67','Master of Business Administration',2,'Changed content for textile page content \"TextilePageContent<pk=356, parent=Page<pk=67, Master of Business Administration>, region=row1, ordering=0>\". Changed content for textile page content \"TextilePageContent<pk=357, parent=Page<pk=67, Master of Business Administration>, region=row1, ordering=1>\".'),(2073,'2015-01-20 19:13:02',15,12,'67','Master of Business Administration',2,'Changed content for textile page content \"TextilePageContent<pk=358, parent=Page<pk=67, Master of Business Administration>, region=row2, ordering=0>\". Changed content for textile page content \"TextilePageContent<pk=359, parent=Page<pk=67, Master of Business Administration>, region=row2, ordering=1>\".'),(2074,'2015-01-20 19:13:38',15,12,'67','Master of Business Administration',2,'Changed content for textile page content \"TextilePageContent<pk=360, parent=Page<pk=67, Master of Business Administration>, region=main, ordering=1>\". Changed content for textile page content \"TextilePageContent<pk=384, parent=Page<pk=67, Master of Business Administration>, region=main, ordering=2>\".'),(2075,'2015-01-20 19:13:48',15,12,'67','Master of Business Administration',2,'No fields changed.'),(2076,'2015-01-20 19:14:24',15,12,'68','Master of Arts in Theological Studies',2,'Changed content for textile page content \"TextilePageContent<pk=363, parent=Page<pk=68, Master of Arts in Theological Studies>, region=row1, ordering=0>\". Changed content for textile page content \"TextilePageContent<pk=364, parent=Page<pk=68, Master of Arts in Theological Studies>, region=row1, ordering=1>\". Changed content for textile page content \"TextilePageContent<pk=366, parent=Page<pk=68, Master of Arts in Theological Studies>, region=main, ordering=1>\".'),(2077,'2015-01-20 19:14:33',15,12,'68','Master of Arts in Theological Studies',2,'Changed content for textile page content \"TextilePageContent<pk=368, parent=Page<pk=68, Master of Arts in Theological Studies>, region=row2, ordering=1>\".'),(2078,'2015-01-20 19:14:47',15,12,'68','Master of Arts in Theological Studies',2,'No fields changed.'),(2079,'2015-01-20 19:15:08',15,12,'69','Master of Theological Studies',2,'Changed content for textile page content \"TextilePageContent<pk=372, parent=Page<pk=69, Master of Theological Studies>, region=main, ordering=1>\".'),(2080,'2015-01-20 19:15:21',15,12,'69','Master of Theological Studies',2,'Changed content for textile page content \"TextilePageContent<pk=373, parent=Page<pk=69, Master of Theological Studies>, region=row1, ordering=0>\". Changed content for textile page content \"TextilePageContent<pk=374, parent=Page<pk=69, Master of Theological Studies>, region=row1, ordering=1>\".'),(2081,'2015-01-20 19:15:31',15,12,'69','Master of Theological Studies',2,'Changed content for textile page content \"TextilePageContent<pk=376, parent=Page<pk=69, Master of Theological Studies>, region=row2, ordering=1>\".'),(2082,'2015-01-20 19:15:31',15,12,'69','Master of Theological Studies',2,'No fields changed.'),(2083,'2015-01-20 19:15:56',15,12,'70','Master of Science in Education',2,'Changed content for textile page content \"TextilePageContent<pk=378, parent=Page<pk=70, Master of Science in Education>, region=main, ordering=1>\".'),(2084,'2015-01-20 19:16:57',15,12,'70','Master of Science in Education',2,'Changed content for textile page content \"TextilePageContent<pk=379, parent=Page<pk=70, Master of Science in Education>, region=row1, ordering=0>\". Changed content for textile page content \"TextilePageContent<pk=380, parent=Page<pk=70, Master of Science in Education>, region=row1, ordering=1>\". Changed content for textile page content \"TextilePageContent<pk=383, parent=Page<pk=70, Master of Science in Education>, region=row1, ordering=2>\".'),(2085,'2015-01-20 19:17:20',15,12,'70','Master of Science in Education',2,'Changed content for textile page content \"TextilePageContent<pk=381, parent=Page<pk=70, Master of Science in Education>, region=row2, ordering=0>\". Changed content for textile page content \"TextilePageContent<pk=382, parent=Page<pk=70, Master of Science in Education>, region=row2, ordering=1>\".'),(2086,'2015-01-20 19:17:29',15,12,'70','Master of Science in Education',2,'Changed content for textile page content \"TextilePageContent<pk=377, parent=Page<pk=70, Master of Science in Education>, region=main, ordering=0>\".'),(2087,'2015-01-20 19:18:49',15,12,'71','Master of Arts in Teaching',2,'Changed content for textile page content \"TextilePageContent<pk=390, parent=Page<pk=71, Master of Arts in Teaching>, region=main, ordering=0>\". Changed content for textile page content \"TextilePageContent<pk=391, parent=Page<pk=71, Master of Arts in Teaching>, region=main, ordering=1>\".'),(2088,'2015-01-20 19:19:08',15,12,'71','Master of Arts in Teaching',2,'Changed content for textile page content \"TextilePageContent<pk=392, parent=Page<pk=71, Master of Arts in Teaching>, region=row1, ordering=0>\". Changed content for textile page content \"TextilePageContent<pk=393, parent=Page<pk=71, Master of Arts in Teaching>, region=row1, ordering=1>\".'),(2089,'2015-01-20 19:19:38',15,12,'71','Master of Arts in Teaching',2,'Changed content for textile page content \"TextilePageContent<pk=394, parent=Page<pk=71, Master of Arts in Teaching>, region=row2, ordering=0>\". Changed content for textile page content \"TextilePageContent<pk=395, parent=Page<pk=71, Master of Arts in Teaching>, region=row2, ordering=1>\".'),(2090,'2015-01-20 19:19:49',15,12,'71','Master of Arts in Teaching',2,'No fields changed.'),(2091,'2015-01-20 19:19:54',15,12,'71','Master of Arts in Teaching',2,'No fields changed.'),(2092,'2015-01-20 19:19:55',15,12,'71','Master of Arts in Teaching',2,'No fields changed.'),(2093,'2015-01-20 19:20:50',15,12,'72','The Master of Science in Nursing',2,'Changed content for textile page content \"TextilePageContent<pk=402, parent=Page<pk=72, The Master of Science in Nursing>, region=main, ordering=0>\". Changed content for textile page content \"TextilePageContent<pk=403, parent=Page<pk=72, The Master of Science in Nursing>, region=main, ordering=1>\". Changed content for textile page content \"TextilePageContent<pk=404, parent=Page<pk=72, The Master of Science in Nursing>, region=main, ordering=2>\".'),(2094,'2015-01-20 19:21:16',15,12,'72','The Master of Science in Nursing',2,'Changed content for textile page content \"TextilePageContent<pk=398, parent=Page<pk=72, The Master of Science in Nursing>, region=row1, ordering=0>\". Changed content for textile page content \"TextilePageContent<pk=405, parent=Page<pk=72, The Master of Science in Nursing>, region=row1, ordering=1>\".'),(2095,'2015-01-20 19:21:32',15,12,'72','The Master of Science in Nursing',2,'Changed content for textile page content \"TextilePageContent<pk=400, parent=Page<pk=72, The Master of Science in Nursing>, region=row2, ordering=0>\". Changed content for textile page content \"TextilePageContent<pk=401, parent=Page<pk=72, The Master of Science in Nursing>, region=row2, ordering=1>\".'),(2096,'2015-01-20 19:21:41',15,12,'72','The Master of Science in Nursing',2,'No fields changed.'),(2097,'2015-01-20 19:23:02',15,12,'68','Master of Arts in Theological Studies',2,'No fields changed.'),(2098,'2015-01-20 19:24:19',15,12,'71','Master of Arts in Teaching',2,'Changed content for textile page content \"TextilePageContent<pk=391, parent=Page<pk=71, Master of Arts in Teaching>, region=main, ordering=1>\".'),(2099,'2015-01-20 19:24:28',15,12,'71','Master of Arts in Teaching',2,'No fields changed.'),(2100,'2015-01-20 19:25:07',15,12,'74','Master of Liberal Arts',2,'Changed content for textile page content \"TextilePageContent<pk=410, parent=Page<pk=74, Master of Liberal Arts>, region=main, ordering=1>\". Changed content for textile page content \"TextilePageContent<pk=411, parent=Page<pk=74, Master of Liberal Arts>, region=main, ordering=2>\".'),(2101,'2015-01-20 19:25:19',15,12,'74','Master of Liberal Arts',2,'Changed content for textile page content \"TextilePageContent<pk=413, parent=Page<pk=74, Master of Liberal Arts>, region=row1, ordering=1>\".'),(2102,'2015-01-20 19:25:39',15,12,'74','Master of Liberal Arts',2,'Changed content for textile page content \"TextilePageContent<pk=414, parent=Page<pk=74, Master of Liberal Arts>, region=row2, ordering=0>\". Changed content for textile page content \"TextilePageContent<pk=415, parent=Page<pk=74, Master of Liberal Arts>, region=row2, ordering=1>\".'),(2103,'2015-01-20 19:25:56',15,12,'74','Master of Liberal Arts',2,'No fields changed.'),(2104,'2015-01-20 19:27:12',15,12,'68','Master of Arts in Theological Studies',2,'No fields changed.'),(2105,'2015-01-20 19:28:35',15,12,'67','Master of Business Administration',2,'Changed content for textile page content \"TextilePageContent<pk=356, parent=Page<pk=67, Master of Business Administration>, region=row1, ordering=0>\".'),(2106,'2015-01-20 19:29:00',15,12,'67','Master of Business Administration',2,'Changed content for textile page content \"TextilePageContent<pk=356, parent=Page<pk=67, Master of Business Administration>, region=row1, ordering=0>\". Changed content for textile page content \"TextilePageContent<pk=357, parent=Page<pk=67, Master of Business Administration>, region=row1, ordering=1>\".'),(2107,'2015-01-20 19:29:21',15,12,'67','Master of Business Administration',2,'No fields changed.'),(2108,'2015-01-20 19:29:27',15,12,'67','Master of Business Administration',2,'No fields changed.'),(2109,'2015-01-20 19:29:35',15,12,'67','Master of Business Administration',2,'Changed content for textile page content \"TextilePageContent<pk=358, parent=Page<pk=67, Master of Business Administration>, region=row2, ordering=0>\".'),(2110,'2015-01-20 19:29:40',15,12,'67','Master of Business Administration',2,'No fields changed.'),(2111,'2015-01-20 19:30:29',15,12,'67','Master of Business Administration',2,'Changed content for textile page content \"TextilePageContent<pk=359, parent=Page<pk=67, Master of Business Administration>, region=row2, ordering=1>\".'),(2112,'2015-01-20 19:30:33',15,12,'67','Master of Business Administration',2,'No fields changed.'),(2113,'2015-01-20 19:32:01',15,12,'70','Master of Science in Education',2,'Changed content for textile page content \"TextilePageContent<pk=383, parent=Page<pk=70, Master of Science in Education>, region=row1, ordering=2>\".'),(2114,'2015-01-20 19:32:22',15,12,'70','Master of Science in Education',2,'Added textile page content \"TextilePageContent<pk=416, parent=Page<pk=70, Master of Science in Education>, region=row2, ordering=2>\".'),(2115,'2015-01-20 19:32:24',15,12,'70','Master of Science in Education',2,'No fields changed.'),(2116,'2015-01-20 19:34:49',15,12,'70','Master of Science in Education',2,'Added textile page content \"TextilePageContent<pk=417, parent=Page<pk=70, Master of Science in Education>, region=main, ordering=2>\". Deleted textile page content \"TextilePageContent<pk=None, parent=Page<pk=70, Master of Science in Education>, region=row1, ordering=2>\".'),(2117,'2015-01-20 19:35:26',15,12,'70','Master of Science in Education',2,'Changed content for textile page content \"TextilePageContent<pk=416, parent=Page<pk=70, Master of Science in Education>, region=row2, ordering=2>\". Changed content for textile page content \"TextilePageContent<pk=417, parent=Page<pk=70, Master of Science in Education>, region=main, ordering=2>\".'),(2118,'2015-01-20 19:35:33',15,12,'70','Master of Science in Education',2,'Changed content for textile page content \"TextilePageContent<pk=416, parent=Page<pk=70, Master of Science in Education>, region=row2, ordering=2>\".'),(2119,'2015-01-20 19:35:33',15,12,'70','Master of Science in Education',2,'No fields changed.'),(2120,'2015-01-20 19:36:16',15,12,'70','Master of Science in Education',2,'Deleted textile page content \"TextilePageContent<pk=None, parent=Page<pk=70, Master of Science in Education>, region=row2, ordering=2>\".'),(2121,'2015-01-20 19:36:53',15,27,'176','John N. McCain CPA, CGMA ‘14',2,'Changed image.'),(2122,'2015-01-20 19:37:01',15,27,'167','John N. McCain CPA, CGMA ‘14',2,'Changed image.'),(2123,'2015-01-20 19:37:51',15,27,'175','Stephanie Prescott ’15 ',2,'Changed image.'),(2124,'2015-01-20 19:38:00',15,27,'174','Stephanie Prescott ’15 ',2,'Changed image.'),(2125,'2015-01-20 19:38:09',15,27,'170','Stephanie Prescott ’15 ',2,'Changed image.'),(2126,'2015-01-20 19:38:18',15,27,'169','Stephanie Prescott ’15 ',2,'Changed image.'),(2127,'2015-01-20 19:38:27',15,27,'168','Stephanie Prescott ’15 ',2,'Changed image.'),(2128,'2015-01-20 19:38:29',15,27,'168','Stephanie Prescott ’15 ',2,'No fields changed.'),(2129,'2015-01-20 19:38:29',15,27,'168','Stephanie Prescott ’15 ',2,'No fields changed.'),(2130,'2015-01-20 19:40:42',15,12,'70','Master of Science in Education',2,'Changed content for textile page content \"TextilePageContent<pk=417, parent=Page<pk=70, Master of Science in Education>, region=main, ordering=2>\".'),(2131,'2015-01-20 19:41:42',15,12,'70','Master of Science in Education',2,'Deleted textile page content \"TextilePageContent<pk=None, parent=Page<pk=70, Master of Science in Education>, region=main, ordering=2>\".'),(2132,'2015-01-20 19:42:10',15,12,'70','Master of Science in Education',2,'Added textile page content \"TextilePageContent<pk=418, parent=Page<pk=70, Master of Science in Education>, region=main, ordering=2>\".'),(2133,'2015-01-20 19:42:37',15,12,'70','Master of Science in Education',2,'No fields changed.'),(2134,'2015-01-20 19:43:03',15,12,'70','Master of Science in Education',2,'No fields changed.'),(2135,'2015-01-20 19:43:41',15,12,'71','Master of Arts in Teaching',2,'Changed content for textile page content \"TextilePageContent<pk=391, parent=Page<pk=71, Master of Arts in Teaching>, region=main, ordering=1>\".'),(2136,'2015-01-20 19:44:29',15,12,'72','The Master of Science in Nursing',2,'Changed content for textile page content \"TextilePageContent<pk=401, parent=Page<pk=72, The Master of Science in Nursing>, region=row2, ordering=1>\".'),(2137,'2015-01-20 19:45:23',15,12,'74','Master of Liberal Arts',2,'Changed content for textile page content \"TextilePageContent<pk=415, parent=Page<pk=74, Master of Liberal Arts>, region=row2, ordering=1>\".'),(2138,'2015-01-20 19:45:45',15,12,'70','Master of Science in Education',2,'Added textile page content \"TextilePageContent<pk=419, parent=Page<pk=70, Master of Science in Education>, region=foot, ordering=0>\".'),(2139,'2015-01-20 19:47:32',15,12,'71','Master of Arts in Teaching',2,'Changed content for textile page content \"TextilePageContent<pk=390, parent=Page<pk=71, Master of Arts in Teaching>, region=main, ordering=0>\". Changed content for textile page content \"TextilePageContent<pk=391, parent=Page<pk=71, Master of Arts in Teaching>, region=main, ordering=1>\".'),(2140,'2015-01-20 19:48:05',15,12,'71','Master of Arts in Teaching',2,'No fields changed.'),(2141,'2015-01-21 10:00:52',1,12,'70','Master of Science in Education',2,'Changed region for textile page content \"TextilePageContent<pk=418, parent=Page<pk=70, Master of Science in Education>, region=row1, ordering=2>\".'),(2142,'2015-01-21 10:02:06',1,12,'70','Master of Science in Education',2,'No fields changed.'),(2143,'2015-01-21 10:03:37',1,12,'70','Master of Science in Education',2,'Changed content for textile page content \"TextilePageContent<pk=418, parent=Page<pk=70, Master of Science in Education>, region=row1, ordering=2>\".'),(2144,'2015-01-21 10:06:08',1,12,'70','Master of Science in Education',2,'Changed region and ordering for textile page content \"TextilePageContent<pk=418, parent=Page<pk=70, Master of Science in Education>, region=foot, ordering=1>\". Deleted textile page content \"TextilePageContent<pk=None, parent=Page<pk=70, Master of Science in Education>, region=foot, ordering=0>\".'),(2145,'2015-01-21 10:10:38',1,12,'70','Master of Science in Education',2,'Changed region and ordering for textile page content \"TextilePageContent<pk=381, parent=Page<pk=70, Master of Science in Education>, region=row1, ordering=2>\". Changed region and ordering for textile page content \"TextilePageContent<pk=382, parent=Page<pk=70, Master of Science in Education>, region=row1, ordering=3>\". Changed region and ordering for textile page content \"TextilePageContent<pk=418, parent=Page<pk=70, Master of Science in Education>, region=row2, ordering=0>\".'),(2146,'2015-01-21 11:20:49',15,12,'66','Master of Pastoral Studies',2,'Changed content for textile page content \"TextilePageContent<pk=362, parent=Page<pk=66, Master of Pastoral Studies>, region=main, ordering=1>\".'),(2147,'2015-01-21 11:21:49',15,12,'66','Master of Pastoral Studies',2,'Changed content for textile page content \"TextilePageContent<pk=362, parent=Page<pk=66, Master of Pastoral Studies>, region=main, ordering=1>\".'),(2148,'2015-01-21 11:22:15',15,12,'66','Master of Pastoral Studies',2,'No fields changed.'),(2149,'2015-01-21 11:23:05',15,12,'67','Master of Business Administration',2,'Changed content for textile page content \"TextilePageContent<pk=360, parent=Page<pk=67, Master of Business Administration>, region=main, ordering=1>\".'),(2150,'2015-01-21 11:23:52',15,12,'68','Master of Arts in Theological Studies',2,'Changed content for textile page content \"TextilePageContent<pk=366, parent=Page<pk=68, Master of Arts in Theological Studies>, region=main, ordering=1>\".'),(2151,'2015-01-21 11:24:49',15,12,'69','Master of Theological Studies',2,'Changed content for textile page content \"TextilePageContent<pk=372, parent=Page<pk=69, Master of Theological Studies>, region=main, ordering=1>\".'),(2152,'2015-01-21 11:25:50',15,12,'70','Master of Science in Education',2,'Changed content for textile page content \"TextilePageContent<pk=378, parent=Page<pk=70, Master of Science in Education>, region=main, ordering=1>\".'),(2153,'2015-01-21 11:25:50',15,12,'70','Master of Science in Education',2,'No fields changed.'),(2154,'2015-01-21 11:28:46',15,12,'71','Master of Arts in Teaching',2,'Added textile page content \"TextilePageContent<pk=420, parent=Page<pk=71, Master of Arts in Teaching>, region=main, ordering=1>\". Changed ordering for textile page content \"TextilePageContent<pk=391, parent=Page<pk=71, Master of Arts in Teaching>, region=main, ordering=2>\".'),(2155,'2015-01-21 11:30:30',15,12,'72','The Master of Science in Nursing',2,'Changed content for textile page content \"TextilePageContent<pk=403, parent=Page<pk=72, The Master of Science in Nursing>, region=main, ordering=1>\".'),(2156,'2015-01-21 11:32:34',15,12,'74','Master of Liberal Arts',2,'Changed content for textile page content \"TextilePageContent<pk=410, parent=Page<pk=74, Master of Liberal Arts>, region=main, ordering=1>\".'),(2157,'2015-01-21 11:34:38',15,12,'66','Master of Pastoral Studies',2,'Added textile page content \"TextilePageContent<pk=421, parent=Page<pk=66, Master of Pastoral Studies>, region=row2, ordering=0>\". Changed region and ordering for textile page content \"TextilePageContent<pk=386, parent=Page<pk=66, Master of Pastoral Studies>, region=row1, ordering=2>\". Changed region and ordering for textile page content \"TextilePageContent<pk=387, parent=Page<pk=66, Master of Pastoral Studies>, region=row1, ordering=3>\". Deleted textile page content \"TextilePageContent<pk=None, parent=Page<pk=66, Master of Pastoral Studies>, region=main, ordering=2>\".'),(2158,'2015-01-21 11:34:52',15,12,'66','Master of Pastoral Studies',2,'No fields changed.'),(2159,'2015-01-21 11:35:23',15,12,'67','Master of Business Administration',2,'Added textile page content \"TextilePageContent<pk=422, parent=Page<pk=67, Master of Business Administration>, region=row2, ordering=2>\". Deleted textile page content \"TextilePageContent<pk=None, parent=Page<pk=67, Master of Business Administration>, region=main, ordering=2>\".'),(2160,'2015-01-21 11:35:48',15,12,'67','Master of Business Administration',2,'Changed region and ordering for textile page content \"TextilePageContent<pk=358, parent=Page<pk=67, Master of Business Administration>, region=row1, ordering=2>\". Changed region and ordering for textile page content \"TextilePageContent<pk=359, parent=Page<pk=67, Master of Business Administration>, region=row1, ordering=3>\". Changed ordering for textile page content \"TextilePageContent<pk=422, parent=Page<pk=67, Master of Business Administration>, region=row2, ordering=0>\".'),(2161,'2015-01-21 11:44:22',15,12,'68','Master of Arts in Theological Studies',2,'Added textile page content \"TextilePageContent<pk=423, parent=Page<pk=68, Master of Arts in Theological Studies>, region=row2, ordering=2>\". Deleted textile page content \"TextilePageContent<pk=None, parent=Page<pk=68, Master of Arts in Theological Studies>, region=main, ordering=2>\".'),(2162,'2015-01-21 11:44:38',15,12,'68','Master of Arts in Theological Studies',2,'Changed region and ordering for textile page content \"TextilePageContent<pk=367, parent=Page<pk=68, Master of Arts in Theological Studies>, region=row1, ordering=2>\". Changed region and ordering for textile page content \"TextilePageContent<pk=368, parent=Page<pk=68, Master of Arts in Theological Studies>, region=row1, ordering=3>\". Changed ordering for textile page content \"TextilePageContent<pk=423, parent=Page<pk=68, Master of Arts in Theological Studies>, region=row2, ordering=0>\".'),(2163,'2015-01-21 11:46:03',15,12,'68','Master of Arts in Theological Studies',2,'No fields changed.'),(2164,'2015-01-21 11:47:32',15,12,'72','The Master of Science in Nursing',2,'Added textile page content \"TextilePageContent<pk=424, parent=Page<pk=72, The Master of Science in Nursing>, region=row2, ordering=2>\". Deleted textile page content \"TextilePageContent<pk=None, parent=Page<pk=72, The Master of Science in Nursing>, region=main, ordering=2>\".'),(2165,'2015-01-21 11:49:06',15,12,'72','The Master of Science in Nursing',2,'Changed region and ordering for textile page content \"TextilePageContent<pk=400, parent=Page<pk=72, The Master of Science in Nursing>, region=row1, ordering=2>\". Changed region and ordering for textile page content \"TextilePageContent<pk=401, parent=Page<pk=72, The Master of Science in Nursing>, region=row1, ordering=3>\". Changed ordering for textile page content \"TextilePageContent<pk=424, parent=Page<pk=72, The Master of Science in Nursing>, region=row2, ordering=0>\".'),(2166,'2015-01-21 11:50:48',15,12,'74','Master of Liberal Arts',2,'Added textile page content \"TextilePageContent<pk=425, parent=Page<pk=74, Master of Liberal Arts>, region=row2, ordering=2>\". Deleted textile page content \"TextilePageContent<pk=None, parent=Page<pk=74, Master of Liberal Arts>, region=main, ordering=2>\".'),(2167,'2015-01-21 11:51:23',15,12,'74','Master of Liberal Arts',2,'Changed region and ordering for textile page content \"TextilePageContent<pk=414, parent=Page<pk=74, Master of Liberal Arts>, region=row1, ordering=2>\". Changed content, region and ordering for textile page content \"TextilePageContent<pk=415, parent=Page<pk=74, Master of Liberal Arts>, region=row1, ordering=3>\". Changed ordering for textile page content \"TextilePageContent<pk=425, parent=Page<pk=74, Master of Liberal Arts>, region=row2, ordering=0>\".'),(2168,'2015-01-21 11:51:33',15,12,'74','Master of Liberal Arts',2,'No fields changed.'),(2169,'2015-01-21 11:54:19',15,12,'74','Master of Liberal Arts',2,'No fields changed.'),(2170,'2015-01-21 11:56:37',15,12,'74','Master of Liberal Arts',2,'No fields changed.'),(2171,'2015-01-21 12:42:52',15,12,'66','Master of Pastoral Studies',2,'Changed content for textile page content \"TextilePageContent<pk=369, parent=Page<pk=66, Master of Pastoral Studies>, region=row1, ordering=0>\". Changed content for textile page content \"TextilePageContent<pk=362, parent=Page<pk=66, Master of Pastoral Studies>, region=main, ordering=1>\". Changed content for textile page content \"TextilePageContent<pk=387, parent=Page<pk=66, Master of Pastoral Studies>, region=row1, ordering=3>\".'),(2172,'2015-01-21 12:42:59',15,12,'66','Master of Pastoral Studies',2,'Changed content for textile page content \"TextilePageContent<pk=362, parent=Page<pk=66, Master of Pastoral Studies>, region=main, ordering=1>\".'),(2173,'2015-01-21 12:43:34',15,12,'66','Master of Pastoral Studies',2,'No fields changed.'),(2174,'2015-01-21 12:52:01',15,12,'66','Master of Pastoral Studies',2,'Added textile page content \"TextilePageContent<pk=426, parent=Page<pk=66, Master of Pastoral Studies>, region=row1, ordering=0>\". Changed ordering for textile page content \"TextilePageContent<pk=369, parent=Page<pk=66, Master of Pastoral Studies>, region=row1, ordering=3>\". Changed ordering for textile page content \"TextilePageContent<pk=387, parent=Page<pk=66, Master of Pastoral Studies>, region=row1, ordering=4>\". Deleted textile page content \"TextilePageContent<pk=None, parent=Page<pk=66, Master of Pastoral Studies>, region=main, ordering=1>\".'),(2175,'2015-01-21 12:58:00',15,12,'66','Master of Pastoral Studies',2,'Added textile page content \"TextilePageContent<pk=427, parent=Page<pk=66, Master of Pastoral Studies>, region=row1, ordering=5>\". Deleted textile page content \"TextilePageContent<pk=None, parent=Page<pk=66, Master of Pastoral Studies>, region=row2, ordering=0>\".'),(2176,'2015-01-21 12:58:15',15,12,'66','Master of Pastoral Studies',2,'Changed ordering for textile page content \"TextilePageContent<pk=387, parent=Page<pk=66, Master of Pastoral Studies>, region=row1, ordering=5>\". Changed ordering for textile page content \"TextilePageContent<pk=427, parent=Page<pk=66, Master of Pastoral Studies>, region=row1, ordering=4>\".'),(2177,'2015-01-21 13:02:30',15,12,'67','Master of Business Administration',2,'Added textile page content \"TextilePageContent<pk=428, parent=Page<pk=67, Master of Business Administration>, region=row1, ordering=4>\". Deleted textile page content \"TextilePageContent<pk=None, parent=Page<pk=67, Master of Business Administration>, region=main, ordering=1>\".'),(2178,'2015-01-21 13:03:19',15,12,'67','Master of Business Administration',2,'Added textile page content \"TextilePageContent<pk=429, parent=Page<pk=67, Master of Business Administration>, region=row1, ordering=4>\". Changed ordering for textile page content \"TextilePageContent<pk=428, parent=Page<pk=67, Master of Business Administration>, region=row1, ordering=5>\". Deleted textile page content \"TextilePageContent<pk=None, parent=Page<pk=67, Master of Business Administration>, region=row2, ordering=0>\".'),(2179,'2015-01-21 13:04:06',15,12,'67','Master of Business Administration',2,'Added textile page content \"TextilePageContent<pk=430, parent=Page<pk=67, Master of Business Administration>, region=row2, ordering=0>\". Deleted textile page content \"TextilePageContent<pk=None, parent=Page<pk=67, Master of Business Administration>, region=row1, ordering=4>\".'),(2180,'2015-01-21 13:05:09',15,12,'68','Master of Arts in Theological Studies',2,'Added textile page content \"TextilePageContent<pk=431, parent=Page<pk=68, Master of Arts in Theological Studies>, region=row1, ordering=4>\". Deleted textile page content \"TextilePageContent<pk=None, parent=Page<pk=68, Master of Arts in Theological Studies>, region=main, ordering=1>\".'),(2181,'2015-01-21 13:05:14',15,12,'68','Master of Arts in Theological Studies',2,'No fields changed.'),(2182,'2015-01-21 13:06:15',15,12,'68','Master of Arts in Theological Studies',2,'Changed ordering for textile page content \"TextilePageContent<pk=423, parent=Page<pk=68, Master of Arts in Theological Studies>, region=row2, ordering=1>\". Changed region and ordering for textile page content \"TextilePageContent<pk=367, parent=Page<pk=68, Master of Arts in Theological Studies>, region=row2, ordering=0>\". Changed ordering for textile page content \"TextilePageContent<pk=368, parent=Page<pk=68, Master of Arts in Theological Studies>, region=row1, ordering=2>\". Changed ordering for textile page content \"TextilePageContent<pk=431, parent=Page<pk=68, Master of Arts in Theological Studies>, region=row1, ordering=3>\".'),(2183,'2015-01-21 13:06:45',15,12,'68','Master of Arts in Theological Studies',2,'No fields changed.'),(2184,'2015-01-21 13:07:55',15,12,'69','Master of Theological Studies',2,'Changed region and ordering for textile page content \"TextilePageContent<pk=372, parent=Page<pk=69, Master of Theological Studies>, region=row1, ordering=3>\". Changed region and ordering for textile page content \"TextilePageContent<pk=376, parent=Page<pk=69, Master of Theological Studies>, region=row1, ordering=2>\". Changed region and ordering for textile page content \"TextilePageContent<pk=389, parent=Page<pk=69, Master of Theological Studies>, region=row2, ordering=1>\".'),(2185,'2015-01-21 13:08:39',15,12,'70','Master of Science in Education',2,'Changed region and ordering for textile page content \"TextilePageContent<pk=378, parent=Page<pk=70, Master of Science in Education>, region=row1, ordering=3>\". Changed region and ordering for textile page content \"TextilePageContent<pk=381, parent=Page<pk=70, Master of Science in Education>, region=row2, ordering=1>\". Changed ordering for textile page content \"TextilePageContent<pk=382, parent=Page<pk=70, Master of Science in Education>, region=row1, ordering=2>\".'),(2186,'2015-01-21 13:09:48',15,12,'71','Master of Arts in Teaching',2,'Changed region and ordering for textile page content \"TextilePageContent<pk=395, parent=Page<pk=71, Master of Arts in Teaching>, region=row1, ordering=2>\". Changed region and ordering for textile page content \"TextilePageContent<pk=420, parent=Page<pk=71, Master of Arts in Teaching>, region=row1, ordering=3>\". Changed ordering for textile page content \"TextilePageContent<pk=391, parent=Page<pk=71, Master of Arts in Teaching>, region=main, ordering=1>\".'),(2187,'2015-01-21 13:10:57',15,12,'72','The Master of Science in Nursing',2,'Changed ordering for textile page content \"TextilePageContent<pk=424, parent=Page<pk=72, The Master of Science in Nursing>, region=row2, ordering=1>\". Changed region and ordering for textile page content \"TextilePageContent<pk=403, parent=Page<pk=72, The Master of Science in Nursing>, region=row1, ordering=3>\". Changed region and ordering for textile page content \"TextilePageContent<pk=400, parent=Page<pk=72, The Master of Science in Nursing>, region=row2, ordering=0>\". Changed ordering for textile page content \"TextilePageContent<pk=401, parent=Page<pk=72, The Master of Science in Nursing>, region=row1, ordering=2>\".'),(2188,'2015-01-21 13:12:03',15,12,'74','Master of Liberal Arts',2,'Changed content for textile page content \"TextilePageContent<pk=425, parent=Page<pk=74, Master of Liberal Arts>, region=row2, ordering=0>\".'),(2189,'2015-01-21 13:12:28',15,12,'74','Master of Liberal Arts',2,'Changed region and ordering for textile page content \"TextilePageContent<pk=425, parent=Page<pk=74, Master of Liberal Arts>, region=row1, ordering=4>\".'),(2190,'2015-01-21 13:13:12',15,12,'74','Master of Liberal Arts',2,'Changed region and ordering for textile page content \"TextilePageContent<pk=425, parent=Page<pk=74, Master of Liberal Arts>, region=row2, ordering=0>\".'),(2191,'2015-01-21 13:47:03',15,12,'66','Master of Pastoral Studies',2,'Changed region and ordering for textile page content \"TextilePageContent<pk=369, parent=Page<pk=66, Master of Pastoral Studies>, region=row2, ordering=0>\". Changed region and ordering for textile page content \"TextilePageContent<pk=427, parent=Page<pk=66, Master of Pastoral Studies>, region=row2, ordering=1>\". Changed ordering for textile page content \"TextilePageContent<pk=387, parent=Page<pk=66, Master of Pastoral Studies>, region=row1, ordering=3>\".'),(2192,'2015-01-21 14:45:12',15,12,'67','Master of Business Administration',2,'Changed region and ordering for textile page content \"TextilePageContent<pk=359, parent=Page<pk=67, Master of Business Administration>, region=row2, ordering=1>\". Changed ordering for textile page content \"TextilePageContent<pk=428, parent=Page<pk=67, Master of Business Administration>, region=row1, ordering=3>\".'),(2193,'2015-01-21 14:46:05',15,12,'66','Master of Pastoral Studies',2,'Changed content for textile page content \"TextilePageContent<pk=361, parent=Page<pk=66, Master of Pastoral Studies>, region=main, ordering=0>\".'),(2194,'2015-01-21 14:46:29',15,12,'66','Master of Pastoral Studies',2,'Changed content for textile page content \"TextilePageContent<pk=386, parent=Page<pk=66, Master of Pastoral Studies>, region=row1, ordering=2>\".'),(2195,'2015-01-21 14:47:36',15,12,'68','Master of Arts in Theological Studies',2,'Changed content for textile page content \"TextilePageContent<pk=363, parent=Page<pk=68, Master of Arts in Theological Studies>, region=row1, ordering=0>\".'),(2196,'2015-01-21 14:49:47',15,12,'69','Master of Theological Studies',2,'Changed content for textile page content \"TextilePageContent<pk=376, parent=Page<pk=69, Master of Theological Studies>, region=row1, ordering=2>\".'),(2197,'2015-01-21 14:51:21',15,12,'71','Master of Arts in Teaching',2,'Changed region for textile page content \"TextilePageContent<pk=391, parent=Page<pk=71, Master of Arts in Teaching>, region=row2, ordering=1>\". Changed content for textile page content \"TextilePageContent<pk=395, parent=Page<pk=71, Master of Arts in Teaching>, region=row1, ordering=2>\".'),(2198,'2015-01-21 14:51:44',15,12,'71','Master of Arts in Teaching',2,'Changed content for textile page content \"TextilePageContent<pk=391, parent=Page<pk=71, Master of Arts in Teaching>, region=row2, ordering=1>\".'),(2199,'2015-01-21 14:52:01',15,12,'71','Master of Arts in Teaching',2,'Changed content for textile page content \"TextilePageContent<pk=390, parent=Page<pk=71, Master of Arts in Teaching>, region=main, ordering=0>\".'),(2200,'2015-01-21 14:52:04',15,12,'71','Master of Arts in Teaching',2,'No fields changed.'),(2201,'2015-01-21 14:52:06',15,12,'71','Master of Arts in Teaching',2,'No fields changed.'),(2202,'2015-01-21 14:52:52',15,12,'72','The Master of Science in Nursing',2,'Changed content for textile page content \"TextilePageContent<pk=401, parent=Page<pk=72, The Master of Science in Nursing>, region=row1, ordering=2>\".'),(2203,'2015-01-21 14:53:48',15,12,'72','The Master of Science in Nursing',2,'Changed content for textile page content \"TextilePageContent<pk=424, parent=Page<pk=72, The Master of Science in Nursing>, region=row2, ordering=1>\".'),(2204,'2015-01-21 14:54:42',15,12,'74','Master of Liberal Arts',2,'Changed region and ordering for textile page content \"TextilePageContent<pk=410, parent=Page<pk=74, Master of Liberal Arts>, region=row1, ordering=3>\". Changed region and ordering for textile page content \"TextilePageContent<pk=415, parent=Page<pk=74, Master of Liberal Arts>, region=row2, ordering=1>\".'),(2205,'2015-01-21 14:55:29',15,12,'74','Master of Liberal Arts',2,'Changed ordering for textile page content \"TextilePageContent<pk=412, parent=Page<pk=74, Master of Liberal Arts>, region=row1, ordering=3>\". Changed ordering for textile page content \"TextilePageContent<pk=413, parent=Page<pk=74, Master of Liberal Arts>, region=row1, ordering=2>\". Changed ordering for textile page content \"TextilePageContent<pk=414, parent=Page<pk=74, Master of Liberal Arts>, region=row1, ordering=0>\". Changed ordering for textile page content \"TextilePageContent<pk=410, parent=Page<pk=74, Master of Liberal Arts>, region=row1, ordering=1>\".'),(2206,'2015-01-22 10:53:13',15,12,'73','Master of Liberal Arts',3,''),(2207,'2015-01-22 10:55:33',15,12,'67','Master of Business Administration',2,'Changed ordering for textile page content \"TextilePageContent<pk=357, parent=Page<pk=67, Master of Business Administration>, region=row1, ordering=2>\". Changed ordering for textile page content \"TextilePageContent<pk=358, parent=Page<pk=67, Master of Business Administration>, region=row1, ordering=1>\".'),(2208,'2015-01-22 10:57:39',15,12,'67','Master of Business Administration',2,'Changed content for textile page content \"TextilePageContent<pk=356, parent=Page<pk=67, Master of Business Administration>, region=row1, ordering=0>\".'),(2209,'2015-01-22 10:58:11',15,12,'67','Master of Business Administration',2,'Changed content for textile page content \"TextilePageContent<pk=430, parent=Page<pk=67, Master of Business Administration>, region=row2, ordering=0>\".'),(2210,'2015-01-22 11:01:07',15,12,'70','Master of Science in Education',2,'Changed ordering for textile page content \"TextilePageContent<pk=418, parent=Page<pk=70, Master of Science in Education>, region=row2, ordering=1>\". Changed ordering for textile page content \"TextilePageContent<pk=381, parent=Page<pk=70, Master of Science in Education>, region=row2, ordering=0>\".'),(2211,'2015-01-22 11:02:20',15,12,'72','The Master of Science in Nursing',2,'Changed testimonials.'),(2212,'2015-01-22 11:02:54',15,12,'74','Master of Liberal Arts',2,'Changed content for textile page content \"TextilePageContent<pk=410, parent=Page<pk=74, Master of Liberal Arts>, region=row1, ordering=1>\".'),(2213,'2015-01-22 11:03:19',15,12,'74','Master of Liberal Arts',2,'Changed ordering for textile page content \"TextilePageContent<pk=414, parent=Page<pk=74, Master of Liberal Arts>, region=row1, ordering=1>\". Changed ordering for textile page content \"TextilePageContent<pk=410, parent=Page<pk=74, Master of Liberal Arts>, region=row1, ordering=2>\". Changed ordering for textile page content \"TextilePageContent<pk=413, parent=Page<pk=74, Master of Liberal Arts>, region=row1, ordering=0>\".'),(2214,'2015-01-29 09:20:04',1,10,'88','MPS.jpg',1,''),(2215,'2015-01-29 09:20:10',1,12,'66','Master of Pastoral Studies',2,'Changed ordering for textile page content \"TextilePageContent<pk=361, parent=Page<pk=66, Master of Pastoral Studies>, region=main, ordering=1>\". Added media file \"MediaFileContent<pk=65, parent=Page<pk=66, Master of Pastoral Studies>, region=main, ordering=0>\".'),(2216,'2015-01-29 09:20:34',1,10,'89','MBA.jpg',1,''),(2217,'2015-01-29 09:20:37',1,12,'67','Master of Business Administration',2,'Changed ordering for textile page content \"TextilePageContent<pk=355, parent=Page<pk=67, Master of Business Administration>, region=main, ordering=1>\". Added media file \"MediaFileContent<pk=66, parent=Page<pk=67, Master of Business Administration>, region=main, ordering=0>\".'),(2218,'2015-01-29 09:20:58',1,10,'90','MATS.jpg',1,''),(2219,'2015-01-29 09:21:01',1,12,'68','Master of Arts in Theological Studies',2,'Changed ordering for textile page content \"TextilePageContent<pk=365, parent=Page<pk=68, Master of Arts in Theological Studies>, region=main, ordering=1>\". Added media file \"MediaFileContent<pk=67, parent=Page<pk=68, Master of Arts in Theological Studies>, region=main, ordering=0>\".'),(2220,'2015-01-29 09:21:24',1,10,'91','MTS.jpg',1,''),(2221,'2015-01-29 09:21:27',1,12,'69','Master of Theological Studies',2,'Changed ordering for textile page content \"TextilePageContent<pk=371, parent=Page<pk=69, Master of Theological Studies>, region=main, ordering=1>\". Added media file \"MediaFileContent<pk=68, parent=Page<pk=69, Master of Theological Studies>, region=main, ordering=0>\".'),(2222,'2015-01-29 09:21:50',1,10,'92','MSE.jpg',1,''),(2223,'2015-01-29 09:21:54',1,12,'70','Master of Science in Education',2,'Changed ordering for textile page content \"TextilePageContent<pk=377, parent=Page<pk=70, Master of Science in Education>, region=main, ordering=1>\". Added media file \"MediaFileContent<pk=69, parent=Page<pk=70, Master of Science in Education>, region=main, ordering=0>\".'),(2224,'2015-01-29 09:22:16',1,10,'93','MAT.jpg',1,''),(2225,'2015-01-29 09:22:19',1,12,'71','Master of Arts in Teaching',2,'Changed ordering for textile page content \"TextilePageContent<pk=390, parent=Page<pk=71, Master of Arts in Teaching>, region=main, ordering=1>\". Added media file \"MediaFileContent<pk=70, parent=Page<pk=71, Master of Arts in Teaching>, region=main, ordering=0>\".'),(2226,'2015-01-29 09:22:43',1,10,'94','MSN.jpg',1,''),(2227,'2015-01-29 09:22:46',1,12,'72','The Master of Science in Nursing',2,'Changed ordering for textile page content \"TextilePageContent<pk=402, parent=Page<pk=72, The Master of Science in Nursing>, region=main, ordering=1>\". Added media file \"MediaFileContent<pk=71, parent=Page<pk=72, The Master of Science in Nursing>, region=main, ordering=0>\".'),(2228,'2015-01-29 09:26:07',1,12,'74','Master of Liberal Arts',2,'Added media file \"MediaFileContent<pk=72, parent=Page<pk=74, Master of Liberal Arts>, region=main, ordering=1>\".'),(2229,'2015-01-29 10:11:22',1,12,'65','Graduate Degrees',2,'Added textile page content \"TextilePageContent<pk=432, parent=Page<pk=65, Graduate Degrees>, region=main, ordering=0>\".'),(2230,'2015-01-29 10:20:27',15,12,'74','Master of Liberal Arts',2,'Changed content for textile page content \"TextilePageContent<pk=413, parent=Page<pk=74, Master of Liberal Arts>, region=row1, ordering=0>\". Changed content for textile page content \"TextilePageContent<pk=410, parent=Page<pk=74, Master of Liberal Arts>, region=row1, ordering=2>\".'),(2231,'2015-01-29 10:21:50',15,12,'74','Master of Liberal Arts',2,'Changed ordering for textile page content \"TextilePageContent<pk=409, parent=Page<pk=74, Master of Liberal Arts>, region=main, ordering=1>\". Changed ordering for media file \"MediaFileContent<pk=72, parent=Page<pk=74, Master of Liberal Arts>, region=main, ordering=0>\".'),(2232,'2015-01-29 10:23:06',15,27,'193','Shelia Ross, RN',2,'Changed image.'),(2233,'2015-01-29 10:34:29',15,27,'193','Shelia Ross, RN',2,'Changed image.'),(2234,'2015-01-30 14:21:26',1,10,'80','2014-2015 Bulletin of Information',2,'Changed file.'),(2235,'2015-01-30 15:44:17',1,12,'66','Master of Pastoral Studies',2,'Changed template_key.'),(2236,'2015-01-30 16:01:17',1,12,'66','Master of Pastoral Studies',2,'No fields changed.'),(2237,'2015-01-30 16:01:53',1,12,'67','Master of Business Administration',2,'Changed template_key.'),(2238,'2015-01-30 16:02:07',1,12,'68','Master of Arts in Theological Studies',2,'Changed template_key.'),(2239,'2015-01-30 16:02:17',1,12,'69','Master of Theological Studies',2,'Changed template_key.'),(2240,'2015-01-30 16:02:29',1,12,'70','Master of Science in Education',2,'Changed template_key.'),(2241,'2015-01-30 16:02:37',1,12,'71','Master of Arts in Teaching',2,'Changed template_key.'),(2242,'2015-01-30 16:02:44',1,12,'72','The Master of Science in Nursing',2,'Changed template_key.'),(2243,'2015-01-30 16:02:51',1,12,'74','Master of Liberal Arts',2,'Changed template_key.'),(2244,'2015-02-03 09:45:28',1,12,'75','Admission Requirements for MBA',1,''),(2245,'2015-02-03 09:53:20',1,12,'75','Admission Requirements for MBA',2,'No fields changed.'),(2246,'2015-02-03 09:53:28',1,12,'75','Admission Requirements for MBA',2,'Changed template_key.'),(2247,'2015-02-03 09:57:52',1,12,'75','Admission Requirements for MBA',2,'Changed template_key.'),(2248,'2015-02-03 09:59:21',1,12,'75','Admission Requirements for MBA',2,'Changed template_key.'),(2249,'2015-02-03 15:11:08',1,12,'65','Graduate Degrees',2,'Changed template_key.'),(2250,'2015-02-03 15:11:52',1,12,'65','Graduate Degrees',2,'Added textile page content \"TextilePageContent<pk=435, parent=Page<pk=65, Graduate Degrees>, region=main, ordering=1>\". Added textile page content \"TextilePageContent<pk=436, parent=Page<pk=65, Graduate Degrees>, region=main, ordering=3>\". Changed content for textile page content \"TextilePageContent<pk=432, parent=Page<pk=65, Graduate Degrees>, region=main, ordering=0>\". Added template content \"TemplateContent<pk=5, parent=Page<pk=65, Graduate Degrees>, region=main, ordering=2>\".'),(2251,'2015-02-03 15:28:42',1,12,'67','Master of Business Administration',2,'No fields changed.'),(2252,'2015-02-03 15:32:47',1,12,'76','Master of Business Administration',1,''),(2253,'2015-02-03 15:32:57',1,12,'76','Master of Business Administration',2,'Changed active.'),(2254,'2015-02-03 15:33:17',1,12,'76','Master of Business Administration',2,'Changed template_key.'),(2255,'2015-02-03 15:35:06',1,12,'76','Master of Business Administration',2,'Added textile page content \"TextilePageContent<pk=437, parent=Page<pk=76, Master of Business Administration>, region=main, ordering=1>\". Added textile page content \"TextilePageContent<pk=438, parent=Page<pk=76, Master of Business Administration>, region=row1, ordering=1>\". Added textile page content \"TextilePageContent<pk=439, parent=Page<pk=76, Master of Business Administration>, region=row1, ordering=2>\". Added textile page content \"TextilePageContent<pk=440, parent=Page<pk=76, Master of Business Administration>, region=row1, ordering=3>\". Added textile page content \"TextilePageContent<pk=441, parent=Page<pk=76, Master of Business Administration>, region=row1, ordering=0>\". Added textile page content \"TextilePageContent<pk=442, parent=Page<pk=76, Master of Business Administration>, region=row2, ordering=0>\". Added textile page content \"TextilePageContent<pk=443, parent=Page<pk=76, Master of Business Administration>, region=row2, ordering=1>\". Added media file \"MediaFileContent<pk=73, parent=Page<pk=76, Master of Business Administration>, region=main, ordering=0>\".'),(2256,'2015-02-03 15:39:07',1,12,'76','Master of Business Administration',2,'Changed content for textile page content \"TextilePageContent<pk=437, parent=Page<pk=76, Master of Business Administration>, region=main, ordering=1>\".'),(2257,'2015-02-03 15:39:45',1,12,'76','Master of Business Administration',2,'Changed content for textile page content \"TextilePageContent<pk=441, parent=Page<pk=76, Master of Business Administration>, region=row1, ordering=0>\". Deleted textile page content \"TextilePageContent<pk=None, parent=Page<pk=76, Master of Business Administration>, region=row1, ordering=1>\". Deleted textile page content \"TextilePageContent<pk=None, parent=Page<pk=76, Master of Business Administration>, region=row1, ordering=2>\". Deleted textile page content \"TextilePageContent<pk=None, parent=Page<pk=76, Master of Business Administration>, region=row1, ordering=3>\".'),(2258,'2015-02-03 15:39:57',1,12,'76','Master of Business Administration',2,'Deleted textile page content \"TextilePageContent<pk=None, parent=Page<pk=76, Master of Business Administration>, region=row2, ordering=0>\". Deleted textile page content \"TextilePageContent<pk=None, parent=Page<pk=76, Master of Business Administration>, region=row2, ordering=1>\".'),(2259,'2015-02-03 15:40:50',1,12,'76','Master of Business Administration',2,'Changed content for textile page content \"TextilePageContent<pk=437, parent=Page<pk=76, Master of Business Administration>, region=main, ordering=1>\". Deleted media file \"MediaFileContent<pk=None, parent=Page<pk=76, Master of Business Administration>, region=main, ordering=0>\".'),(2260,'2015-02-03 15:41:59',1,12,'76','Master of Business Administration',2,'Changed ordering for textile page content \"TextilePageContent<pk=437, parent=Page<pk=76, Master of Business Administration>, region=main, ordering=0>\". Deleted textile page content \"TextilePageContent<pk=None, parent=Page<pk=76, Master of Business Administration>, region=row1, ordering=0>\".'),(2261,'2015-02-03 16:00:06',1,12,'None','Master of Business Administration',3,''),(2262,'2015-02-04 09:40:48',1,29,'1','Business: ug',1,''),(2263,'2015-02-04 09:41:07',1,29,'2','Comm Arts: ug',1,''),(2264,'2015-02-04 09:42:40',1,30,'2','Accounting',1,''),(2265,'2015-02-04 09:42:58',1,30,'3','Business Administration',1,''),(2266,'2015-02-04 09:43:16',1,30,'4','Digital Video Production',1,''),(2267,'2015-02-04 09:43:35',1,30,'5','Journalism',1,''),(2268,'2015-02-04 09:43:53',1,30,'6','Public Relations & Advertising',1,''),(2269,'2015-02-04 11:35:53',1,30,'2','Accounting [Business: ug]',2,'No fields changed.'),(2270,'2015-02-04 14:22:57',1,30,'7','Finance [Business: ug]',1,''),(2271,'2015-02-04 14:23:16',1,30,'8','Financial Economics [Business: ug]',1,''),(2272,'2015-02-04 14:23:32',1,30,'9','International Business [Business: ug]',1,''),(2273,'2015-02-04 14:23:50',1,30,'10','Management and Marketing [Business: ug]',1,''),(2274,'2015-02-04 14:24:04',1,30,'11','Computer Information Systems [Business: ug]',1,''),(2275,'2015-02-04 14:24:34',1,29,'3','Fine Arts: ug',1,''),(2276,'2015-02-04 14:24:52',1,30,'12','Art Business [Fine Arts: ug]',1,''),(2277,'2015-02-04 14:25:07',1,30,'13','Theater [Fine Arts: ug]',1,''),(2278,'2015-02-04 14:25:24',1,30,'14','Graphic Design [Fine Arts: ug]',1,''),(2279,'2015-02-04 14:25:41',1,30,'15','Studio Art [Fine Arts: ug]',1,''),(2280,'2015-02-04 14:26:06',1,29,'4','Humanities: ug',1,''),(2281,'2015-02-04 14:26:20',1,30,'16','English [Humanities: ug]',1,''),(2282,'2015-02-04 14:26:44',1,30,'17','French [Humanities: ug]',1,''),(2283,'2015-02-04 14:27:02',1,30,'18','General Studies [Humanities: ug]',1,''),(2284,'2015-02-04 14:27:18',1,30,'19','Hispanic Studies [Humanities: ug]',1,''),(2285,'2015-02-04 14:27:37',1,30,'20','Interdisciplinary Humanities [Humanities: ug]',1,''),(2286,'2015-02-04 14:27:52',1,30,'21','Latin American Studies [Humanities: ug]',1,''),(2287,'2015-02-04 14:28:07',1,30,'22','Spanish [Humanities: ug]',1,''),(2288,'2015-02-04 14:28:27',1,30,'23','Writing [Humanities: ug]',1,''),(2289,'2015-02-04 14:28:42',1,30,'24','Philosophy [Humanities: ug]',1,''),(2290,'2015-02-04 14:28:58',1,30,'25','Theology [Humanities: ug]',1,''),(2291,'2015-02-04 14:29:24',1,29,'5','Natural Sciences: ug',1,''),(2292,'2015-02-04 14:29:46',1,30,'26','Biochemistry [Natural Sciences: ug]',1,''),(2293,'2015-02-04 14:30:01',1,30,'27','Chemistry [Natural Sciences: ug]',1,''),(2294,'2015-02-04 14:30:18',1,30,'28','Cell and Molecular Biology [Natural Sciences: ug]',1,''),(2295,'2015-02-04 14:30:32',1,30,'29','Forensics [Natural Sciences: ug]',1,''),(2296,'2015-02-04 14:30:51',1,30,'30','Organismal and Marine Biology [Natural Sciences: ug]',1,''),(2297,'2015-02-04 14:31:09',1,30,'31','Pre-Health Science [Natural Sciences: ug]',1,''),(2298,'2015-02-04 14:31:27',1,30,'32','Dual Degree in Engineering [Natural Sciences: ug]',1,''),(2299,'2015-02-04 14:31:41',1,30,'33','Actuarial Mathematics [Natural Sciences: ug]',1,''),(2300,'2015-02-04 14:31:54',1,30,'34','Applied Mathematics [Natural Sciences: ug]',1,''),(2301,'2015-02-04 14:32:09',1,30,'35','Computer Analysis [Natural Sciences: ug]',1,''),(2302,'2015-02-04 14:32:25',1,30,'36','Pure Mathematics [Natural Sciences: ug]',1,''),(2303,'2015-02-04 14:32:41',1,30,'37','Nursing [Natural Sciences: ug]',1,''),(2304,'2015-02-04 14:33:04',1,29,'6','Social Sciences: ug',1,''),(2305,'2015-02-04 14:33:18',1,30,'38','Criminology [Social Sciences: ug]',1,''),(2306,'2015-02-04 14:33:32',1,30,'39','History [Social Sciences: ug]',1,''),(2307,'2015-02-04 14:33:48',1,30,'40','International Studies [Social Sciences: ug]',1,''),(2308,'2015-02-04 14:34:03',1,30,'41','Political Science [Social Sciences: ug]',1,''),(2309,'2015-02-04 14:34:19',1,30,'42','Pre-Law [Social Sciences: ug]',1,''),(2310,'2015-02-04 14:34:34',1,30,'43','Psychology [Social Sciences: ug]',1,''),(2311,'2015-02-04 14:34:51',1,30,'44','Social Science [Social Sciences: ug]',1,''),(2312,'2015-02-04 14:35:05',1,30,'45','Sociology [Social Sciences: ug]',1,''),(2313,'2015-02-04 14:35:19',1,30,'46','Teacher Education [Social Sciences: ug]',1,''),(2314,'2015-02-04 14:36:10',1,29,'7','Business: grad',1,''),(2315,'2015-02-04 14:37:19',1,30,'47','Master of Business Administration [Business: grad]',1,''),(2316,'2015-02-04 14:37:49',1,29,'8','Liberal Arts: grad',1,''),(2317,'2015-02-04 14:38:04',1,30,'48','Master of Liberal Arts [Liberal Arts: grad]',1,''),(2318,'2015-02-04 14:38:26',1,29,'9','Nursing: grad',1,''),(2319,'2015-02-04 14:38:39',1,30,'49','Master of Science in Nursing [Nursing: grad]',1,''),(2320,'2015-02-04 14:39:02',1,29,'10','Teacher Education: grad',1,''),(2321,'2015-02-04 14:39:15',1,30,'50','Master of Arts in Teaching [Teacher Education: grad]',1,''),(2322,'2015-02-04 14:39:33',1,30,'51','Master of Science in Education [Teacher Education: grad]',1,''),(2323,'2015-02-04 14:39:57',1,29,'11','Theological Studies: grad',1,''),(2324,'2015-02-04 14:40:12',1,30,'52','Master of Pastoral Studies [Theological Studies: grad]',1,''),(2325,'2015-02-04 14:40:26',1,30,'53','Master of Arts in Theological Studies [Theological Studies: grad]',1,''),(2326,'2015-02-04 14:40:41',1,30,'54','Master of Theological Studies [Theological Studies: grad]',1,'');
/*!40000 ALTER TABLE `django_admin_log` ENABLE KEYS */;
UNLOCK TABLES;

--
-- Table structure for table `django_content_type`
--

DROP TABLE IF EXISTS `django_content_type`;
/*!40101 SET @saved_cs_client     = @@character_set_client */;
/*!40101 SET character_set_client = utf8 */;
CREATE TABLE `django_content_type` (
  `id` int(11) NOT NULL AUTO_INCREMENT,
  `name` varchar(100) NOT NULL,
  `app_label` varchar(100) NOT NULL,
  `model` varchar(100) NOT NULL,
  PRIMARY KEY (`id`),
  UNIQUE KEY `app_label` (`app_label`,`model`)
) ENGINE=InnoDB AUTO_INCREMENT=31 DEFAULT CHARSET=latin1;
/*!40101 SET character_set_client = @saved_cs_client */;

--
-- Dumping data for table `django_content_type`
--

LOCK TABLES `django_content_type` WRITE;
/*!40000 ALTER TABLE `django_content_type` DISABLE KEYS */;
INSERT INTO `django_content_type` VALUES (1,'permission','auth','permission'),(2,'group','auth','group'),(3,'user','auth','user'),(4,'content type','contenttypes','contenttype'),(5,'session','sessions','session'),(6,'site','sites','site'),(7,'migration history','south','migrationhistory'),(8,'log entry','admin','logentry'),(9,'category','medialibrary','category'),(10,'media file','medialibrary','mediafile'),(11,'media file translation','medialibrary','mediafiletranslation'),(12,'page','page','page'),(13,'textile page content','page','textilepagecontent'),(14,'rich text','page','richtextcontent'),(15,'raw content','page','rawcontent'),(16,'slide','page','slidecontent'),(17,'media file','page','mediafilecontent'),(18,'subpages listing','page','subpagecontent'),(19,'page teaser','page','pageteasercontent'),(20,'Form','page','formcontent'),(21,'template content','page','templatecontent'),(22,'Form entry','forms','formentry'),(23,'Form field entry','forms','fieldentry'),(24,'Form','forms','form'),(25,'Field','forms','field'),(26,'directory listing','page','directorylistingcontent'),(27,'testimonial','testimonials','testimonial'),(28,'media category listing','page','mediacategorylistingcontent'),(29,'academic area','degrees','academicarea'),(30,'degree','degrees','degree');
/*!40000 ALTER TABLE `django_content_type` ENABLE KEYS */;
UNLOCK TABLES;

--
-- Table structure for table `django_session`
--

DROP TABLE IF EXISTS `django_session`;
/*!40101 SET @saved_cs_client     = @@character_set_client */;
/*!40101 SET character_set_client = utf8 */;
CREATE TABLE `django_session` (
  `session_key` varchar(40) NOT NULL,
  `session_data` longtext NOT NULL,
  `expire_date` datetime NOT NULL,
  PRIMARY KEY (`session_key`),
  KEY `django_session_b7b81f0c` (`expire_date`)
) ENGINE=InnoDB DEFAULT CHARSET=latin1;
/*!40101 SET character_set_client = @saved_cs_client */;

--
-- Dumping data for table `django_session`
--

LOCK TABLES `django_session` WRITE;
/*!40000 ALTER TABLE `django_session` DISABLE KEYS */;
INSERT INTO `django_session` VALUES ('0co7pi81scpzyjaslqp2xsilq0my9ub1','YTFjYmFiNDhhMDhjNGJmZmY1OGYyYTc3ZThhZWVhNDI4YTI3YWNhYTp7fQ==','2014-09-23 12:47:18'),('0dtxdusfjgq9o21imww91itep4fmv0rf','Yjc5MzY0ZWYyMWE1YzhjNDFhM2ZkYjFkMzI2NTQ4MzQxNDcyYTY4Nzp7Il9hdXRoX3VzZXJfYmFja2VuZCI6ImRqYW5nby5jb250cmliLmF1dGguYmFja2VuZHMuTW9kZWxCYWNrZW5kIiwiX2F1dGhfdXNlcl9pZCI6MX0=','2014-08-27 10:21:26'),('0enh5sf48qra08pvz0dk1vnja3gvqhl0','ZGYyZmVmZDJmN2ZlNTZhOWU3MDg3MDEyMGEzMGQ4OWE1MTYyODNiYTp7Il9hdXRoX3VzZXJfYmFja2VuZCI6ImRqYW5nb19hdXRoX2xkYXAuYmFja2VuZC5MREFQQmFja2VuZCIsIl9hdXRoX3VzZXJfaWQiOjE2fQ==','2015-01-02 16:08:44'),('0hvikgcq49v9wmy7241yenpilcea5b55','NWRjNWM0NGJmMWUxODllMTE1ZjZiOGVmMGQ1YTFlMmNmYTBjOWUwYTp7Il9hdXRoX3VzZXJfYmFja2VuZCI6ImRqYW5nby5jb250cmliLmF1dGguYmFja2VuZHMuTW9kZWxCYWNrZW5kIiwiX2F1dGhfdXNlcl9pZCI6MX0=','2015-02-12 08:59:49'),('0i0s2wy50kdvh17jsihneadhodsy81px','NWRjNWM0NGJmMWUxODllMTE1ZjZiOGVmMGQ1YTFlMmNmYTBjOWUwYTp7Il9hdXRoX3VzZXJfYmFja2VuZCI6ImRqYW5nby5jb250cmliLmF1dGguYmFja2VuZHMuTW9kZWxCYWNrZW5kIiwiX2F1dGhfdXNlcl9pZCI6MX0=','2015-01-30 13:20:26'),('0mj2h9wfs6cfmkdleejseuowmejqlrpq','NDZiNjI0MWNiMmMxN2QyMWIyYmVkOTg4ZWQ4NmQwZDM2MzA5N2QxMzp7Il9hdXRoX3VzZXJfYmFja2VuZCI6ImRqYW5nby5jb250cmliLmF1dGguYmFja2VuZHMuTW9kZWxCYWNrZW5kIiwiX2F1dGhfdXNlcl9pZCI6MTV9','2015-02-05 10:36:11'),('0xnehi352avtwugpy3gguhlw3f7wpt1x','YTFjYmFiNDhhMDhjNGJmZmY1OGYyYTc3ZThhZWVhNDI4YTI3YWNhYTp7fQ==','2014-08-29 17:33:11'),('0xyttzsbb3rrhfbtxu1eionlpxq8cq92','YTFjYmFiNDhhMDhjNGJmZmY1OGYyYTc3ZThhZWVhNDI4YTI3YWNhYTp7fQ==','2014-10-13 08:53:24'),('1pvmelcol9f0xizpppunkha80hf3iq3t','Yjc5MzY0ZWYyMWE1YzhjNDFhM2ZkYjFkMzI2NTQ4MzQxNDcyYTY4Nzp7Il9hdXRoX3VzZXJfYmFja2VuZCI6ImRqYW5nby5jb250cmliLmF1dGguYmFja2VuZHMuTW9kZWxCYWNrZW5kIiwiX2F1dGhfdXNlcl9pZCI6MX0=','2014-08-26 15:18:57'),('1sn8d03gqtsl84chhe3ys2zdj3gos0y4','ZGYyZmVmZDJmN2ZlNTZhOWU3MDg3MDEyMGEzMGQ4OWE1MTYyODNiYTp7Il9hdXRoX3VzZXJfYmFja2VuZCI6ImRqYW5nb19hdXRoX2xkYXAuYmFja2VuZC5MREFQQmFja2VuZCIsIl9hdXRoX3VzZXJfaWQiOjE2fQ==','2015-01-02 13:16:38'),('1vl9u90rpy8221gvbar8n3tmk2gci8zy','NWRjNWM0NGJmMWUxODllMTE1ZjZiOGVmMGQ1YTFlMmNmYTBjOWUwYTp7Il9hdXRoX3VzZXJfYmFja2VuZCI6ImRqYW5nby5jb250cmliLmF1dGguYmFja2VuZHMuTW9kZWxCYWNrZW5kIiwiX2F1dGhfdXNlcl9pZCI6MX0=','2015-02-03 11:28:57'),('28hj49ey430lf6kz1kuef2icvbq10sus','ZGYyZmVmZDJmN2ZlNTZhOWU3MDg3MDEyMGEzMGQ4OWE1MTYyODNiYTp7Il9hdXRoX3VzZXJfYmFja2VuZCI6ImRqYW5nb19hdXRoX2xkYXAuYmFja2VuZC5MREFQQmFja2VuZCIsIl9hdXRoX3VzZXJfaWQiOjE2fQ==','2014-09-01 11:08:42'),('2n092anrttarnetkcsxu1cjgjjia2r0w','Yjc5MzY0ZWYyMWE1YzhjNDFhM2ZkYjFkMzI2NTQ4MzQxNDcyYTY4Nzp7Il9hdXRoX3VzZXJfYmFja2VuZCI6ImRqYW5nby5jb250cmliLmF1dGguYmFja2VuZHMuTW9kZWxCYWNrZW5kIiwiX2F1dGhfdXNlcl9pZCI6MX0=','2014-08-22 20:40:01'),('376smi6sga5m41ig50fi3vyqp1vgm4ha','NDZiNjI0MWNiMmMxN2QyMWIyYmVkOTg4ZWQ4NmQwZDM2MzA5N2QxMzp7Il9hdXRoX3VzZXJfYmFja2VuZCI6ImRqYW5nby5jb250cmliLmF1dGguYmFja2VuZHMuTW9kZWxCYWNrZW5kIiwiX2F1dGhfdXNlcl9pZCI6MTV9','2014-10-15 13:28:34'),('406jgrmtzwe4ach8wcv24nbpv2slpcyb','NDZiNjI0MWNiMmMxN2QyMWIyYmVkOTg4ZWQ4NmQwZDM2MzA5N2QxMzp7Il9hdXRoX3VzZXJfYmFja2VuZCI6ImRqYW5nby5jb250cmliLmF1dGguYmFja2VuZHMuTW9kZWxCYWNrZW5kIiwiX2F1dGhfdXNlcl9pZCI6MTV9','2014-09-10 10:18:50'),('483u1b3enaeg7q9eh0yvk3bd9vifhawt','NDZiNjI0MWNiMmMxN2QyMWIyYmVkOTg4ZWQ4NmQwZDM2MzA5N2QxMzp7Il9hdXRoX3VzZXJfYmFja2VuZCI6ImRqYW5nby5jb250cmliLmF1dGguYmFja2VuZHMuTW9kZWxCYWNrZW5kIiwiX2F1dGhfdXNlcl9pZCI6MTV9','2015-01-05 16:54:07'),('4z1sz6hwx8avoqzcc0upg9r7v9grd9fj','NDZiNjI0MWNiMmMxN2QyMWIyYmVkOTg4ZWQ4NmQwZDM2MzA5N2QxMzp7Il9hdXRoX3VzZXJfYmFja2VuZCI6ImRqYW5nby5jb250cmliLmF1dGguYmFja2VuZHMuTW9kZWxCYWNrZW5kIiwiX2F1dGhfdXNlcl9pZCI6MTV9','2015-01-01 11:15:29'),('5j4elfkpofhn6sbn055w7hyc70d7c0ri','YTFjYmFiNDhhMDhjNGJmZmY1OGYyYTc3ZThhZWVhNDI4YTI3YWNhYTp7fQ==','2014-09-04 15:42:57'),('5q1suw23jk35wkbhc0i7eabbxsfozgnx','YTFjYmFiNDhhMDhjNGJmZmY1OGYyYTc3ZThhZWVhNDI4YTI3YWNhYTp7fQ==','2014-09-03 11:06:11'),('80ro4hopvpln4ra82ua4vewib92gv30g','ZDczZGRkZGZhZjNmNjg4YjgwNDcxMTMxZDNmZDI1MTVmZTFiYzkwNTp7fQ==','2014-08-28 13:51:49'),('8dbwta8i8dfibsjss69jj341ggo5u5xg','YTFjYmFiNDhhMDhjNGJmZmY1OGYyYTc3ZThhZWVhNDI4YTI3YWNhYTp7fQ==','2014-10-14 10:43:14'),('8gayjg1dwwoi17u76kx2jmmd21mq3nkw','YTFjYmFiNDhhMDhjNGJmZmY1OGYyYTc3ZThhZWVhNDI4YTI3YWNhYTp7fQ==','2014-10-20 14:16:33'),('977tb8gnpjq25now3utm0cjj76vzivjb','NDZiNjI0MWNiMmMxN2QyMWIyYmVkOTg4ZWQ4NmQwZDM2MzA5N2QxMzp7Il9hdXRoX3VzZXJfYmFja2VuZCI6ImRqYW5nby5jb250cmliLmF1dGguYmFja2VuZHMuTW9kZWxCYWNrZW5kIiwiX2F1dGhfdXNlcl9pZCI6MTV9','2014-09-16 08:46:37'),('9m0fdtbyhyjsxzxwcn8qez0ioqe3e9v7','YTFjYmFiNDhhMDhjNGJmZmY1OGYyYTc3ZThhZWVhNDI4YTI3YWNhYTp7fQ==','2014-09-09 13:40:46'),('9ue86jfjaxjhodm6vzw5b9pbf5vteqsf','NDZiNjI0MWNiMmMxN2QyMWIyYmVkOTg4ZWQ4NmQwZDM2MzA5N2QxMzp7Il9hdXRoX3VzZXJfYmFja2VuZCI6ImRqYW5nby5jb250cmliLmF1dGguYmFja2VuZHMuTW9kZWxCYWNrZW5kIiwiX2F1dGhfdXNlcl9pZCI6MTV9','2014-10-15 09:54:55'),('b9kmiw9fblhh6jfxkd9pi7eyjat928uu','NDZiNjI0MWNiMmMxN2QyMWIyYmVkOTg4ZWQ4NmQwZDM2MzA5N2QxMzp7Il9hdXRoX3VzZXJfYmFja2VuZCI6ImRqYW5nby5jb250cmliLmF1dGguYmFja2VuZHMuTW9kZWxCYWNrZW5kIiwiX2F1dGhfdXNlcl9pZCI6MTV9','2014-09-25 13:43:12'),('c8lp214nuxeulzieem1xgdtwf1dj8wxq','ZGYyZmVmZDJmN2ZlNTZhOWU3MDg3MDEyMGEzMGQ4OWE1MTYyODNiYTp7Il9hdXRoX3VzZXJfYmFja2VuZCI6ImRqYW5nb19hdXRoX2xkYXAuYmFja2VuZC5MREFQQmFja2VuZCIsIl9hdXRoX3VzZXJfaWQiOjE2fQ==','2015-01-02 15:53:10'),('caqnni5nv4ur7k4s5alair6e1n7tb13m','YTFjYmFiNDhhMDhjNGJmZmY1OGYyYTc3ZThhZWVhNDI4YTI3YWNhYTp7fQ==','2014-11-04 10:15:04'),('czd4zu4t64lpnmb7uixyhhf88oqorll3','NDZiNjI0MWNiMmMxN2QyMWIyYmVkOTg4ZWQ4NmQwZDM2MzA5N2QxMzp7Il9hdXRoX3VzZXJfYmFja2VuZCI6ImRqYW5nby5jb250cmliLmF1dGguYmFja2VuZHMuTW9kZWxCYWNrZW5kIiwiX2F1dGhfdXNlcl9pZCI6MTV9','2015-02-03 11:23:10'),('czink4qbebjd7zjt4kkmnt9pncp16xua','YTFjYmFiNDhhMDhjNGJmZmY1OGYyYTc3ZThhZWVhNDI4YTI3YWNhYTp7fQ==','2014-12-08 14:22:50'),('dsoyzuqdry34m15nifntoucb311jtg6a','YTFjYmFiNDhhMDhjNGJmZmY1OGYyYTc3ZThhZWVhNDI4YTI3YWNhYTp7fQ==','2014-10-21 15:18:23'),('du1dpb34v0tlsfz56i4nmwx9dhgr55la','NDZiNjI0MWNiMmMxN2QyMWIyYmVkOTg4ZWQ4NmQwZDM2MzA5N2QxMzp7Il9hdXRoX3VzZXJfYmFja2VuZCI6ImRqYW5nby5jb250cmliLmF1dGguYmFja2VuZHMuTW9kZWxCYWNrZW5kIiwiX2F1dGhfdXNlcl9pZCI6MTV9','2014-10-14 14:58:41'),('empy0w0mkniwbxdgboy7au2tdqc75a6f','YTFjYmFiNDhhMDhjNGJmZmY1OGYyYTc3ZThhZWVhNDI4YTI3YWNhYTp7fQ==','2015-01-05 10:50:33'),('eusyyvlqfd2uiqr5t4ipoo5u8kgqbdjg','NWRjNWM0NGJmMWUxODllMTE1ZjZiOGVmMGQ1YTFlMmNmYTBjOWUwYTp7Il9hdXRoX3VzZXJfYmFja2VuZCI6ImRqYW5nby5jb250cmliLmF1dGguYmFja2VuZHMuTW9kZWxCYWNrZW5kIiwiX2F1dGhfdXNlcl9pZCI6MX0=','2015-02-03 13:37:04'),('fnopwo2n0u1mymf45rthwy4o9ck9nanv','Yjc5MzY0ZWYyMWE1YzhjNDFhM2ZkYjFkMzI2NTQ4MzQxNDcyYTY4Nzp7Il9hdXRoX3VzZXJfYmFja2VuZCI6ImRqYW5nby5jb250cmliLmF1dGguYmFja2VuZHMuTW9kZWxCYWNrZW5kIiwiX2F1dGhfdXNlcl9pZCI6MX0=','2014-08-22 20:32:51'),('fqfuefdlb5i5e2us3n6owoapby2jxp2c','ZGYyZmVmZDJmN2ZlNTZhOWU3MDg3MDEyMGEzMGQ4OWE1MTYyODNiYTp7Il9hdXRoX3VzZXJfYmFja2VuZCI6ImRqYW5nb19hdXRoX2xkYXAuYmFja2VuZC5MREFQQmFja2VuZCIsIl9hdXRoX3VzZXJfaWQiOjE2fQ==','2014-09-09 14:34:13'),('g6t2w7nq57uvwz9xtck9cxvepqchrcqg','NDZiNjI0MWNiMmMxN2QyMWIyYmVkOTg4ZWQ4NmQwZDM2MzA5N2QxMzp7Il9hdXRoX3VzZXJfYmFja2VuZCI6ImRqYW5nby5jb250cmliLmF1dGguYmFja2VuZHMuTW9kZWxCYWNrZW5kIiwiX2F1dGhfdXNlcl9pZCI6MTV9','2015-02-04 08:51:31'),('gg9qerrexmx5cywtk7fjy1o34uqcpszv','NWRjNWM0NGJmMWUxODllMTE1ZjZiOGVmMGQ1YTFlMmNmYTBjOWUwYTp7Il9hdXRoX3VzZXJfYmFja2VuZCI6ImRqYW5nby5jb250cmliLmF1dGguYmFja2VuZHMuTW9kZWxCYWNrZW5kIiwiX2F1dGhfdXNlcl9pZCI6MX0=','2015-02-18 09:40:11'),('gnorpwhz9vlwu1avx3kwx6yuyye3ygaj','YTFjYmFiNDhhMDhjNGJmZmY1OGYyYTc3ZThhZWVhNDI4YTI3YWNhYTp7fQ==','2015-02-13 14:21:40'),('gntjeigk74rx88gs5908d4nieclyu2uf','YTFjYmFiNDhhMDhjNGJmZmY1OGYyYTc3ZThhZWVhNDI4YTI3YWNhYTp7fQ==','2015-02-13 14:19:35'),('ibtkvjasuko71of1ecfxjh5viiamt3wh','Yjc5MzY0ZWYyMWE1YzhjNDFhM2ZkYjFkMzI2NTQ4MzQxNDcyYTY4Nzp7Il9hdXRoX3VzZXJfYmFja2VuZCI6ImRqYW5nby5jb250cmliLmF1dGguYmFja2VuZHMuTW9kZWxCYWNrZW5kIiwiX2F1dGhfdXNlcl9pZCI6MX0=','2014-08-22 20:37:41'),('inmq687omu7anh8nu9zqsilffjnt6mvb','NDZiNjI0MWNiMmMxN2QyMWIyYmVkOTg4ZWQ4NmQwZDM2MzA5N2QxMzp7Il9hdXRoX3VzZXJfYmFja2VuZCI6ImRqYW5nby5jb250cmliLmF1dGguYmFja2VuZHMuTW9kZWxCYWNrZW5kIiwiX2F1dGhfdXNlcl9pZCI6MTV9','2014-10-23 11:23:18'),('ioec23ei24yo7v1uxemkdvydcn52q8w3','NDZiNjI0MWNiMmMxN2QyMWIyYmVkOTg4ZWQ4NmQwZDM2MzA5N2QxMzp7Il9hdXRoX3VzZXJfYmFja2VuZCI6ImRqYW5nby5jb250cmliLmF1dGguYmFja2VuZHMuTW9kZWxCYWNrZW5kIiwiX2F1dGhfdXNlcl9pZCI6MTV9','2014-09-01 14:32:54'),('jzt447wy135s8w6zhrxcl7jaenkhi06w','YTFjYmFiNDhhMDhjNGJmZmY1OGYyYTc3ZThhZWVhNDI4YTI3YWNhYTp7fQ==','2014-10-14 10:04:08'),('kb6ytuumkpdf848gzwvzomboehyt9it6','NWRjNWM0NGJmMWUxODllMTE1ZjZiOGVmMGQ1YTFlMmNmYTBjOWUwYTp7Il9hdXRoX3VzZXJfYmFja2VuZCI6ImRqYW5nby5jb250cmliLmF1dGguYmFja2VuZHMuTW9kZWxCYWNrZW5kIiwiX2F1dGhfdXNlcl9pZCI6MX0=','2015-02-17 09:40:07'),('krg4reot81d9xnpzqtpar0qdtmwl4l5t','Yjc5MzY0ZWYyMWE1YzhjNDFhM2ZkYjFkMzI2NTQ4MzQxNDcyYTY4Nzp7Il9hdXRoX3VzZXJfYmFja2VuZCI6ImRqYW5nby5jb250cmliLmF1dGguYmFja2VuZHMuTW9kZWxCYWNrZW5kIiwiX2F1dGhfdXNlcl9pZCI6MX0=','2014-08-28 16:05:39'),('l88pi8vjnxvlyf9y9dyfqj09ul5rkax0','ZGYyZmVmZDJmN2ZlNTZhOWU3MDg3MDEyMGEzMGQ4OWE1MTYyODNiYTp7Il9hdXRoX3VzZXJfYmFja2VuZCI6ImRqYW5nb19hdXRoX2xkYXAuYmFja2VuZC5MREFQQmFja2VuZCIsIl9hdXRoX3VzZXJfaWQiOjE2fQ==','2014-09-09 11:28:21'),('lavm0anpt4t0q3hhamx9a1a1oeupzhx1','Yjc5MzY0ZWYyMWE1YzhjNDFhM2ZkYjFkMzI2NTQ4MzQxNDcyYTY4Nzp7Il9hdXRoX3VzZXJfYmFja2VuZCI6ImRqYW5nby5jb250cmliLmF1dGguYmFja2VuZHMuTW9kZWxCYWNrZW5kIiwiX2F1dGhfdXNlcl9pZCI6MX0=','2014-08-28 13:42:29'),('lbisgwljkwh5zkj92ky1mdli6yb33mlk','NWRjNWM0NGJmMWUxODllMTE1ZjZiOGVmMGQ1YTFlMmNmYTBjOWUwYTp7Il9hdXRoX3VzZXJfYmFja2VuZCI6ImRqYW5nby5jb250cmliLmF1dGguYmFja2VuZHMuTW9kZWxCYWNrZW5kIiwiX2F1dGhfdXNlcl9pZCI6MX0=','2015-01-30 13:19:54'),('lp7ltngi8v1pz83zlot9wu9ebtbqhc8n','NDZiNjI0MWNiMmMxN2QyMWIyYmVkOTg4ZWQ4NmQwZDM2MzA5N2QxMzp7Il9hdXRoX3VzZXJfYmFja2VuZCI6ImRqYW5nby5jb250cmliLmF1dGguYmFja2VuZHMuTW9kZWxCYWNrZW5kIiwiX2F1dGhfdXNlcl9pZCI6MTV9','2014-09-26 14:08:58'),('lzjv6qxpsmqv42yk4uablur28ycgojuk','NWRjNWM0NGJmMWUxODllMTE1ZjZiOGVmMGQ1YTFlMmNmYTBjOWUwYTp7Il9hdXRoX3VzZXJfYmFja2VuZCI6ImRqYW5nby5jb250cmliLmF1dGguYmFja2VuZHMuTW9kZWxCYWNrZW5kIiwiX2F1dGhfdXNlcl9pZCI6MX0=','2015-01-02 14:00:05'),('mshtva1yku1bc6m5rc3f178nrj2m57p3','YTFjYmFiNDhhMDhjNGJmZmY1OGYyYTc3ZThhZWVhNDI4YTI3YWNhYTp7fQ==','2014-09-01 13:05:21'),('n3dmn7hlnhzhuierskfyj5l3oyzg5gf4','YTFjYmFiNDhhMDhjNGJmZmY1OGYyYTc3ZThhZWVhNDI4YTI3YWNhYTp7fQ==','2014-10-24 09:56:06'),('ns89lyksb4fl904ss98fri5pdeyphmxc','YTFjYmFiNDhhMDhjNGJmZmY1OGYyYTc3ZThhZWVhNDI4YTI3YWNhYTp7fQ==','2015-01-05 16:38:51'),('oax399arqv4sn3urdmmjz1asfbx0yydw','YTFjYmFiNDhhMDhjNGJmZmY1OGYyYTc3ZThhZWVhNDI4YTI3YWNhYTp7fQ==','2014-11-24 13:32:47'),('p1fb3fo1zggxtpepcy7s0asshat6ib2o','NDZiNjI0MWNiMmMxN2QyMWIyYmVkOTg4ZWQ4NmQwZDM2MzA5N2QxMzp7Il9hdXRoX3VzZXJfYmFja2VuZCI6ImRqYW5nby5jb250cmliLmF1dGguYmFja2VuZHMuTW9kZWxCYWNrZW5kIiwiX2F1dGhfdXNlcl9pZCI6MTV9','2014-10-20 16:07:01'),('pp5lv0rd9nogt8ke3wptkwnzvytiq7nt','NDZiNjI0MWNiMmMxN2QyMWIyYmVkOTg4ZWQ4NmQwZDM2MzA5N2QxMzp7Il9hdXRoX3VzZXJfYmFja2VuZCI6ImRqYW5nby5jb250cmliLmF1dGguYmFja2VuZHMuTW9kZWxCYWNrZW5kIiwiX2F1dGhfdXNlcl9pZCI6MTV9','2014-10-21 13:28:21'),('r9zzjmp1g22ft1dbbcsg5hxmt9a4l6fo','YTFjYmFiNDhhMDhjNGJmZmY1OGYyYTc3ZThhZWVhNDI4YTI3YWNhYTp7fQ==','2014-12-23 08:13:18'),('rpnhrhs5e226pozetwrfvqe1x3yqhnhw','YTFjYmFiNDhhMDhjNGJmZmY1OGYyYTc3ZThhZWVhNDI4YTI3YWNhYTp7fQ==','2014-12-24 14:27:13'),('tgjs2rnrisgl032oglk7tbx00xsh4vs3','ZDczZGRkZGZhZjNmNjg4YjgwNDcxMTMxZDNmZDI1MTVmZTFiYzkwNTp7fQ==','2014-08-26 16:51:43'),('tj16vjo8ekltr23sbmjz06h4ur25lc07','NWRjNWM0NGJmMWUxODllMTE1ZjZiOGVmMGQ1YTFlMmNmYTBjOWUwYTp7Il9hdXRoX3VzZXJfYmFja2VuZCI6ImRqYW5nby5jb250cmliLmF1dGguYmFja2VuZHMuTW9kZWxCYWNrZW5kIiwiX2F1dGhfdXNlcl9pZCI6MX0=','2015-02-03 08:18:54'),('tm6vbx6vce32zesuo08zeh35zgnzgpf5','YTFjYmFiNDhhMDhjNGJmZmY1OGYyYTc3ZThhZWVhNDI4YTI3YWNhYTp7fQ==','2015-01-06 09:22:50'),('twebavhamwr4u153gqlbmwrx299kjic1','NWRjNWM0NGJmMWUxODllMTE1ZjZiOGVmMGQ1YTFlMmNmYTBjOWUwYTp7Il9hdXRoX3VzZXJfYmFja2VuZCI6ImRqYW5nby5jb250cmliLmF1dGguYmFja2VuZHMuTW9kZWxCYWNrZW5kIiwiX2F1dGhfdXNlcl9pZCI6MX0=','2015-01-23 13:48:09'),('u5e9yjxtmfry1jppae9g60bkwt6d5uwj','NDZiNjI0MWNiMmMxN2QyMWIyYmVkOTg4ZWQ4NmQwZDM2MzA5N2QxMzp7Il9hdXRoX3VzZXJfYmFja2VuZCI6ImRqYW5nby5jb250cmliLmF1dGguYmFja2VuZHMuTW9kZWxCYWNrZW5kIiwiX2F1dGhfdXNlcl9pZCI6MTV9','2014-09-24 11:06:33'),('uk87n1sxx74zc6u45mm12tvafujdf811','NWRjNWM0NGJmMWUxODllMTE1ZjZiOGVmMGQ1YTFlMmNmYTBjOWUwYTp7Il9hdXRoX3VzZXJfYmFja2VuZCI6ImRqYW5nby5jb250cmliLmF1dGguYmFja2VuZHMuTW9kZWxCYWNrZW5kIiwiX2F1dGhfdXNlcl9pZCI6MX0=','2014-08-29 14:24:53'),('un8345po2n2zkotg8tbam8xhysx7p377','NWRjNWM0NGJmMWUxODllMTE1ZjZiOGVmMGQ1YTFlMmNmYTBjOWUwYTp7Il9hdXRoX3VzZXJfYmFja2VuZCI6ImRqYW5nby5jb250cmliLmF1dGguYmFja2VuZHMuTW9kZWxCYWNrZW5kIiwiX2F1dGhfdXNlcl9pZCI6MX0=','2014-11-06 09:56:06'),('v4wx2wh3gjgnuie66y01sbccodbzp6av','NDZiNjI0MWNiMmMxN2QyMWIyYmVkOTg4ZWQ4NmQwZDM2MzA5N2QxMzp7Il9hdXRoX3VzZXJfYmFja2VuZCI6ImRqYW5nby5jb250cmliLmF1dGguYmFja2VuZHMuTW9kZWxCYWNrZW5kIiwiX2F1dGhfdXNlcl9pZCI6MTV9','2014-10-13 09:35:58'),('v9v8mdkcbubrh1sim3xd86whwm1xpg34','NWRjNWM0NGJmMWUxODllMTE1ZjZiOGVmMGQ1YTFlMmNmYTBjOWUwYTp7Il9hdXRoX3VzZXJfYmFja2VuZCI6ImRqYW5nby5jb250cmliLmF1dGguYmFja2VuZHMuTW9kZWxCYWNrZW5kIiwiX2F1dGhfdXNlcl9pZCI6MX0=','2015-02-13 14:19:42'),('vp9nsu6s6b1yr66lr9mzv8mojoo3jfc1','Yjc5MzY0ZWYyMWE1YzhjNDFhM2ZkYjFkMzI2NTQ4MzQxNDcyYTY4Nzp7Il9hdXRoX3VzZXJfYmFja2VuZCI6ImRqYW5nby5jb250cmliLmF1dGguYmFja2VuZHMuTW9kZWxCYWNrZW5kIiwiX2F1dGhfdXNlcl9pZCI6MX0=','2014-08-22 20:33:34'),('vr82kx6d01jc8x7f4rrlbqs65oq0pk6h','NDZiNjI0MWNiMmMxN2QyMWIyYmVkOTg4ZWQ4NmQwZDM2MzA5N2QxMzp7Il9hdXRoX3VzZXJfYmFja2VuZCI6ImRqYW5nby5jb250cmliLmF1dGguYmFja2VuZHMuTW9kZWxCYWNrZW5kIiwiX2F1dGhfdXNlcl9pZCI6MTV9','2014-11-18 16:37:04'),('w2h2jguxo7xrylant8nlqtqvm1chquac','YTFjYmFiNDhhMDhjNGJmZmY1OGYyYTc3ZThhZWVhNDI4YTI3YWNhYTp7fQ==','2015-02-03 13:37:00'),('wpkn3oen9096mabgwagb0rqspya9wdql','YTFjYmFiNDhhMDhjNGJmZmY1OGYyYTc3ZThhZWVhNDI4YTI3YWNhYTp7fQ==','2014-10-15 13:47:13'),('wxwyw115zs2ta95y9vmr9vijr59qn2gb','YTFjYmFiNDhhMDhjNGJmZmY1OGYyYTc3ZThhZWVhNDI4YTI3YWNhYTp7fQ==','2014-11-27 09:10:16'),('x1cfb6a8wg7uu5pbs30b55bm3npyymoa','NDZiNjI0MWNiMmMxN2QyMWIyYmVkOTg4ZWQ4NmQwZDM2MzA5N2QxMzp7Il9hdXRoX3VzZXJfYmFja2VuZCI6ImRqYW5nby5jb250cmliLmF1dGguYmFja2VuZHMuTW9kZWxCYWNrZW5kIiwiX2F1dGhfdXNlcl9pZCI6MTV9','2014-09-08 15:22:01'),('xaeu3ytxkcu6lc8hoe9cq0sabez88fiv','YTFjYmFiNDhhMDhjNGJmZmY1OGYyYTc3ZThhZWVhNDI4YTI3YWNhYTp7fQ==','2014-09-09 16:32:26'),('xe8a204mym9t6qtlzd03z6hqnb42zq6g','YTFjYmFiNDhhMDhjNGJmZmY1OGYyYTc3ZThhZWVhNDI4YTI3YWNhYTp7fQ==','2014-09-29 16:35:05'),('y4dkcws21lhqjcynidzerv0jmzy0amka','YTFjYmFiNDhhMDhjNGJmZmY1OGYyYTc3ZThhZWVhNDI4YTI3YWNhYTp7fQ==','2014-10-14 15:00:31'),('ybud6aacu0qsy7araw6zjlic6ezoz93a','YTFjYmFiNDhhMDhjNGJmZmY1OGYyYTc3ZThhZWVhNDI4YTI3YWNhYTp7fQ==','2015-02-13 09:41:43'),('zjqwavo360tibo3vftjwbuzisgbbrv47','YTFjYmFiNDhhMDhjNGJmZmY1OGYyYTc3ZThhZWVhNDI4YTI3YWNhYTp7fQ==','2015-02-17 17:24:13'),('ztdag2zuij69n7r0da7e84ydqr9vx375','YTFjYmFiNDhhMDhjNGJmZmY1OGYyYTc3ZThhZWVhNDI4YTI3YWNhYTp7fQ==','2015-01-19 14:08:08');
/*!40000 ALTER TABLE `django_session` ENABLE KEYS */;
UNLOCK TABLES;

--
-- Table structure for table `django_site`
--

DROP TABLE IF EXISTS `django_site`;
/*!40101 SET @saved_cs_client     = @@character_set_client */;
/*!40101 SET character_set_client = utf8 */;
CREATE TABLE `django_site` (
  `id` int(11) NOT NULL AUTO_INCREMENT,
  `domain` varchar(100) NOT NULL,
  `name` varchar(50) NOT NULL,
  PRIMARY KEY (`id`)
) ENGINE=InnoDB AUTO_INCREMENT=2 DEFAULT CHARSET=latin1;
/*!40101 SET character_set_client = @saved_cs_client */;

--
-- Dumping data for table `django_site`
--

LOCK TABLES `django_site` WRITE;
/*!40000 ALTER TABLE `django_site` DISABLE KEYS */;
INSERT INTO `django_site` VALUES (1,'ug.shc.edu','ug.shc.edu');
/*!40000 ALTER TABLE `django_site` ENABLE KEYS */;
UNLOCK TABLES;

--
-- Table structure for table `forms_field`
--

DROP TABLE IF EXISTS `forms_field`;
/*!40101 SET @saved_cs_client     = @@character_set_client */;
/*!40101 SET character_set_client = utf8 */;
CREATE TABLE `forms_field` (
  `id` int(11) NOT NULL AUTO_INCREMENT,
  `label` varchar(200) NOT NULL,
  `field_type` int(11) NOT NULL,
  `required` tinyint(1) NOT NULL,
  `visible` tinyint(1) NOT NULL,
  `choices` varchar(1000) NOT NULL,
  `default` varchar(2000) NOT NULL,
  `placeholder_text` varchar(100) DEFAULT NULL,
  `help_text` varchar(100) NOT NULL,
  `form_id` int(11) NOT NULL,
  `order` int(11) DEFAULT NULL,
  `slug` varchar(100) NOT NULL,
  PRIMARY KEY (`id`),
  KEY `forms_field_c3d79a6c` (`form_id`),
  KEY `forms_field_f52cfca0` (`slug`),
  CONSTRAINT `form_id_refs_id_5a752766` FOREIGN KEY (`form_id`) REFERENCES `forms_form` (`id`)
) ENGINE=InnoDB AUTO_INCREMENT=10 DEFAULT CHARSET=latin1;
/*!40101 SET character_set_client = @saved_cs_client */;

--
-- Dumping data for table `forms_field`
--

LOCK TABLES `forms_field` WRITE;
/*!40000 ALTER TABLE `forms_field` DISABLE KEYS */;
INSERT INTO `forms_field` VALUES (1,'First Name',1,1,1,'','{{ request.GET.first }}','','',1,0,'first'),(2,'Last Name',1,1,1,'','','','',1,1,'last'),(3,'Describe Yourself',6,1,1,'---,First-time Freshman, Transfer Student, Part-time Student, International Student','','','',1,2,'describe_yourself'),(4,'Email Address',3,1,1,'','','','',1,3,'email'),(5,'Phone Number',1,0,1,'','','nnn-nnn-nnnn','',1,4,'phone'),(6,'Mailing Address',2,0,1,'','','','',1,5,'address'),(7,'Planned enrollment semester',6,0,1,'---,Fall,Summer,Spring','','','The term you plan to enroll at Spring Hill',1,6,'enrollment_semester'),(8,'Planned enrollment year',13,0,1,'','','nnnn','The year you plan to enroll at Spring Hill',1,7,'enrollment_year'),(9,'Please send me more information on:',1,1,1,'','{{ feincms_page.title }}','Which acamemic program(s) are you interested in?','',1,8,'info');
/*!40000 ALTER TABLE `forms_field` ENABLE KEYS */;
UNLOCK TABLES;

--
-- Table structure for table `forms_fieldentry`
--

DROP TABLE IF EXISTS `forms_fieldentry`;
/*!40101 SET @saved_cs_client     = @@character_set_client */;
/*!40101 SET character_set_client = utf8 */;
CREATE TABLE `forms_fieldentry` (
  `id` int(11) NOT NULL AUTO_INCREMENT,
  `field_id` int(11) NOT NULL,
  `value` varchar(2000) DEFAULT NULL,
  `entry_id` int(11) NOT NULL,
  PRIMARY KEY (`id`),
  KEY `forms_fieldentry_e8d920b6` (`entry_id`),
  CONSTRAINT `entry_id_refs_id_e329b086` FOREIGN KEY (`entry_id`) REFERENCES `forms_formentry` (`id`)
) ENGINE=InnoDB AUTO_INCREMENT=3090 DEFAULT CHARSET=latin1;
/*!40101 SET character_set_client = @saved_cs_client */;

--
-- Dumping data for table `forms_fieldentry`
--

LOCK TABLES `forms_fieldentry` WRITE;
/*!40000 ALTER TABLE `forms_fieldentry` DISABLE KEYS */;
INSERT INTO `forms_fieldentry` VALUES (75,1,'Brianna',10),(76,2,'Westenberger',10),(77,3,'First-time Freshman',10),(78,4,'16westeb@w-csd.org',10),(79,5,'920-858-9792',10),(80,6,'710 8th St.\r\nMenasha WI 54952',10),(81,7,'Fall',10),(82,8,'2016.0',10),(83,9,'Pre-Health',10),(84,1,'Test',11),(85,2,'Test',11),(86,3,'---',11),(87,4,'ctopher916@gmail.com',11),(88,5,'',11),(89,6,'',11),(90,7,'---',11),(91,8,NULL,11),(92,9,'International Business',11),(93,1,'Test',12),(94,2,'Test',12),(95,3,'---',12),(96,4,'ctopher916@gmail.com',12),(97,5,'',12),(98,6,'',12),(99,7,'---',12),(100,8,NULL,12),(101,9,'International Business',12),(102,1,'JoAnna ',13),(103,2,'Penton',13),(104,3,'Transfer Student',13),(105,4,'joannapenton@yahoo.com',13),(106,5,'',13),(107,6,'',13),(108,7,'---',13),(109,8,NULL,13),(110,9,'Pre-Health',13),(111,1,'Jonathan',14),(112,2,'Ford',14),(113,3,'Transfer Student',14),(114,4,'jon.jford01@gmail.com',14),(115,5,'2054228559',14),(116,6,'3701 Carlyle Close \r\nApt. 1032\r\nMobile, AL 36609',14),(117,7,'Summer',14),(118,8,'2015.0',14),(119,9,'Philosophy',14),(120,1,'Chelet',15),(121,2,'Thomas',15),(122,3,'First-time Freshman',15),(123,4,'chelet95@gmail.com',15),(124,5,'347-247-7881',15),(125,6,'308 3rd avenue, Chickasaw,AL 36611',15),(126,7,'Fall',15),(127,8,'2017.0',15),(128,9,'Nursing',15),(129,1,'Patrice ',16),(130,2,'Sampson',16),(131,3,'---',16),(132,4,'patricesampson3@gmail.com',16),(133,5,'6016225879',16),(134,6,'1638 Dianne dr',16),(135,7,'---',16),(136,8,NULL,16),(137,9,'Nursing',16),(138,1,'kelly',17),(139,2,'jones',17),(140,3,'---',17),(141,4,'nationalguardhuah31b@gnail.com',17),(142,5,'2053739595',17),(143,6,'',17),(144,7,'Fall',17),(145,8,'2015.0',17),(146,9,'Criminology',17),(147,1,'Shana',18),(148,2,'McDonald',18),(149,3,'First-time Freshman',18),(150,4,'slmcdonald15@gmail.com',18),(151,5,'970-903-3534',18),(152,6,'2464 Steamboat Springs St\r\nLoveland, CO  80538',18),(153,7,'Fall',18),(154,8,'2015.0',18),(155,9,'Teacher Education',18),(156,1,'Annie',19),(157,2,'Darnall',19),(158,3,'First-time Freshman',19),(159,4,'15adarnall@stmcougars.net',19),(160,5,'',19),(161,6,'1106 Greenbrair Road\r\nLafayette Louisiana 70503',19),(162,7,'Fall',19),(163,8,'2015.0',19),(164,9,'Graphic Design',19),(165,1,'Bridgett ',20),(166,2,'Womack',20),(167,3,'Transfer Student',20),(168,4,'bdavis3947@gmail.com',20),(169,5,'6019383947',20),(170,6,'6725 Zeigler blvd apt. 58 Mobile Al 36608',20),(171,7,'Fall',20),(172,8,'2015.0',20),(173,9,'Nursing',20),(174,1,'Bridgett',21),(175,2,'Womack',21),(176,3,'Transfer Student',21),(177,4,'bdavis3947@gmail.com',21),(178,5,'6019383947',21),(179,6,'6725 Zeigler blvd apt 58 Mobile, al 36608',21),(180,7,'Fall',21),(181,8,'2015.0',21),(182,9,'Pre-Health',21),(183,1,'Michelle',22),(184,2,'Gregory',22),(185,3,'---',22),(186,4,'elizabeth.m.gregory@email.shc.edu',22),(187,5,'',22),(188,6,'',22),(189,7,'---',22),(190,8,NULL,22),(191,9,'Psychology',22),(192,1,'Amanda',23),(193,2,'Neeley',23),(194,3,'Part-time Student',23),(195,4,'amandaneeley15@gmail.com',23),(196,5,'678-588-0477',23),(197,6,'106 Windbreak Path',23),(198,7,'Spring',23),(199,8,'2015.0',23),(200,9,'Nursing',23),(201,1,'Cheyenne',24),(202,2,'Thomas',24),(203,3,'---',24),(204,4,'lovelychey1996@yahoo.com',24),(205,5,'1(251)363-3621',24),(206,6,'',24),(207,7,'---',24),(208,8,NULL,24),(209,9,'Criminology',24),(210,1,'Maura',25),(211,2,'Buchheit',25),(212,3,'First-time Freshman',25),(213,4,'15buchhm@corjesu.org',25),(214,5,'6183655552',25),(215,6,'132 Quail Run\r\nWaterloo, IL 62298',25),(216,7,'Fall',25),(217,8,'2015.0',25),(218,9,'Nursing',25),(219,1,'Kaitlin',26),(220,2,'Bond',26),(221,3,'First-time Freshman',26),(222,4,'kaitlin_bond@charter.net',26),(223,5,'',26),(224,6,'28 red lenior rd. picayune, ms. 39466',26),(225,7,'Fall',26),(226,8,'2015.0',26),(227,9,'Organismal and Marine Biology',26),(228,1,'daquanita',27),(229,2,'george',27),(230,3,'Transfer Student',27),(231,4,'dahnielle11@live.com',27),(232,5,'205-460-6528',27),(233,6,'3821 7th ave\r\nBirmingham,al\r\n35224',27),(234,7,'Summer',27),(235,8,'2015.0',27),(236,9,'Nursing',27),(237,1,'Rachel',28),(238,2,'Marinaro',28),(239,3,'First-time Freshman',28),(240,4,'marira@ndhs.net',28),(241,5,'',28),(242,6,'Rachel Marinaro\r\n5914 Bristlecone Ct.\r\nSt. Louis, MO 63129',28),(243,7,'Fall',28),(244,8,'2015.0',28),(245,9,'Nursing',28),(246,1,'kevin',29),(247,2,'Zacchea',29),(248,3,'First-time Freshman',29),(249,4,'kzac888@optonline.net',29),(250,5,'516 326-7751',29),(251,6,'Kevin Zacchea\r\n36 Oak Street\r\nFloral Park, NY 11001',29),(252,7,'Fall',29),(253,8,'2015.0',29),(254,9,'International Studies',29),(255,1,'Conor',30),(256,2,'Cawley',30),(257,3,'First-time Freshman',30),(258,4,'chcawley@gmail.com',30),(259,5,'708-310-2613',30),(260,6,'264 Olmsted Road\r\nRiverside, IL 60546',30),(261,7,'Fall',30),(262,8,'2016.0',30),(263,9,'Financial Economics',30),(264,1,'Courtney ',31),(265,2,'Benning',31),(266,3,'First-time Freshman',31),(267,4,'kingcourtney510@gmail.com',31),(268,5,'5109658425',31),(269,6,'6158 Saint Gallen Avenue N',31),(270,7,'Spring',31),(271,8,'2015.0',31),(272,9,'Pre-Health',31),(273,1,'Camryn',32),(274,2,'Vaughan',32),(275,3,'First-time Freshman',32),(276,4,'sonyavaughan@bellsouth.net',32),(277,5,'2059787777',32),(278,6,'2521 Belle Terre Drive\r\nHoover, AL 35226',32),(279,7,'Fall',32),(280,8,'2015.0',32),(281,9,'Writing',32),(282,1,'Taylor',33),(283,2,'Winge',33),(284,3,'First-time Freshman',33),(285,4,'taylorwinge@aol.com',33),(286,5,'843-343-6107',33),(287,6,'1 whiffletree dr\r\nSimpsonville, sc 29680',33),(288,7,'Fall',33),(289,8,'2015.0',33),(290,9,'Nursing',33),(291,1,'Paula',34),(292,2,'Urrea',34),(293,3,'Part-time Student',34),(294,4,'paula_urrea@att.net',34),(295,5,'678-887-7837',34),(296,6,'1005 Pine Bloom Dr.\r\nRoswell, Ga., 30076',34),(297,7,'Spring',34),(298,8,'2015.0',34),(299,9,'General Studies',34),(300,1,'Alexis',35),(301,2,'Jackson',35),(302,3,'First-time Freshman',35),(303,4,'floweredbison@gmail.com',35),(304,5,'',35),(305,6,'',35),(306,7,'---',35),(307,8,'2015.0',35),(308,9,'Organismal and Marine Biology',35),(309,1,'Desmond',36),(310,2,'Russell',36),(311,3,'First-time Freshman',36),(312,4,'eljacobs79@gmail.com',36),(313,5,'',36),(314,6,'944 Patton Chapel Road, Lincoln, AL. 35096',36),(315,7,'Fall',36),(316,8,'2015.0',36),(317,9,'Accounting',36),(318,1,'Brandon',37),(319,2,'Bourcq',37),(320,3,'First-time Freshman',37),(321,4,'brandonbourcqmd@gmail.com',37),(322,5,'2285630567',37),(323,6,'316 East 4th Street Long Beach, Ms 39560',37),(324,7,'Fall',37),(325,8,'2015.0',37),(326,9,'Pre-Health',37),(327,1,'Mackenzie ',38),(328,2,'Helmick',38),(329,3,'First-time Freshman',38),(330,4,'mac.attack02@yahoo.com',38),(331,5,'850-207-5029',38),(332,6,'7033 Raburn Rd\r\n32526 Pensacola Fl',38),(333,7,'Fall',38),(334,8,'2016.0',38),(335,9,'Teacher Education and History',38),(336,1,'Lawrence ',39),(337,2,'Bierria',39),(338,3,'First-time Freshman',39),(339,4,'xavierbierria@yahoo.com',39),(340,5,'504-320-9739',39),(341,6,'9131 Dwyer Road',39),(342,7,'Fall',39),(343,8,'2015.0',39),(344,9,'Theater',39),(345,1,'Felicia',40),(346,2,'Johnson',40),(347,3,'---',40),(348,4,'johnsonfelicia51@yahoo.com',40),(349,5,'2516255842',40),(350,6,'3600 Michael Blvd. Apt. E 62\r\nMobile Al. 36609',40),(351,7,'Fall',40),(352,8,'2015.0',40),(353,9,'Teacher Education/AlternativCertification',40),(354,1,'Janay',41),(355,2,'Thompson',41),(356,3,'First-time Freshman',41),(357,4,'janaythompson13@live.com',41),(358,5,'3374466004',41),(359,6,'208 Sunny Lane',41),(360,7,'Spring',41),(361,8,'2015.0',41),(362,9,'Pre-Health',41),(363,1,'Shatima',42),(364,2,'Kemp',42),(365,3,'Transfer Student',42),(366,4,'shatima_k@yahoo.com',42),(367,5,'251-362-6224',42),(368,6,'909 New Hope Church RD\r\nP.O Box 421\r\nBeatrice, AL 36425',42),(369,7,'Spring',42),(370,8,'2015.0',42),(371,9,'Nursing',42),(372,1,'Daniel',43),(373,2,'Saunders',43),(374,3,'First-time Freshman',43),(375,4,'dasaun72@gmail.com',43),(376,5,'',43),(377,6,'',43),(378,7,'Spring',43),(379,8,'2015.0',43),(380,9,'Pre-Engineering',43),(381,1,'Ariel',44),(382,2,'Turner',44),(383,3,'Transfer Student',44),(384,4,'aturner07201@mscc.edu',44),(385,5,'615-605-9020',44),(386,6,'622 Alabama St. \r\n Montgomery, AL 36104',44),(387,7,'Fall',44),(388,8,'2015.0',44),(389,9,'Nursing',44),(390,1,'Olympia',45),(391,2,'Horne',45),(392,3,'Transfer Student',45),(393,4,'olympiachildren@yahoo.cl',45),(394,5,'',45),(395,6,'',45),(396,7,'---',45),(397,8,NULL,45),(398,9,'Nursing',45),(399,1,'Olympia',46),(400,2,'Horne',46),(401,3,'Transfer Student',46),(402,4,'olympiachildren@yahoo.com',46),(403,5,'2286690292',46),(404,6,'13385 willow oak circle  Gulfport Ms. 39503',46),(405,7,'---',46),(406,8,'2015.0',46),(407,9,'Nursing',46),(408,1,'Lasondra',47),(409,2,'Tucker',47),(410,3,'Transfer Student',47),(411,4,'lsndr_tucker@yahoo.com',47),(412,5,'251-377-1192',47),(413,6,'1251 Charmaine Circle',47),(414,7,'---',47),(415,8,'2016.0',47),(416,9,'Nursing',47),(417,1,'Lasondra',48),(418,2,'Tucker',48),(419,3,'Transfer Student',48),(420,4,'lsndr_tucker@yahoo.com',48),(421,5,'251-377-1192',48),(422,6,'1251 Charmaine Circle',48),(423,7,'---',48),(424,8,'2016.0',48),(425,9,'Nursing',48),(426,1,'Mary-Ella ',49),(427,2,'McClain ',49),(428,3,'First-time Freshman',49),(429,4,'maryellamcclain@gmail.com',49),(430,5,'3343436272',49),(431,6,'18229 Moore Road \r\nAndalusia, Al 36420 ',49),(432,7,'---',49),(433,8,NULL,49),(434,9,'Nursing',49),(435,1,'Kieandra',50),(436,2,'Cooper',50),(437,3,'First-time Freshman',50),(438,4,'dragonleader32@ymail.com',50),(439,5,'',50),(440,6,'605 Crumpton Dr. SW Apt. D.',50),(441,7,'---',50),(442,8,NULL,50),(443,9,'Graphic Design',50),(444,1,'Erika',51),(445,2,'Lund',51),(446,3,'First-time Freshman',51),(447,4,'bob-lund@wi.r.com',51),(448,5,'',51),(449,6,'1815 Bark River Dr.\r\nHartland, WI. 53029',51),(450,7,'Fall',51),(451,8,'2016.0',51),(452,9,'Art Business',51),(453,1,'Lenna',52),(454,2,'Pitre',52),(455,3,'---',52),(456,4,'lennapitre@gmail.com',52),(457,5,'9852911404',52),(458,6,'202 East 40th Street Cut Off, LA 70345',52),(459,7,'---',52),(460,8,NULL,52),(461,9,'Criminology',52),(462,1,'Lenna',53),(463,2,'Pitre',53),(464,3,'---',53),(465,4,'lennapitre@gmail.com',53),(466,5,'9852911404',53),(467,6,'202 East 40th Street Cut Off, LA 70345',53),(468,7,'---',53),(469,8,NULL,53),(470,9,'Nursing',53),(471,1,'Ken',54),(472,2,'Hill Jr.',54),(473,3,'First-time Freshman',54),(474,4,'kenhill6514@yahoo.com',54),(475,5,'225 315-7427',54),(476,6,'1273 Rue Riviere Dr,\r\nPort Allen, La 70767',54),(477,7,'Fall',54),(478,8,'2015.0',54),(479,9,'Pre-Engineering',54),(480,1,'Thy',55),(481,2,'Nguyen',55),(482,3,'Transfer Student',55),(483,4,'sweetthy67@yahoo.com',55),(484,5,'850 341-9406',55),(485,6,'3248 clemson road, gulf breeze, fl, 32563',55),(486,7,'Summer',55),(487,8,'2015.0',55),(488,9,'Nursing',55),(489,1,'Alyssa',56),(490,2,'Falkner',56),(491,3,'First-time Freshman',56),(492,4,'alyssaleigh810@gmail.com',56),(493,5,'',56),(494,6,'1230 Summit Ridge Way\r\nOdenville, AL 35120',56),(495,7,'Fall',56),(496,8,'2016.0',56),(497,9,'Journalism',56),(498,1,'Davionne',57),(499,2,'Turner',57),(500,3,'First-time Freshman',57),(501,4,'davionneturner@gmail.com',57),(502,5,'',57),(503,6,'228 Pollock Place\r\nKenner, LA 70063',57),(504,7,'Fall',57),(505,8,'2015.0',57),(506,9,'Pre-Health',57),(507,1,'Davionne',58),(508,2,'Turner',58),(509,3,'First-time Freshman',58),(510,4,'davionneturner@gmail.com',58),(511,5,'',58),(512,6,'228 Pollock Place\r\nKenner, LA 70063',58),(513,7,'Fall',58),(514,8,'2015.0',58),(515,9,'Pre-Health',58),(516,1,'Shana',59),(517,2,'McDonald',59),(518,3,'First-time Freshman',59),(519,4,'slmcdonald15@gmail.com',59),(520,5,'9704032781',59),(521,6,'2464 Steamboat Springs St\r\nLoveland, CO  80538',59),(522,7,'Fall',59),(523,8,'2015.0',59),(524,9,'Studio Art',59),(525,1,'Shelby',60),(526,2,'Jones',60),(527,3,'First-time Freshman',60),(528,4,'shelbyjones@gulftel.com',60),(529,5,'6783258690',60),(530,6,'25908 Barbi Lane\r\nElberta, AL  36530',60),(531,7,'Spring',60),(532,8,'2015.0',60),(533,9,'Forensics',60),(534,1,'Bradley',61),(535,2,'Essary',61),(536,3,'First-time Freshman',61),(537,4,'bessary586@gmail.com',61),(538,5,'251-802-9669',61),(539,6,'3508 Arrington Drive Mobile,AL 36693',61),(540,7,'Spring',61),(541,8,'2015.0',61),(542,9,'Nursing',61),(543,1,'Tanazia',62),(544,2,'Jackson',62),(545,3,'First-time Freshman',62),(546,4,'made_beautiful@yahoo.com',62),(547,5,'334-405-4161',62),(548,6,'610 Pinto Dr \r\nDothan, Alabama 36301',62),(549,7,'Fall',62),(550,8,'2015.0',62),(551,9,'Nursing',62),(552,1,'SYDNEY',63),(553,2,'MYERS',63),(554,3,'First-time Freshman',63),(555,4,'WOOLRI@AOL.COM',63),(556,5,'251-340-6281',63),(557,6,'1766 WOOLRICH DR W\r\nMOBILE AL  36618',63),(558,7,'Fall',63),(559,8,'2015.0',63),(560,9,'Pre-Engineering',63),(561,1,'Jillian',64),(562,2,'Myers',64),(563,3,'---',64),(564,4,'jillbug1025@gmail.com',64),(565,5,'2519794968',64),(566,6,'259 Royal Ln',64),(567,7,'Fall',64),(568,8,'2015.0',64),(569,9,'Criminology',64),(570,1,'PAMELA ',65),(571,2,'CAIRL',65),(572,3,'First-time Freshman',65),(573,4,'pcairl@gmail.com',65),(574,5,'2516220872',65),(575,6,'1167 Mcrae Ave mobile al 36606',65),(576,7,'Summer',65),(577,8,'2015.0',65),(578,9,'Nursing',65),(579,1,'Allen',66),(580,2,'Jones',66),(581,3,'Part-time Student',66),(582,4,'allen.jones09@yahoo.com',66),(583,5,'2514592051',66),(584,6,'146 yester oak dr apt 33f mobile al 36608',66),(585,7,'Fall',66),(586,8,'2015.0',66),(587,9,'Pre-Engineering',66),(588,1,'John-Anthony ',67),(589,2,'Jimenez',67),(590,3,'Transfer Student',67),(591,4,'jmj2006jmj@yahoo.com',67),(592,5,'2565312185',67),(593,6,'411 County Rd 546 Hanceville Al 35077',67),(594,7,'Fall',67),(595,8,'2015.0',67),(596,9,'Management Marketing',67),(597,1,'Andrew',68),(598,2,'Quick',68),(599,3,'Transfer Student',68),(600,4,'aquick64@gmail.com',68),(601,5,'7692263255',68),(602,6,'210 Yester Oaks Drive Apt 1B Mobile, AL 36608',68),(603,7,'Summer',68),(604,8,'2015.0',68),(605,9,'Nursing',68),(606,1,'Victoria',69),(607,2,'Schwark',69),(608,3,'First-time Freshman',69),(609,4,'victoria.schwark@gmail.com',69),(610,5,'',69),(611,6,'',69),(612,7,'Fall',69),(613,8,'2015.0',69),(614,9,'Nursing',69),(615,1,'Ashley ',70),(616,2,'Krieger',70),(617,3,'First-time Freshman',70),(618,4,'akrieger@student.nocca.com',70),(619,5,'985-640-3511',70),(620,6,'325 Maine Avenue',70),(621,7,'Fall',70),(622,8,'2015.0',70),(623,9,'Psychology',70),(624,1,'Ashleyas',71),(625,2,'Ellis',71),(626,3,'First-time Freshman',71),(627,4,'ashlemarieellis1987@gmail.com',71),(628,5,'251-610-3048',71),(629,6,'P.O. BOX 101 \r\nCalvert, AL 36513',71),(630,7,'Summer',71),(631,8,'2015.0',71),(632,9,'Journalism',71),(633,1,'Ashley',72),(634,2,'Ellis',72),(635,3,'First-time Freshman',72),(636,4,'ashlemarieellis1987@gmail.com',72),(637,5,'251-610-3048',72),(638,6,'P.O.Box 101\r\nCalvert, AL 36513',72),(639,7,'Summer',72),(640,8,'2015.0',72),(641,9,'Public Relations Advertising',72),(642,1,'Sheianne',73),(643,2,'Bertholf',73),(644,3,'First-time Freshman',73),(645,4,'sheianne1067@gmail.com',73),(646,5,'731-613-5151',73),(647,6,'109 Richmond Dr.',73),(648,7,'Fall',73),(649,8,'2015.0',73),(650,9,'Teacher Education',73),(651,1,'Matthew',74),(652,2,'Brockhaus',74),(653,3,'First-time Freshman',74),(654,4,'lindabrockhaus@Yahoo.com',74),(655,5,'601-215-1579',74),(656,6,'43 Matthews Road\r\nCarriere, MS  39426',74),(657,7,'Spring',74),(658,8,'2016.0',74),(659,9,'Pre-Engineering',74),(660,1,'Rian',75),(661,2,'Chambers',75),(662,3,'Transfer Student',75),(663,4,'rmc1102@jagmail.southalama.edu',75),(664,5,'2515102943',75),(665,6,'1066 Cody rd north apt 214 \r\nmobile,al 36608',75),(666,7,'Summer',75),(667,8,'2015.0',75),(668,9,'Nursing',75),(669,1,'Cody',76),(670,2,'Dryden ',76),(671,3,'---',76),(672,4,'codyjoseph98@hotmail.com',76),(673,5,'',76),(674,6,'223 Douglas Dr \r\nHouma, Louisiana \r\n70364-2027',76),(675,7,'---',76),(676,8,NULL,76),(677,9,'Psychology',76),(678,1,'Tyler',77),(679,2,'Winne',77),(680,3,'First-time Freshman',77),(681,4,'winnedog15@gmail.com',77),(682,5,'',77),(683,6,'2925 Saddlebrook Glen Dr\r\nCumming GA 30041',77),(684,7,'Fall',77),(685,8,'2017.0',77),(686,9,'Management Marketing',77),(687,1,'Samantha',78),(688,2,'Thomas',78),(689,3,'First-time Freshman',78),(690,4,'ldpthomas@gmail.com',78),(691,5,'2514879015',78),(692,6,'162 Gator Ave.\r\nSatsuma, AL 36572',78),(693,7,'Fall',78),(694,8,'2015.0',78),(695,9,'Nursing',78),(696,1,'Grier',79),(697,2,'Hall',79),(698,3,'Transfer Student',79),(699,4,'hall17@sbc.edu',79),(700,5,'7035981899',79),(701,6,'Sweet Briar College\r\nP.O. Box 460\r\nSweet Briar, Va 24595',79),(702,7,'Spring',79),(703,8,'2015.0',79),(704,9,'Nursing',79),(705,1,'Samantha',80),(706,2,'Thomas',80),(707,3,'First-time Freshman',80),(708,4,'ldpthomas@gmail.com',80),(709,5,'2514879015',80),(710,6,'162 Gator Ave.\r\nSatsuma, AL 36572',80),(711,7,'Fall',80),(712,8,'2015.0',80),(713,9,'Forensics',80),(714,1,'Ashley',81),(715,2,'Krieger',81),(716,3,'First-time Freshman',81),(717,4,'akrieger@student.nocca.com',81),(718,5,'985-640-3511',81),(719,6,'325 Maine Avenue',81),(720,7,'Fall',81),(721,8,'2015.0',81),(722,9,'Theater',81),(723,1,'Test',82),(724,2,'test',82),(725,3,'---',82),(726,4,'test@shc.edu',82),(727,5,'',82),(728,6,'',82),(729,7,'---',82),(730,8,NULL,82),(731,9,'Accounting',82),(732,1,'Test',83),(733,2,'test',83),(734,3,'---',83),(735,4,'test@shc.edu',83),(736,5,'',83),(737,6,'',83),(738,7,'---',83),(739,8,NULL,83),(740,9,'Accounting',83),(741,1,'Test',84),(742,2,'test',84),(743,3,'---',84),(744,4,'test@shc.edu',84),(745,5,'',84),(746,6,'',84),(747,7,'---',84),(748,8,NULL,84),(749,9,'Accounting',84),(750,1,'Alyssa ',85),(751,2,'Meadows',85),(752,3,'First-time Freshman',85),(753,4,'scrappybluesong@yahoo.com',85),(754,5,'',85),(755,6,'1062 Prospect Rd\r\nBankston, AL 35542',85),(756,7,'---',85),(757,8,NULL,85),(758,9,'Criminology',85),(759,1,'Sydney ',86),(760,2,'Taylor',86),(761,3,'---',86),(762,4,'sydtayy93@gmail.com',86),(763,5,'251-455-6020 ',86),(764,6,'3780 HIghway 56 Chatom Al 36518',86),(765,7,'Fall',86),(766,8,'2015.0',86),(767,9,'Criminology',86),(768,1,'Jacquelyn',87),(769,2,'Fredericks',87),(770,3,'---',87),(771,4,'jackiefred01@yahoo.com',87),(772,5,'',87),(773,6,'109 W Pinewood Dr',87),(774,7,'Fall',87),(775,8,'2017.0',87),(776,9,'Organismal and Marine Biology',87),(777,1,'Lindsay',88),(778,2,'Domaleski',88),(779,3,'Transfer Student',88),(780,4,'ljdomaleski@gmail.com',88),(781,5,'720-879-1659',88),(782,6,'5883 North Nevada Ave. #317\r\nColorado Springs, Colorado 80918',88),(783,7,'Summer',88),(784,8,'2015.0',88),(785,9,'Nursing',88),(786,1,'Jessica',89),(787,2,'O\'Brien',89),(788,3,'First-time Freshman',89),(789,4,'jessica.obrien97@aol.com',89),(790,5,'9013728824',89),(791,6,'987 Jessica Lauren Dr.',89),(792,7,'Fall',89),(793,8,'2015.0',89),(794,9,'Teacher Education',89),(795,1,'Schmekia',90),(796,2,'Johnson',90),(797,3,'Transfer Student',90),(798,4,'ms.johnson.1@hotmail.com',90),(799,5,'251-454-4979',90),(800,6,'1255 Garland Street Mobile, AL. 36618',90),(801,7,'Spring',90),(802,8,'2015.0',90),(803,9,'Teacher Education',90),(804,1,'Shelby',91),(805,2,'Smyth',91),(806,3,'First-time Freshman',91),(807,4,'shelbysmyth62@gmail.com',91),(808,5,'6015696134',91),(809,6,'415 Woodglen Cove',91),(810,7,'Fall',91),(811,8,'2015.0',91),(812,9,'Theology',91),(813,1,'Shelby',92),(814,2,'Smyth',92),(815,3,'First-time Freshman',92),(816,4,'shelbysmyth62@gmail.com',92),(817,5,'6015696134',92),(818,6,'415 Woodglen Cove',92),(819,7,'Fall',92),(820,8,'2015.0',92),(821,9,'Teacher Education',92),(822,1,'Raylon',93),(823,2,'Walker',93),(824,3,'First-time Freshman',93),(825,4,'ray.32.walker@gmail.com',93),(826,5,'3375826222',93),(827,6,'P.O. Box 424 Iowa, LA 70647',93),(828,7,'Fall',93),(829,8,'2015.0',93),(830,9,'Pre-Engineering',93),(831,1,'Megan',94),(832,2,'Britnell',94),(833,3,'First-time Freshman',94),(834,4,'megan.britnell@yahoo.com',94),(835,5,'256-668-4484',94),(836,6,'432 Twin Mountain Loop, Russellville, AL, 35654',94),(837,7,'Fall',94),(838,8,'2015.0',94),(839,9,'Teacher Education',94),(840,1,'Lizzette',95),(841,2,'Villalobos',95),(842,3,'First-time Freshman',95),(843,4,'lizzette.villavic@gmail.com',95),(844,5,'8504193789',95),(845,6,'355 South Shoreline Circle',95),(846,7,'Fall',95),(847,8,'2015.0',95),(848,9,'Nursing',95),(849,1,'Chanah',96),(850,2,'Henson',96),(851,3,'First-time Freshman',96),(852,4,'hensonchanah20@gmail.com',96),(853,5,'251-348-8771',96),(854,6,'8451 Bayou dr Bayou la Batre al 36509-2601',96),(855,7,'Fall',96),(856,8,'2015.0',96),(857,9,'Nursing',96),(858,1,'Emily',97),(859,2,'Beranek',97),(860,3,'Transfer Student',97),(861,4,'e.beranek1992@gmail.com',97),(862,5,'251-259-1673',97),(863,6,'1675 Knollwood Drive Apartment 518',97),(864,7,'Spring',97),(865,8,'2015.0',97),(866,9,'Nursing',97),(867,1,'emma',98),(868,2,'Clark',98),(869,3,'---',98),(870,4,'eclark843@gmail.com',98),(871,5,'',98),(872,6,'9312 s longwood dr chicago il 60643',98),(873,7,'Fall',98),(874,8,'2016.0',98),(875,9,'Teacher Education',98),(876,1,'Hannah',99),(877,2,'Soileau',99),(878,3,'---',99),(879,4,'hjsoileau@gmail.com',99),(880,5,'',99),(881,6,'',99),(882,7,'Fall',99),(883,8,'2016.0',99),(884,9,'Pre-Health',99),(885,1,'Zachary ',100),(886,2,'Gaspard',100),(887,3,'First-time Freshman',100),(888,4,'0166843@vpsb.net',100),(889,5,'3375235527',100),(890,6,'123 Darlene Street',100),(891,7,'Fall',100),(892,8,'2016.0',100),(893,9,'Cellular and Molecular Biology',100),(894,1,'Hunter ',101),(895,2,'Sellers',101),(896,3,'First-time Freshman',101),(897,4,'naomi_okami@yahoo.com',101),(898,5,'9854981921',101),(899,6,'P.O box 682 Berwick,  LA 70342',101),(900,7,'Fall',101),(901,8,'20016.0',101),(902,9,'Criminology',101),(903,1,'jodi',102),(904,2,'turley',102),(905,3,'First-time Freshman',102),(906,4,'jodi.turley@cleburneschools.net',102),(907,5,'256-201-1930',102),(908,6,'2201 county road 459 heflin alabama 36264',102),(909,7,'Fall',102),(910,8,'2015.0',102),(911,9,'Criminology',102),(912,1,'Henry',103),(913,2,'Singleton Jr',103),(914,3,'Transfer Student',103),(915,4,'boywonder247@gmail.com',103),(916,5,'404-433-2319',103),(917,6,'P.O. Box 552  Pascagoula, MS 39568',103),(918,7,'Fall',103),(919,8,'2015.0',103),(920,9,'Nursing',103),(921,1,'Dulce',104),(922,2,'Carpio',104),(923,3,'First-time Freshman',104),(924,4,'dulce.jcn@hotmail.com',104),(925,5,'228-249-2479',104),(926,6,'2925 Eden st Apt. 15B Pascagoula, MS 39581',104),(927,7,'Spring',104),(928,8,'2015.0',104),(929,9,'Human Resources Management',104),(930,1,'LaTangellia',105),(931,2,'Walker',105),(932,3,'First-time Freshman',105),(933,4,'anjee1988@gmail.com',105),(934,5,'205 798 3736',105),(935,6,'2011 suburban circle\r\nBirmingham Alabama 35214',105),(936,7,'Fall',105),(937,8,'2015.0',105),(938,9,'Pre-Engineering',105),(939,1,'kayla',106),(940,2,'herrera',106),(941,3,'First-time Freshman',106),(942,4,'kkmnlop12496@gmail.com',106),(943,5,'7734741414',106),(944,6,'6452 s kedvale',106),(945,7,'Fall',106),(946,8,'2016.0',106),(947,9,'Computer Information Systems',106),(948,1,'Caitlyn',107),(949,2,'Richard',107),(950,3,'---',107),(951,4,'brichard01@bellsouth.net',107),(952,5,'',107),(953,6,'PO Box 525\r\nYoungsville, LA  70592',107),(954,7,'---',107),(955,8,NULL,107),(956,9,'Graphic Design',107),(957,1,'Zaria',108),(958,2,'Butler',108),(959,3,'---',108),(960,4,'zariabutler1999@yahoo.com',108),(961,5,'',108),(962,6,'4119 S. Liberty New Orleans Louisiana ',108),(963,7,'Fall',108),(964,8,'2017.0',108),(965,9,'Management Marketing',108),(966,1,'Elissa',109),(967,2,'Gardea',109),(968,3,'First-time Freshman',109),(969,4,'elissagardea@yahoo.com',109),(970,5,'',109),(971,6,'',109),(972,7,'Fall',109),(973,8,'2016.0',109),(974,9,'Journalism',109),(975,1,'Madalyn',110),(976,2,'Allen',110),(977,3,'First-time Freshman',110),(978,4,'maddieboo0397@yahoo.com',110),(979,5,'2512816697',110),(980,6,'6190 Girby Rd APT 2321 Mobile, AL 36693',110),(981,7,'Fall',110),(982,8,'2015.0',110),(983,9,'Pre-Health',110),(984,1,'Oswaldo',111),(985,2,'Escalante ',111),(986,3,'First-time Freshman',111),(987,4,'escalanteoswald0705@hotmail.com',111),(988,5,'',111),(989,6,'830 fair oaks rd apt 18',111),(990,7,'---',111),(991,8,NULL,111),(992,9,'Teacher Education',111),(993,1,'Victoria',112),(994,2,'Goodwin',112),(995,3,'First-time Freshman',112),(996,4,'kgoodwin498@gmail.com',112),(997,5,'',112),(998,6,'1101 Peabody Dr\r\nMobile, AL 36618',112),(999,7,'Fall',112),(1000,8,'2016.0',112),(1001,9,'Interdisciplinary Humanities',112),(1002,1,'Amanda',113),(1003,2,'Leonard',113),(1004,3,'First-time Freshman',113),(1005,4,'amanda.vetter86@gmail.com',113),(1006,5,'2512438661',113),(1007,6,'105 1/2 Providence St.',113),(1008,7,'Spring',113),(1009,8,'2015.0',113),(1010,9,'Nursing',113),(1011,1,'Zachary',114),(1012,2,'Aceto',114),(1013,3,'First-time Freshman',114),(1014,4,'cynthia.aceto@gmail.com',114),(1015,5,'8504184116',114),(1016,6,'1311 Goldenrod Road, Cantonment, FL 32533',114),(1017,7,'Summer',114),(1018,8,'2016.0',114),(1019,9,'Pre-Engineering dual degree ',114),(1020,1,'neil',115),(1021,2,'jackson',115),(1022,3,'Transfer Student',115),(1023,4,'neilmjack@gmail.com',115),(1024,5,'2514552761',115),(1025,6,'1329 doyle ave,mobile,al.36605',115),(1026,7,'Spring',115),(1027,8,'2015.0',115),(1028,9,'Management Marketing',115),(1029,1,'Ariel ',116),(1030,2,'Charles',116),(1031,3,'---',116),(1032,4,'lillycharles97@yahoo.com',116),(1033,5,'337-418-1980',116),(1034,6,'1224 West Cherry St.',116),(1035,7,'---',116),(1036,8,NULL,116),(1037,9,'Forensics',116),(1038,1,'Savannah',117),(1039,2,'Ennis',117),(1040,3,'First-time Freshman',117),(1041,4,'sce0214@gmail.com',117),(1042,5,'',117),(1043,6,'440 Trailhead Drive Abita Springs, LA 70420',117),(1044,7,'Fall',117),(1045,8,'2016.0',117),(1046,9,'Pre-Health',117),(1047,1,'Alexis',118),(1048,2,'Villarreal',118),(1049,3,'First-time Freshman',118),(1050,4,'alexis.97@verizon.net',118),(1051,5,'2142260766',118),(1052,6,'5109 Mystic Hollow Court\r\nFlower Mound, Texas 75028',118),(1053,7,'Fall',118),(1054,8,'2015.0',118),(1055,9,'Nursing',118),(1056,1,'Kelli',119),(1057,2,'LaCour',119),(1058,3,'First-time Freshman',119),(1059,4,'kellilacour@yahoo.com',119),(1060,5,'225 638-9907',119),(1061,6,'8006 Island Rd Ventress, La. 70783',119),(1062,7,'Fall',119),(1063,8,'2015.0',119),(1064,9,'Sociology',119),(1065,1,'Reba',120),(1066,2,'Ryland',120),(1067,3,'Transfer Student',120),(1068,4,'ruinme809@gmail.com',120),(1069,5,'',120),(1070,6,'1659 Conti St. Apt. A Mobile, Al 36604',120),(1071,7,'Fall',120),(1072,8,'2015.0',120),(1073,9,'Pre-Law',120),(1074,1,'Reba',121),(1075,2,'Ryland',121),(1076,3,'Transfer Student',121),(1077,4,'ruinme809@gmail.com',121),(1078,5,'',121),(1079,6,'1695 Conti St Apt. A Mobile, Al 36604',121),(1080,7,'Fall',121),(1081,8,'2015.0',121),(1082,9,'Political Science',121),(1083,1,'kaylen ',122),(1084,2,'Hyatt',122),(1085,3,'First-time Freshman',122),(1086,4,'kelizhyatt@gmail.com',122),(1087,5,'2515998488',122),(1088,6,'10878 legacy lane \r\nMobile, AL 36608\r\n',122),(1089,7,'Fall',122),(1090,8,'2015.0',122),(1091,9,'Criminology',122),(1092,1,'kaylen ',123),(1093,2,'Hyatt',123),(1094,3,'First-time Freshman',123),(1095,4,'kelizhyatt@gmail.com',123),(1096,5,'2515998488',123),(1097,6,'10878 legacy lane',123),(1098,7,'Fall',123),(1099,8,'2015.0',123),(1100,9,'Forensics',123),(1101,1,'Maria',124),(1102,2,'Lanari',124),(1103,3,'First-time Freshman',124),(1104,4,'15lanarm@corjesu.org',124),(1105,5,'',124),(1106,6,'16362 Audubon Village Dr.\r\nWildwood, MO 63040',124),(1107,7,'Fall',124),(1108,8,'2010.0',124),(1109,9,'Nursing',124),(1110,1,'Camilo ',125),(1111,2,'Posada ',125),(1112,3,'Transfer Student',125),(1113,4,'posadacamilo10@yahoo.com',125),(1114,5,'228-365-4001',125),(1115,6,'2335 Atkinson rd apt L2 \r\nBiloxi, MS\r\n39531',125),(1116,7,'Fall',125),(1117,8,'2015.0',125),(1118,9,'Actuarial Math',125),(1119,1,'Tiffani ',126),(1120,2,'Cruce ',126),(1121,3,'First-time Freshman',126),(1122,4,'babycrucetaz@gmail.com',126),(1123,5,'',126),(1124,6,'8195 South Hwy 99\r\nMcDavid, FL 32568',126),(1125,7,'Fall',126),(1126,8,'2015.0',126),(1127,9,'Graphic Design',126),(1128,1,'Camryn ',127),(1129,2,'Vaughan',127),(1130,3,'First-time Freshman',127),(1131,4,'cvaughan569@gmail.com',127),(1132,5,'2057670275',127),(1133,6,'2521 Belle Terre Drive',127),(1134,7,'Fall',127),(1135,8,'2015.0',127),(1136,9,'English',127),(1137,1,'Addison ',128),(1138,2,'Hollis ',128),(1139,3,'First-time Freshman',128),(1140,4,'35381@sjabr.org',128),(1141,5,'',128),(1142,6,'',128),(1143,7,'Fall',128),(1144,8,'1.0',128),(1145,9,'Pre-Law',128),(1146,1,'Addison ',129),(1147,2,'Hollis ',129),(1148,3,'First-time Freshman',129),(1149,4,'35381@sjabr.org',129),(1150,5,'',129),(1151,6,'',129),(1152,7,'Fall',129),(1153,8,NULL,129),(1154,9,'Political Science',129),(1155,1,'Addison',130),(1156,2,'Hollis',130),(1157,3,'First-time Freshman',130),(1158,4,'35381@sjabr.org',130),(1159,5,'',130),(1160,6,'',130),(1161,7,'Fall',130),(1162,8,NULL,130),(1163,9,'International Studies',130),(1164,1,'Madison',131),(1165,2,'Nail',131),(1166,3,'---',131),(1167,4,'KNail@cadecpa.com',131),(1168,5,'',131),(1169,6,'8852 Mosley Loop Road\r\nMorris, AL  35116',131),(1170,7,'Fall',131),(1171,8,'2016.0',131),(1172,9,'Writing',131),(1173,1,'Miles',132),(1174,2,'Cameron',132),(1175,3,'First-time Freshman',132),(1176,4,'wennifer_cam@yahoo.com',132),(1177,5,'334-434-9903',132),(1178,6,'1379 Hunters Mountain Parkway\r\nTroy, AL36079',132),(1179,7,'Fall',132),(1180,8,'2015.0',132),(1181,9,'Digital Video Production',132),(1182,1,'Caleb',133),(1183,2,'Theriot',133),(1184,3,'First-time Freshman',133),(1185,4,'adamtswelding@yahoo.com',133),(1186,5,'337-577-8698',133),(1187,6,'1199 Coteau Holmes Hwy. \r\nSaint Martinville, LA  70582',133),(1188,7,'Spring',133),(1189,8,'2016.0',133),(1190,9,'Pre-Engineering',133),(1191,1,'Madison',134),(1192,2,'Casey',134),(1193,3,'First-time Freshman',134),(1194,4,'madison@kilocharlie.us',134),(1195,5,'334-614-3345',134),(1196,6,'423 Lee Road 980\r\nSmiths Station, AL 36877',134),(1197,7,'Fall',134),(1198,8,'2016.0',134),(1199,9,'Pre-Health',134),(1200,1,'Victoria',135),(1201,2,'Donahoo',135),(1202,3,'First-time Freshman',135),(1203,4,'tld2015@live.com',135),(1204,5,'256-658-3088',135),(1205,6,'104 Pinewood Lane\r\nJacksons Gap, AL 36861',135),(1206,7,'Fall',135),(1207,8,'2015.0',135),(1208,9,'Organismal and Marine Biology',135),(1209,1,'Rayna',136),(1210,2,'means',136),(1211,3,'First-time Freshman',136),(1212,4,'meansraython@gmail.com',136),(1213,5,'2055156672',136),(1214,6,'1016 82nd street south\r\nBirmingham,AL 35206',136),(1215,7,'Summer',136),(1216,8,'2015.0',136),(1217,9,'Human Biochemistry',136),(1218,1,'Aaliyah',137),(1219,2,'Richmond',137),(1220,3,'First-time Freshman',137),(1221,4,'arichmond13.ar@gmail.com',137),(1222,5,'334-663-5526',137),(1223,6,'Arichmond13.ar@gmail.com',137),(1224,7,'Fall',137),(1225,8,'2015.0',137),(1226,9,'Nursing',137),(1227,1,'Ashley',138),(1228,2,'Ellis',138),(1229,3,'First-time Freshman',138),(1230,4,'ashleymarieellis1987@gmail.com',138),(1231,5,'251-610-3048',138),(1232,6,'P.O. Box 101\r\nCalvert, AL, 36513',138),(1233,7,'Spring',138),(1234,8,'2015.0',138),(1235,9,'Digital Video Production',138),(1236,1,'Emma ',139),(1237,2,'Liller',139),(1238,3,'First-time Freshman',139),(1239,4,'dkliller@verizon.net',139),(1240,5,'2407509841',139),(1241,6,'12913 Creamery Hill Drive',139),(1242,7,'Fall',139),(1243,8,'2016.0',139),(1244,9,'Nursing',139),(1245,1,'Susan',140),(1246,2,'Cole',140),(1247,3,'First-time Freshman',140),(1248,4,'susanemilycole@att.net',140),(1249,5,'',140),(1250,6,'521 Lion Drive \r\nKillen Alabama 35645',140),(1251,7,'Fall',140),(1252,8,'2015.0',140),(1253,9,'History',140),(1254,1,'Bailey',141),(1255,2,'Machenberg',141),(1256,3,'First-time Freshman',141),(1257,4,'b_mach1997@yahoo.com',141),(1258,5,'315-480-0423',141),(1259,6,'35894 Antebellum Blvd \r\nBay Minette, AL 36507',141),(1260,7,'Fall',141),(1261,8,'2015.0',141),(1262,9,'Nursing',141),(1263,1,'Laquitta',142),(1264,2,'Johnston',142),(1265,3,'Transfer Student',142),(1266,4,'johnstonlaquitta@gmail.com',142),(1267,5,'2512951801',142),(1268,6,'711 Crystal Wells Ct. N Fairhope Al 36532',142),(1269,7,'Spring',142),(1270,8,'2015.0',142),(1271,9,'Nursing',142),(1272,1,'Holley',143),(1273,2,'Moates',143),(1274,3,'First-time Freshman',143),(1275,4,'hmoates1@gmail.com',143),(1276,5,'205-403-9269',143),(1277,6,'80 Brook Green Lane\r\nIndian Springs, AL 35124',143),(1278,7,'Spring',143),(1279,8,'2015.0',143),(1280,9,'Nursing',143),(1281,1,'Ashley',144),(1282,2,'Bennett',144),(1283,3,'Transfer Student',144),(1284,4,'ashakadiamondprincess@yahoo.com',144),(1285,5,'2517674336',144),(1286,6,'',144),(1287,7,'Spring',144),(1288,8,'2015.0',144),(1289,9,'Accounting',144),(1290,1,'Ashley',145),(1291,2,'Bennett',145),(1292,3,'Transfer Student',145),(1293,4,'ashakadiamondprincess@yahoo.com',145),(1294,5,'2517674336',145),(1295,6,'1817 Whitherspoon Circle Mobile,  Al. 36618',145),(1296,7,'Spring',145),(1297,8,'2015.0',145),(1298,9,'Accounting',145),(1299,1,'Teya',146),(1300,2,'Crawford',146),(1301,3,'First-time Freshman',146),(1302,4,'teyacrawford@gmail.com',146),(1303,5,'731-432-0281',146),(1304,6,'54 Ribbon Rail Court\r\nLoxley, AL',146),(1305,7,'Fall',146),(1306,8,'2015.0',146),(1307,9,'Art Business',146),(1308,1,'madelyn ',147),(1309,2,'howard',147),(1310,3,'First-time Freshman',147),(1311,4,'howardmadelyn@gmail.com',147),(1312,5,'251-408-2029',147),(1313,6,'8095 Elizabeth Street\r\nCitronelle, AL 36522',147),(1314,7,'Fall',147),(1315,8,'2015.0',147),(1316,9,'Nursing',147),(1317,1,'Searra',148),(1318,2,'Keys',148),(1319,3,'First-time Freshman',148),(1320,4,'searramarkalakeys@gmail.com',148),(1321,5,'850-238-2228',148),(1322,6,'302 pinecrest drive, Dothan alabama 36301',148),(1323,7,'Fall',148),(1324,8,'2016.0',148),(1325,9,'Nursing',148),(1326,1,'Hilton',149),(1327,2,'Foster',149),(1328,3,'First-time Freshman',149),(1329,4,'hiltonfoster03@gmail.com',149),(1330,5,'',149),(1331,6,'22860 Hwy 98 E Foley, AL',149),(1332,7,'Fall',149),(1333,8,'2015.0',149),(1334,9,'Teacher Education or anything on Secondary Education with an emphasis on biology',149),(1335,1,'Christa',150),(1336,2,'Harkins',150),(1337,3,'Transfer Student',150),(1338,4,'cnh3029@gmail.com',150),(1339,5,'2518028299',150),(1340,6,'9509 Labrador Run N\r\nMobile, AL\r\n36695',150),(1341,7,'Spring',150),(1342,8,'2016.0',150),(1343,9,'Pre-Health',150),(1344,1,'Tiffany',151),(1345,2,'Walton',151),(1346,3,'Transfer Student',151),(1347,4,'tiffanywalton123@gmail.com',151),(1348,5,'6786131080',151),(1349,6,'PO Box 3792\r\nPeachtree City, GA 30269',151),(1350,7,'Fall',151),(1351,8,'2015.0',151),(1352,9,'Nursing',151),(1353,1,'Ben',152),(1354,2,'Shaw',152),(1355,3,'First-time Freshman',152),(1356,4,'ben10shaw@gmail.com',152),(1357,5,'',152),(1358,6,'',152),(1359,7,'Summer',152),(1360,8,'2015.0',152),(1361,9,'Computer Information Systems',152),(1362,1,'Ben',153),(1363,2,'Shaw',153),(1364,3,'First-time Freshman',153),(1365,4,'ben10shaw@gmail.com',153),(1366,5,'',153),(1367,6,'3111 Breezy Pines Ct\r\nHouston, TX 77339',153),(1368,7,'Fall',153),(1369,8,'2015.0',153),(1370,9,'Digital Video Production',153),(1371,1,'Joshua',154),(1372,2,'Roberts',154),(1373,3,'First-time Freshman',154),(1374,4,'joshrawberts@gmail.com',154),(1375,5,'2253296568',154),(1376,6,'218 County Line Rd Deridder LA 70634',154),(1377,7,'Fall',154),(1378,8,'2016.0',154),(1379,9,'Nursing',154),(1380,1,'Margaret',155),(1381,2,'Murphy',155),(1382,3,'---',155),(1383,4,'mm62661@aol.com',155),(1384,5,'7084213490',155),(1385,6,'5450 WEST 108TH PLACE\r\nOak Lawn, IL 60453',155),(1386,7,'---',155),(1387,8,NULL,155),(1388,9,'Biochemistry',155),(1389,1,'Destiny',156),(1390,2,'Gibson',156),(1391,3,'First-time Freshman',156),(1392,4,'destinygibson77@yahoo.com',156),(1393,5,'6019067346',156),(1394,6,'1526 northlake circle',156),(1395,7,'Fall',156),(1396,8,'2016.0',156),(1397,9,'Psychology',156),(1398,1,'Megan',157),(1399,2,'Fitzpatrick',157),(1400,3,'---',157),(1401,4,'mfitzpatrick@hockaday.org',157),(1402,5,'',157),(1403,6,'6255 Desco Drive\r\nDallas, TX 75225',157),(1404,7,'---',157),(1405,8,NULL,157),(1406,9,'Everything',157),(1407,1,'Heather',158),(1408,2,'Wright',158),(1409,3,'Transfer Student',158),(1410,4,'heatherlwright78@gmail.com',158),(1411,5,'318-464-0878',158),(1412,6,'179 Ardmore Ave\r\nShreveport, LA 71105',158),(1413,7,'Fall',158),(1414,8,'2015.0',158),(1415,9,'Teacher Education',158),(1416,1,'Samantha',159),(1417,2,'Marx',159),(1418,3,'First-time Freshman',159),(1419,4,'bmarxaz@yahoo.com',159),(1420,5,'6029209410',159),(1421,6,'Samantha Marx, 1225 E Pershing Ave, Phoenix AZ 85022',159),(1422,7,'Fall',159),(1423,8,'2017.0',159),(1424,9,'Pre-Health',159),(1425,1,'Andrew',160),(1426,2,'Huber',160),(1427,3,'First-time Freshman',160),(1428,4,'ahuber@desmet.org',160),(1429,5,'',160),(1430,6,'3123 Country Knoll Drive\r\nSt. Charles, MO 63303',160),(1431,7,'Fall',160),(1432,8,'2015.0',160),(1433,9,'Pre-Engineering',160),(1434,1,'Dawn',161),(1435,2,'Stough',161),(1436,3,'Transfer Student',161),(1437,4,'dawn.stough@gmail.com',161),(1438,5,'',161),(1439,6,'6411 Horse Shoe Lane\r\nTheodore, AL  36582',161),(1440,7,'Fall',161),(1441,8,'2015.0',161),(1442,9,'International Business',161),(1443,1,'Annie-James',162),(1444,2,'Walsh',162),(1445,3,'First-time Freshman',162),(1446,4,'anniejameswalsh18@gmail.com',162),(1447,5,'',162),(1448,6,'9001 Rushing River Way Niceville, FL 32578',162),(1449,7,'Fall',162),(1450,8,'2017.0',162),(1451,9,'Pre-Health',162),(1452,1,'Madison',163),(1453,2,'Butler',163),(1454,3,'Transfer Student',163),(1455,4,'mb07520@georgiasouthern.edu',163),(1456,5,'404-263-9645',163),(1457,6,'100 Woodland Drive\r\nStatesboro, GA 30458',163),(1458,7,'Fall',163),(1459,8,'2016.0',163),(1460,9,'Nursing',163),(1461,1,'Michelle',164),(1462,2,'Cap',164),(1463,3,'Transfer Student',164),(1464,4,'michelle.cap@loras.edu',164),(1465,5,'773-571-5980',164),(1466,6,'Michelle Cap\r\nLoras  College Mail #452 \r\n1450 Alta Vista\r\nDubuque, IA 52001',164),(1467,7,'Fall',164),(1468,8,'2015.0',164),(1469,9,'Graphic Design',164),(1470,1,'Christy',165),(1471,2,'Taylor',165),(1472,3,'Part-time Student',165),(1473,4,'taylorf13@yahoo.com',165),(1474,5,'770-360-7800',165),(1475,6,'11245 BRAMSHILL DR,\r\nAlpharetta, GA  30022',165),(1476,7,'---',165),(1477,8,NULL,165),(1478,9,'Theology',165),(1479,1,'Sherry',166),(1480,2,'Jackson',166),(1481,3,'---',166),(1482,4,'jacksonsherry67@yahoo.com',166),(1483,5,'2566560917',166),(1484,6,'112 Butch Circle',166),(1485,7,'Summer',166),(1486,8,'2815.0',166),(1487,9,'Nursing',166),(1488,1,'Claire',167),(1489,2,'Dolan-Heitlinger',167),(1490,3,'Transfer Student',167),(1491,4,'claire@dolan-heitlinger.com',167),(1492,5,'3053945789',167),(1493,6,'21 Azalea Dr\r\nKey West, FL 33040',167),(1494,7,'Fall',167),(1495,8,'2015.0',167),(1496,9,'International Studies',167),(1497,1,'Aixa',168),(1498,2,'Carrion',168),(1499,3,'First-time Freshman',168),(1500,4,'aixa.carrion15@josephinum.org',168),(1501,5,'',168),(1502,6,'3560 West Dickens',168),(1503,7,'Fall',168),(1504,8,'2015.0',168),(1505,9,'Journalism',168),(1506,1,'Aixa',169),(1507,2,'Carrion',169),(1508,3,'First-time Freshman',169),(1509,4,'aixa.carrion15@josephinum.org',169),(1510,5,'',169),(1511,6,'3560 West Dickens',169),(1512,7,'Fall',169),(1513,8,'2015.0',169),(1514,9,'Journalism',169),(1515,1,'Brittney ',170),(1516,2,'Martin ',170),(1517,3,'First-time Freshman',170),(1518,4,'mbrittney97@gmail.com',170),(1519,5,'6024256264',170),(1520,6,'114 Kenwood Avenue \r\nBoerne, Texas\r\n78006',170),(1521,7,'Fall',170),(1522,8,'2015.0',170),(1523,9,'International Business',170),(1524,1,'Lisa',171),(1525,2,'Villanueva',171),(1526,3,'---',171),(1527,4,'notthemama21@gmail.com',171),(1528,5,'2282394531',171),(1529,6,'1560 Peachtree Lane East',171),(1530,7,'Fall',171),(1531,8,'2015.0',171),(1532,9,'Computer Information Systems',171),(1533,1,'Nora',172),(1534,2,'Williams',172),(1535,3,'Part-time Student',172),(1536,4,'norawilliams81@gmail.com',172),(1537,5,'2512433054',172),(1538,6,'903 Westwood st. Pascagoula Ms. 39567',172),(1539,7,'Spring',172),(1540,8,'2015.0',172),(1541,9,'Organismal and Marine Biology',172),(1542,1,'Shariya',173),(1543,2,'Seals',173),(1544,3,'First-time Freshman',173),(1545,4,'shariyasgrad11@gmail.com',173),(1546,5,'',173),(1547,6,'3600 Michael Blvd Apt. A89 Mobile, AL 36609',173),(1548,7,'Spring',173),(1549,8,'2015.0',173),(1550,9,'Nursing',173),(1551,1,'Taylor',174),(1552,2,'Lewis',174),(1553,3,'First-time Freshman',174),(1554,4,'taylormlewis27@gmail.com',174),(1555,5,'502-593-9116',174),(1556,6,'3903 Ballard Woods Ct. \r\nSmithfield KY\r\n40068',174),(1557,7,'Fall',174),(1558,8,'2015.0',174),(1559,9,'Organismal and Marine Biology',174),(1560,1,'Jamar',175),(1561,2,'Gross',175),(1562,3,'First-time Freshman',175),(1563,4,'grosst71@gmail.com',175),(1564,5,'313-414-3046',175),(1565,6,'3421 W Stewarts Mill Rd.\r\nDouglasville, GA  30135',175),(1566,7,'Fall',175),(1567,8,'2015.0',175),(1568,9,'Computer Information Systems',175),(1569,1,'Nichole',176),(1570,2,'Burgess',176),(1571,3,'Transfer Student',176),(1572,4,'nbur0760@student.faulknerstate.edu',176),(1573,5,'2282294619',176),(1574,6,'4607 Sawmill Rd.\r\nMiss point, Ms.\r\n39563',176),(1575,7,'Summer',176),(1576,8,'2015.0',176),(1577,9,'Nursing',176),(1578,1,'Josephine ',177),(1579,2,'Mattia ',177),(1580,3,'Transfer Student',177),(1581,4,'mattiajosephine@yahoo.com',177),(1582,5,'678-334-0158',177),(1583,6,'1075 North Hairston Road \r\nApt. 30-H\r\nStone Mountain, GA, 30083',177),(1584,7,'Fall',177),(1585,8,'2016.0',177),(1586,9,'English',177),(1587,1,'Josephine ',178),(1588,2,'Mattia ',178),(1589,3,'Transfer Student',178),(1590,4,'mattiajosephine@yahoo.com',178),(1591,5,'678-334-0158',178),(1592,6,'1075 North Hairston Road \r\nApt.30-H\r\nStone Mountain, GA, 30083',178),(1593,7,'Fall',178),(1594,8,'2016.0',178),(1595,9,'French',178),(1596,1,'Chelley ',179),(1597,2,'Thorne',179),(1598,3,'---',179),(1599,4,'chelley.thorne43@yahoo.com',179),(1600,5,'334-701-9048',179),(1601,6,'3818 Napier field rd lot A407 Dothan Al 36303',179),(1602,7,'Fall',179),(1603,8,'2016.0',179),(1604,9,'Pre-Health',179),(1605,1,'Elaina',180),(1606,2,'Mastrilli',180),(1607,3,'Transfer Student',180),(1608,4,'emastrilli@hotmail.com',180),(1609,5,'7163358059',180),(1610,6,'45 Atlantic Ave - lwr apt, buffalo ny 14222',180),(1611,7,'Fall',180),(1612,8,'2015.0',180),(1613,9,'Graphic Design',180),(1614,1,'Alexandra',181),(1615,2,'Tate',181),(1616,3,'---',181),(1617,4,'acelestetate@yahoo.com',181),(1618,5,'',181),(1619,6,'',181),(1620,7,'---',181),(1621,8,NULL,181),(1622,9,'Digital Video Production',181),(1623,1,'Shalyn',182),(1624,2,'Uhden',182),(1625,3,'Transfer Student',182),(1626,4,'uhden@hotmail.com',182),(1627,5,'',182),(1628,6,'730 S 15th St.\r\nLebanon, OR 97355',182),(1629,7,'Fall',182),(1630,8,'2015.0',182),(1631,9,'Nursing',182),(1632,1,'Johnicia',183),(1633,2,'Haynes',183),(1634,3,'---',183),(1635,4,'johnicia.monee@hotmail.com',183),(1636,5,'',183),(1637,6,'',183),(1638,7,'---',183),(1639,8,NULL,183),(1640,9,'General Studies',183),(1641,1,'Gregory ',184),(1642,2,'Carper',184),(1643,3,'First-time Freshman',184),(1644,4,'gregorycarper18@gmail.com',184),(1645,5,'3185534044',184),(1646,6,'8213 Paula Kay Place',184),(1647,7,'Spring',184),(1648,8,'2016.0',184),(1649,9,'Biochemistry',184),(1650,1,'Gregory ',185),(1651,2,'Carper',185),(1652,3,'First-time Freshman',185),(1653,4,'gregorycarper18@gmail.com',185),(1654,5,'3185534044',185),(1655,6,'8213 Paula Kay Place',185),(1656,7,'Spring',185),(1657,8,'2016.0',185),(1658,9,'Biochemistry',185),(1659,1,'Savannah',186),(1660,2,'Ennis',186),(1661,3,'First-time Freshman',186),(1662,4,'sce0214@gmail.com',186),(1663,5,'9856301099',186),(1664,6,'440 Trailhead Drive',186),(1665,7,'Fall',186),(1666,8,'2016.0',186),(1667,9,'Pre-Health',186),(1668,1,'Camryn',187),(1669,2,'NETHKEN',187),(1670,3,'First-time Freshman',187),(1671,4,'NETHKEN@EATEL.NET',187),(1672,5,'2254454811',187),(1673,6,'15078 JIM MAYERS ROAD\r\nPrairieville, LA 70769',187),(1674,7,'Fall',187),(1675,8,'2015.0',187),(1676,9,'Digital Video Production',187),(1677,1,'Amber ',188),(1678,2,'Davis',188),(1679,3,'First-time Freshman',188),(1680,4,'amberleighdavis05@gmail.com',188),(1681,5,'3344354211',188),(1682,6,'354 County Road 50\r\nAbbeville, Al 36310',188),(1683,7,'Fall',188),(1684,8,'2015.0',188),(1685,9,'Nursing',188),(1686,1,'Amber ',189),(1687,2,'Davis',189),(1688,3,'First-time Freshman',189),(1689,4,'amberleighdavis05@gmail.com',189),(1690,5,'3344354211',189),(1691,6,'354 County Road 50\r\nAbbeville, Al 36310',189),(1692,7,'Fall',189),(1693,8,'2015.0',189),(1694,9,'Forensics',189),(1695,1,'Anaya',190),(1696,2,'Moody',190),(1697,3,'First-time Freshman',190),(1698,4,'anaya1209@hotmail.com',190),(1699,5,'7065185758',190),(1700,6,'1909 s 1st ave Lanett',190),(1701,7,'Fall',190),(1702,8,'2015.0',190),(1703,9,'Pre-Health',190),(1704,1,'Verlesia ',191),(1705,2,'Moore ',191),(1706,3,'Part-time Student',191),(1707,4,'Verlesia85@gmail.com',191),(1708,5,'',191),(1709,6,'',191),(1710,7,'Spring',191),(1711,8,'2015.0',191),(1712,9,'Nursing',191),(1713,1,'Maya',192),(1714,2,'Salter',192),(1715,3,'Transfer Student',192),(1716,4,'mfs7294@hotmail.com',192),(1717,5,'505-865-4012',192),(1718,6,'1121 Carrizo Street NW\r\nLos Lunas, NM 87031',192),(1719,7,'Spring',192),(1720,8,'2015.0',192),(1721,9,'Interdisciplinary Humanities, Writing and Theology.',192),(1722,1,'Maya',193),(1723,2,'Salter',193),(1724,3,'Transfer Student',193),(1725,4,'mfs7294@hotmail.com',193),(1726,5,'505-865-4012',193),(1727,6,'1121 Carrizo Street NW\r\nLos Lunas, NM 87031',193),(1728,7,'Spring',193),(1729,8,'2015.0',193),(1730,9,'Sociology and History',193),(1731,1,'Ashton',194),(1732,2,'Eymard',194),(1733,3,'First-time Freshman',194),(1734,4,'aeymard123@gmail.com',194),(1735,5,'2254007821',194),(1736,6,'',194),(1737,7,'Fall',194),(1738,8,'2015.0',194),(1739,9,'Pre-Health',194),(1740,1,'Ashton',195),(1741,2,'Eymard',195),(1742,3,'First-time Freshman',195),(1743,4,'aeymard123@gmail.com',195),(1744,5,'2254007821',195),(1745,6,'',195),(1746,7,'Fall',195),(1747,8,'2015.0',195),(1748,9,'Spanish',195),(1749,1,'Rachel ',196),(1750,2,'Snarski ',196),(1751,3,'Transfer Student',196),(1752,4,'snarskra@udmercy.edu',196),(1753,5,'5869071495',196),(1754,6,'11062 Brougham Dr Sterling Heights Mi 48312',196),(1755,7,'Fall',196),(1756,8,'2015.0',196),(1757,9,'Nursing',196),(1758,1,'Jessica',197),(1759,2,'Lofton',197),(1760,3,'Transfer Student',197),(1761,4,'loftonjessica@ymail.com',197),(1762,5,'2514562914',197),(1763,6,'317 North Price Ave',197),(1764,7,'Fall',197),(1765,8,'2015.0',197),(1766,9,'Digital Video Production',197),(1767,1,'Jessica',198),(1768,2,'Lofton',198),(1769,3,'Transfer Student',198),(1770,4,'loftonjessica@ymail.com',198),(1771,5,'2514562914',198),(1772,6,'317 North Price Ave',198),(1773,7,'Fall',198),(1774,8,'2015.0',198),(1775,9,'Writing',198),(1776,1,'Shannon',199),(1777,2,'Anderson',199),(1778,3,'First-time Freshman',199),(1779,4,'shannon.anderson5@comcast.net',199),(1780,5,'318-688-6005',199),(1781,6,'9801 Chase Island Drive, Shreveport, LA 71118',199),(1782,7,'Fall',199),(1783,8,'2017.0',199),(1784,9,'Organismal and Marine Biology',199),(1785,1,'Annabel',200),(1786,2,'Yates',200),(1787,3,'First-time Freshman',200),(1788,4,'annabelyates1@bellsouth.net',200),(1789,5,'6152643710',200),(1790,6,'178 Meadowlake Drive \r\nHendersonville, TN 37075',200),(1791,7,'Fall',200),(1792,8,'2015.0',200),(1793,9,'Political Science',200),(1794,1,'Krystal',201),(1795,2,'Jusino',201),(1796,3,'---',201),(1797,4,'krystal.jusino@gmail.com',201),(1798,5,'',201),(1799,6,'',201),(1800,7,'---',201),(1801,8,NULL,201),(1802,9,'Studio Art',201),(1803,1,'Madison',202),(1804,2,'Smith',202),(1805,3,'---',202),(1806,4,'mmsmith97@gmail.com',202),(1807,5,'5042522260',202),(1808,6,'1033 Minden Avenue \r\nKenner, La 70062',202),(1809,7,'---',202),(1810,8,NULL,202),(1811,9,'Nursing',202),(1812,1,'Meredith',203),(1813,2,'Custred',203),(1814,3,'---',203),(1815,4,'mercustred@gmail.com',203),(1816,5,'205-470-1834',203),(1817,6,'9365 Lock 17 Road, Adger AL 35006',203),(1818,7,'---',203),(1819,8,'0.0',203),(1820,9,'Forensics',203),(1821,1,'STEPHEN',204),(1822,2,'ALEXANDER',204),(1823,3,'First-time Freshman',204),(1824,4,'stephen.anthony.a@gmail.com',204),(1825,5,'2288069283',204),(1826,6,'',204),(1827,7,'Fall',204),(1828,8,'2015.0',204),(1829,9,'Pre-Engineering',204),(1830,1,'STEPHEN',205),(1831,2,'ALEXANDER',205),(1832,3,'First-time Freshman',205),(1833,4,'stephen.anthony.a@gmail.com',205),(1834,5,'2288069283',205),(1835,6,'10189 Lake Forest Dr.\r\nOcean Springs, MS  39565\r\n',205),(1836,7,'Fall',205),(1837,8,'2015.0',205),(1838,9,'Pre-Engineering',205),(1839,1,'Dominique',206),(1840,2,'Davis',206),(1841,3,'Transfer Student',206),(1842,4,'ddominique@ymail.com',206),(1843,5,'',206),(1844,6,'375 Cleverdon Pkwy. #302 Apt.332A',206),(1845,7,'Spring',206),(1846,8,'2015.0',206),(1847,9,'Nursing',206),(1848,1,'Shannon ',207),(1849,2,'O\'Malley ',207),(1850,3,'Transfer Student',207),(1851,4,'cupcake50407@gmail.com',207),(1852,5,'',207),(1853,6,'Lynn university \r\n3601 n military trail \r\nBoca raton fl,\r\n33431',207),(1854,7,'Spring',207),(1855,8,NULL,207),(1856,9,'Teacher Education',207),(1857,1,'Haileigh',208),(1858,2,'Johnston',208),(1859,3,'Transfer Student',208),(1860,4,'haileigh_cutie14@yahoo.com',208),(1861,5,'2516355773',208),(1862,6,'6017 John Johnston Red McIntosh,All 36553',208),(1863,7,'Fall',208),(1864,8,'2015.0',208),(1865,9,'Pre-Engineering',208),(1866,1,'floda',209),(1867,2,'mize',209),(1868,3,'Transfer Student',209),(1869,4,'flodamize@aol.com',209),(1870,5,'205-622-2356',209),(1871,6,'181 oklahoma dr. \r\nmobile al\r\n36608',209),(1872,7,'Summer',209),(1873,8,'2015.0',209),(1874,9,'Nursing',209),(1875,1,'Emma',210),(1876,2,'McDonald',210),(1877,3,'First-time Freshman',210),(1878,4,'emcdonald601@gmail.com',210),(1879,5,'',210),(1880,6,'',210),(1881,7,'Fall',210),(1882,8,'2015.0',210),(1883,9,'International Studies',210),(1884,1,'aida',211),(1885,2,'sultanovic',211),(1886,3,'Transfer Student',211),(1887,4,'aidaclark0815@gmail.com',211),(1888,5,'',211),(1889,6,'',211),(1890,7,'Spring',211),(1891,8,'2015.0',211),(1892,9,'Nursing',211),(1893,1,'aida',212),(1894,2,'sultanovic',212),(1895,3,'Transfer Student',212),(1896,4,'aidaclark0815@gmail.com',212),(1897,5,'',212),(1898,6,'',212),(1899,7,'Spring',212),(1900,8,'2015.0',212),(1901,9,'Nursing',212),(1902,1,'Malia',213),(1903,2,'Bryant',213),(1904,3,'---',213),(1905,4,'ducarmal@comcast.net',213),(1906,5,'',213),(1907,6,'795 Overland Ct.\r\nRoselle, IL 60172',213),(1908,7,'Fall',213),(1909,8,'2017.0',213),(1910,9,'Digital Video Production',213),(1911,1,'sheadrian',214),(1912,2,'houlsen',214),(1913,3,'Transfer Student',214),(1914,4,'bamagirl0102@ymail.com',214),(1915,5,'205-243-1585',214),(1916,6,'219 n fairport dr, mobile al 36610',214),(1917,7,'Fall',214),(1918,8,'2.0',214),(1919,9,'Nursing',214),(1920,1,'Alton',215),(1921,2,'Stoute',215),(1922,3,'First-time Freshman',215),(1923,4,'alstoute@sshcoteau.org',215),(1924,5,'3379426316',215),(1925,6,'Alton Stoute II\r\n402 Flossie Lane \r\nOpelousas, Louisiana 70570',215),(1926,7,'Fall',215),(1927,8,'2016.0',215),(1928,9,'Pre-Engineering',215),(1929,1,'Cullen',216),(1930,2,'Shows',216),(1931,3,'---',216),(1932,4,'cshows16@simpsonacademy.net',216),(1933,5,'601-382-6325',216),(1934,6,'251 Eugie Palmer Road',216),(1935,7,'Fall',216),(1936,8,'2016.0',216),(1937,9,'Pre-Health',216),(1938,1,'Jake',217),(1939,2,'Taylor',217),(1940,3,'Transfer Student',217),(1941,4,'Jasuke11@gmail.com',217),(1942,5,'510-758-2959',217),(1943,6,'5408 Martis Ct.\r\nEl Sobrante, CA 94803',217),(1944,7,'Fall',217),(1945,8,'2016.0',217),(1946,9,'Organismal and Marine Biology',217),(1947,1,'Shelby',218),(1948,2,'Smyth',218),(1949,3,'First-time Freshman',218),(1950,4,'shelbysmyth62@gmail.com',218),(1951,5,'6015696134',218),(1952,6,'39A Stegall Road',218),(1953,7,'Fall',218),(1954,8,'2015.0',218),(1955,9,'Public Relations Advertising',218),(1956,1,'Antonio',219),(1957,2,'Enis',219),(1958,3,'Transfer Student',219),(1959,4,'afenis20@gmail.com',219),(1960,5,'671-483-2456',219),(1961,6,'PO Box 290828\r\nYigo, GU 96929',219),(1962,7,'Fall',219),(1963,8,'2015.0',219),(1964,9,'Nursing',219),(1965,1,'Stephen',220),(1966,2,'Kirkland',220),(1967,3,'First-time Freshman',220),(1968,4,'revocide@gmail.com',220),(1969,5,'251-751-7885',220),(1970,6,'2305 old government street',220),(1971,7,'Spring',220),(1972,8,'2015.0',220),(1973,9,'Biochemistry',220),(1974,1,'Victoria',221),(1975,2,'Maia',221),(1976,3,'First-time Freshman',221),(1977,4,'vmaia@sshcoteau.org',221),(1978,5,'3375010953',221),(1979,6,'108 La Villa Circle',221),(1980,7,'Fall',221),(1981,8,'2015.0',221),(1982,9,'Pre-Engineering',221),(1983,1,'Brittney',222),(1984,2,'Eubanks',222),(1985,3,'First-time Freshman',222),(1986,4,'brittneydanielle97@gmail.com',222),(1987,5,'2512328550',222),(1988,6,'11771 conquistador dr. s.\r\nNone',222),(1989,7,'Fall',222),(1990,8,'2015.0',222),(1991,9,'Nursing',222),(1992,1,'Erin',223),(1993,2,'Kaufman',223),(1994,3,'First-time Freshman',223),(1995,4,'calesgirl.erin@gmail.com',223),(1996,5,'2175520404',223),(1997,6,'1204 W. Church St. Champaign, IL 61821',223),(1998,7,'Fall',223),(1999,8,'2015.0',223),(2000,9,'Theater',223),(2001,1,'Test',224),(2002,2,'test',224),(2003,3,'First-time Freshman',224),(2004,4,'test@shc.edu',224),(2005,5,'',224),(2006,6,'',224),(2007,7,'---',224),(2008,8,NULL,224),(2009,9,'Accounting',224),(2010,1,'Lacey',225),(2011,2,'Jernigan',225),(2012,3,'Transfer Student',225),(2013,4,'lacey.jernigan@yahoo.com',225),(2014,5,'5809199404',225),(2015,6,'1651 Knollwood Dr. \r\nApt 295\r\nMobile, Al 36609',225),(2016,7,'Fall',225),(2017,8,'2015.0',225),(2018,9,'Nursing',225),(2019,1,'Chelsea',226),(2020,2,'Valentine',226),(2021,3,'Transfer Student',226),(2022,4,'chelseavalentine90@yahoo.com',226),(2023,5,'',226),(2024,6,'21400 Williamsburg lane\r\nMoss point, ms 39562',226),(2025,7,'Fall',226),(2026,8,'2015.0',226),(2027,9,'Nursing',226),(2028,1,'Chloe',227),(2029,2,'Hicks',227),(2030,3,'First-time Freshman',227),(2031,4,'cth58@bellsouth.net',227),(2032,5,'8502613817',227),(2033,6,'3445 Wesleyan Ct\r\nPace Florida 32571',227),(2034,7,'Fall',227),(2035,8,'2015.0',227),(2036,9,'Nursing',227),(2037,1,'Haileigh',228),(2038,2,'Johnston',228),(2039,3,'Transfer Student',228),(2040,4,'haileigh_cutie14@yahoo.com',228),(2041,5,'',228),(2042,6,'6017 John Johnston Rd McIntosh, Al 36553',228),(2043,7,'---',228),(2044,8,NULL,228),(2045,9,'Pre-Engineering',228),(2046,1,'Thanh',229),(2047,2,'Dang',229),(2048,3,'First-time Freshman',229),(2049,4,'thanh.dang0811@gmail.com',229),(2050,5,'251-295-5279',229),(2051,6,'9023 krystal ridge ct. \r\nDaphne, AL 36526',229),(2052,7,'Fall',229),(2053,8,'2015.0',229),(2054,9,'Computer Information Systems, Philosophy',229),(2055,1,'Kasey',230),(2056,2,'Pujol',230),(2057,3,'First-time Freshman',230),(2058,4,'kaseypujol97@gmail.com',230),(2059,5,'2057647626',230),(2060,6,'31 Dorset Rd\r\nLong Valley, NJ 07853',230),(2061,7,'Fall',230),(2062,8,'2015.0',230),(2063,9,'Nursing',230),(2064,1,'Kasey',231),(2065,2,'Pujol',231),(2066,3,'First-time Freshman',231),(2067,4,'kaseypujol97@gmail.com',231),(2068,5,'2057647626',231),(2069,6,'31 Dorset Rd.\r\nLong Valley, NJ 07853',231),(2070,7,'Fall',231),(2071,8,'2015.0',231),(2072,9,'Psychology',231),(2073,1,'neil',232),(2074,2,'jackson',232),(2075,3,'Transfer Student',232),(2076,4,'neilmjack@gmail.com',232),(2077,5,'2514552761',232),(2078,6,'1329 doyle ave mobile,al.36605',232),(2079,7,'Spring',232),(2080,8,'2015.0',232),(2081,9,'Graphic Design',232),(2082,1,'neil',233),(2083,2,'jackson',233),(2084,3,'Transfer Student',233),(2085,4,'neilmjack@gmail.com',233),(2086,5,'2514552761',233),(2087,6,'1329 doyle ave.mobile,al,36605',233),(2088,7,'Spring',233),(2089,8,'2015.0',233),(2090,9,'Management Marketing',233),(2091,1,'Jesus',234),(2092,2,'Heyer',234),(2093,3,'International Student',234),(2094,4,'tecnologiaplastica@yahoo.com',234),(2095,5,'011-504-9995-7483',234),(2096,6,'Blvd Mckay, Residencial Marendon Hills, casa A2 \r\nSan Pedro Sula\r\nHonduras',234),(2097,7,'Fall',234),(2098,8,'2016.0',234),(2099,9,'Pre-Engineering',234),(2100,1,'Claire',235),(2101,2,'Dolan-Heitlinger',235),(2102,3,'Transfer Student',235),(2103,4,'claire@dolan-heitlinger.com',235),(2104,5,'3053945789',235),(2105,6,'21 Azalea Dr\r\nKey West, FL 33040',235),(2106,7,'Fall',235),(2107,8,'2015.0',235),(2108,9,'International Studies',235),(2109,1,'Robin',236),(2110,2,'Silvers',236),(2111,3,'Transfer Student',236),(2112,4,'robineakin@hotmail.com',236),(2113,5,'2564047313',236),(2114,6,'206 Brooks Rd',236),(2115,7,'Fall',236),(2116,8,'2015.0',236),(2117,9,'Nursing',236),(2118,1,'Jones',237),(2119,2,'Ray',237),(2120,3,'First-time Freshman',237),(2121,4,'juliajray@yahoo.com',237),(2122,5,'6622445540',237),(2123,6,'1808 pine knoll dr\r\nColumbus ms 39705',237),(2124,7,'Fall',237),(2125,8,'2018.0',237),(2126,9,'Digital Video Production',237),(2127,1,'caroline',238),(2128,2,'st. paul',238),(2129,3,'First-time Freshman',238),(2130,4,'stpaulc@yahoo.com',238),(2131,5,'228-547-0485',238),(2132,6,'125 forest st. \r\npass Christian, ms\r\n39571',238),(2133,7,'Fall',238),(2134,8,'2015.0',238),(2135,9,'Journalism',238),(2136,1,'Amber',239),(2137,2,'Taylor',239),(2138,3,'First-time Freshman',239),(2139,4,'djasontaylor@gmail.com',239),(2140,5,'2282194070',239),(2141,6,'3216 Joy Ln\r\nOcean Springs, MS 39564',239),(2142,7,'Fall',239),(2143,8,'1.0',239),(2144,9,'Graphic Design',239),(2145,1,'Tekela',240),(2146,2,'Foxx',240),(2147,3,'First-time Freshman',240),(2148,4,'tekelafoxx14@yahoo.com',240),(2149,5,'',240),(2150,6,'',240),(2151,7,'Spring',240),(2152,8,'2015.0',240),(2153,9,'Nursing',240),(2154,1,'Lucas',241),(2155,2,'Bryant',241),(2156,3,'First-time Freshman',241),(2157,4,'lucaskbryant@gmail.com',241),(2158,5,'2566302976',241),(2159,6,'1004 Mountain Drive NE \r\nFort Payne AL 35967',241),(2160,7,'Fall',241),(2161,8,'2015.0',241),(2162,9,'Pre-Health',241),(2163,1,'Geremy',242),(2164,2,'Henderson',242),(2165,3,'First-time Freshman',242),(2166,4,'mmhende32@att.net',242),(2167,5,'2054275382',242),(2168,6,'1291 mountain lane \r\nGardendale alabama 35071',242),(2169,7,'Fall',242),(2170,8,'2015.0',242),(2171,9,'Nursing',242),(2172,1,'Christie',243),(2173,2,'Rosanbalm',243),(2174,3,'Transfer Student',243),(2175,4,'christi3davis@gmail.com',243),(2176,5,'',243),(2177,6,'2264 snow rd. n.\r\nsemmes, al 36575',243),(2178,7,'Fall',243),(2179,8,'2015.0',243),(2180,9,'Teacher Education',243),(2181,1,'Hannah',244),(2182,2,'Ulrich',244),(2183,3,'First-time Freshman',244),(2184,4,'hannah19@cableone.net',244),(2185,5,'',244),(2186,6,'1612 7th Ave NE\r\nJacksonville AL. 36265',244),(2187,7,'---',244),(2188,8,'2016.0',244),(2189,9,'Pre-Health',244),(2190,1,'Lydia',245),(2191,2,'Burden',245),(2192,3,'---',245),(2193,4,'msljb@Outlook.com',245),(2194,5,'',245),(2195,6,'',245),(2196,7,'---',245),(2197,8,NULL,245),(2198,9,'Nursing',245),(2199,1,'Samantha',246),(2200,2,'Kinchen',246),(2201,3,'First-time Freshman',246),(2202,4,'samanthakinchen@gmail.com',246),(2203,5,'',246),(2204,6,'51405 narretto rd \r\nLoranger, Louisiana 70446',246),(2205,7,'Fall',246),(2206,8,'2017.0',246),(2207,9,'Social Science',246),(2208,1,'Jessica',247),(2209,2,'Richmeyer',247),(2210,3,'---',247),(2211,4,'jessica.l.richmeyer@email.shc.edu',247),(2212,5,'',247),(2213,6,'',247),(2214,7,'---',247),(2215,8,NULL,247),(2216,9,'Psychology',247),(2217,1,'Amber',248),(2218,2,'Woolford',248),(2219,3,'First-time Freshman',248),(2220,4,'woolford.amber42@gmail.com',248),(2221,5,'9062910920',248),(2222,6,'',248),(2223,7,'Spring',248),(2224,8,'2015.0',248),(2225,9,'Organismal and Marine Biology',248),(2226,1,'Jazmyne',249),(2227,2,'Woods',249),(2228,3,'Transfer Student',249),(2229,4,'jazmynewoods93@gmail.com',249),(2230,5,'2515541404',249),(2231,6,'402 A Earle Street  Mobile Al 36606',249),(2232,7,'Fall',249),(2233,8,'2015.0',249),(2234,9,'Journalism',249),(2235,1,'Desire',250),(2236,2,'Phillips',250),(2237,3,'Transfer Student',250),(2238,4,'desire5phillips@gmail.com',250),(2239,5,'',250),(2240,6,'2600 Pollard Ln\r\nMobile, AL 36606',250),(2241,7,'Fall',250),(2242,8,'2015.0',250),(2243,9,'Public Relations Advertising',250),(2244,1,'angel',251),(2245,2,'peavy',251),(2246,3,'First-time Freshman',251),(2247,4,'c_peavy@bellsouth.net',251),(2248,5,'',251),(2249,6,'2250 six Branches  Dr\r\nRoswell, GA.30076',251),(2250,7,'Fall',251),(2251,8,'2016.0',251),(2252,9,'Studio Art',251),(2253,1,'Zach',252),(2254,2,'Hicks',252),(2255,3,'First-time Freshman',252),(2256,4,'zachahicks@gmail.com',252),(2257,5,'(205)394-8552',252),(2258,6,'10830 Vance Blocton Road',252),(2259,7,'Fall',252),(2260,8,'2015.0',252),(2261,9,'Public Relations Advertising',252),(2262,1,'Maura',253),(2263,2,'Buchheit',253),(2264,3,'First-time Freshman',253),(2265,4,'15buchhm@corjesu.org',253),(2266,5,'6183655552',253),(2267,6,'132 Quail Run\r\nWaterloo, IL 62298',253),(2268,7,'Fall',253),(2269,8,'2015.0',253),(2270,9,'Nursing',253),(2271,1,'Kimberly ',254),(2272,2,'Johnson',254),(2273,3,'Transfer Student',254),(2274,4,'kjohnson71165@yahoo.com',254),(2275,5,'251-604-6791',254),(2276,6,'150 Oakvale Place \r\nApt 18 I\r\nMobile, AL 36608',254),(2277,7,'Fall',254),(2278,8,'2015.0',254),(2279,9,'Nursing',254),(2280,1,'Mikayla',255),(2281,2,'Cauley',255),(2282,3,'---',255),(2283,4,'mikaylaaa_22@yahoo.com',255),(2284,5,'',255),(2285,6,'9903 Jim Ramsay Loop\r\nVancleave, MS 39565',255),(2286,7,'---',255),(2287,8,NULL,255),(2288,9,'Nursing',255),(2289,1,'Jordan',256),(2290,2,'Chapman',256),(2291,3,'Transfer Student',256),(2292,4,'jchapman@gulftel.com',256),(2293,5,'2512233300',256),(2294,6,'1312 Thames Dr.\r\nFoley, AL 36535',256),(2295,7,'Fall',256),(2296,8,'2015.0',256),(2297,9,'Accounting',256),(2298,1,'Lindsey',257),(2299,2,'Cain',257),(2300,3,'First-time Freshman',257),(2301,4,'lindseydcain@yahoo.com',257),(2302,5,'205-412-9109',257),(2303,6,'656 State Highway 44',257),(2304,7,'Fall',257),(2305,8,'2015.0',257),(2306,9,'Digital Video Production',257),(2307,1,'Juan Xavier',258),(2308,2,'Reinoso',258),(2309,3,'International Student',258),(2310,4,'juan.xavier.r@gmail.com',258),(2311,5,'42853369',258),(2312,6,'Santa Cecilia Av Circunvalacion 712\r\nGuayaquil, EC, 090150',258),(2313,7,'Fall',258),(2314,8,'2015.0',258),(2315,9,'Financial Economics',258),(2316,1,'Desire',259),(2317,2,'Phillips',259),(2318,3,'Transfer Student',259),(2319,4,'desire5phillips@gmail.com',259),(2320,5,'',259),(2321,6,'2600 Pollard Ln\r\nMobile, AL 36606',259),(2322,7,'Fall',259),(2323,8,'2015.0',259),(2324,9,'Public Relations Advertising',259),(2325,1,'Kailee',260),(2326,2,'Cole',260),(2327,3,'First-time Freshman',260),(2328,4,'kailee.cole@gmail.com',260),(2329,5,'602-694-7011',260),(2330,6,'2404 N Dog River Dr\r\nMobile AL 36605',260),(2331,7,'Summer',260),(2332,8,'2015.0',260),(2333,9,'English',260),(2334,1,'De\'Ondra',261),(2335,2,'Robinson',261),(2336,3,'First-time Freshman',261),(2337,4,'deondra.robinson3@gmail.com',261),(2338,5,'3347501328',261),(2339,6,'603 Washington St. \r\nTuskegee, AL  36088',261),(2340,7,'Fall',261),(2341,8,'2015.0',261),(2342,9,'Management Marketing',261),(2343,1,'Yolanda',262),(2344,2,'Jackson',262),(2345,3,'Transfer Student',262),(2346,4,'yoyo_j@yahoo.com',262),(2347,5,'',262),(2348,6,'',262),(2349,7,'Fall',262),(2350,8,NULL,262),(2351,9,'Nursing',262),(2352,1,'Akeria',263),(2353,2,'Character',263),(2354,3,'First-time Freshman',263),(2355,4,'akeriacharacter10@gmail.com',263),(2356,5,'',263),(2357,6,'2564 Hampstead Drive\r\nBirmingham AL 35235',263),(2358,7,'Fall',263),(2359,8,'2015.0',263),(2360,9,'Teacher Education',263),(2361,1,'Latricia ',264),(2362,2,'Terry',264),(2363,3,'First-time Freshman',264),(2364,4,'terrylatricia@yahoo.com',264),(2365,5,'7692334278',264),(2366,6,'247 Eastview St',264),(2367,7,'Spring',264),(2368,8,'2015.0',264),(2369,9,'Computer Information Systems',264),(2370,1,'Lyda',265),(2371,2,'McRoberts',265),(2372,3,'First-time Freshman',265),(2373,4,'lydamcr@gmail.com',265),(2374,5,'248-563-6725',265),(2375,6,'746 Puritan Ave.\r\nBirmingham, MI  48009',265),(2376,7,'Fall',265),(2377,8,'-16.0',265),(2378,9,'Nursing',265),(2379,1,'Shannon',266),(2380,2,'Anderson',266),(2381,3,'First-time Freshman',266),(2382,4,'sanderson17@loyolaprep.org',266),(2383,5,'3186886005',266),(2384,6,'9801 Chase Island Dr\r\nShreveport, LA 71118',266),(2385,7,'Fall',266),(2386,8,'2017.0',266),(2387,9,'Organismal and Marine Biology',266),(2388,1,'Demetrius ',267),(2389,2,'Trenier',267),(2390,3,'First-time Freshman',267),(2391,4,'juliantrenier@bellsouth.net',267),(2392,5,'251-431-7299',267),(2393,6,'611 South Washington Avenue\r\nMobile, Alabama 36603',267),(2394,7,'---',267),(2395,8,'2016.0',267),(2396,9,'Pre-Health',267),(2397,1,'Griffin',268),(2398,2,'Shelor',268),(2399,3,'Transfer Student',268),(2400,4,'gshelor1776@gmail.com',268),(2401,5,'',268),(2402,6,'',268),(2403,7,'Fall',268),(2404,8,'2015.0',268),(2405,9,'Organismal and Marine Biology',268),(2406,1,'Kasandra',269),(2407,2,'Burnett',269),(2408,3,'Transfer Student',269),(2409,4,'burnkasa70@yahoo.com',269),(2410,5,'',269),(2411,6,'1488 Flamingo Drive\r\nMobile, Alabama 36605',269),(2412,7,'Spring',269),(2413,8,'2016.0',269),(2414,9,'Nursing',269),(2415,1,'John',270),(2416,2,'Woodhouse',270),(2417,3,'First-time Freshman',270),(2418,4,'john.woodhouse@kinkaid.org',270),(2419,5,'',270),(2420,6,'Dear Sir or Madam--\r\nI am very interested in learning more about the course offerings in computer science, but could not access the course catalog online.  I have been accepted to the class of \'2019, and would like to know more about the course offerings in my primary area of interest.  Could you please send me the list of computer science courses? Thank you very much for your assistance.  \r\nSincerely, John Woodhouse',270),(2421,7,'Fall',270),(2422,8,'2015.0',270),(2423,9,'Computer Information Systems',270),(2424,1,'Arissa',271),(2425,2,'Ramirez',271),(2426,3,'---',271),(2427,4,'arissar4@gmail.com',271),(2428,5,'2516452089',271),(2429,6,'13085 Tanner Williams Rd. Mobile, AL',271),(2430,7,'Fall',271),(2431,8,'2015.0',271),(2432,9,'Sociology',271),(2433,1,'Lucas',272),(2434,2,'Bryant',272),(2435,3,'First-time Freshman',272),(2436,4,'lucaskbryant@gmail.com',272),(2437,5,'2566302976',272),(2438,6,'1004 Mountain Drive NE\r\nFort Payne, AL 35967',272),(2439,7,'Fall',272),(2440,8,'2015.0',272),(2441,9,'Pre-Health',272),(2442,1,'Sarah',273),(2443,2,'Bradley',273),(2444,3,'Transfer Student',273),(2445,4,'sbradley1354@gmail.com',273),(2446,5,'9047297230',273),(2447,6,'344 North Roscoe Blvd',273),(2448,7,'Fall',273),(2449,8,'2017.0',273),(2450,9,'Forensics',273),(2451,1,'Raymond',274),(2452,2,'Broughton',274),(2453,3,'Part-time Student',274),(2454,4,'raymon_scott58@yahoo.com',274),(2455,5,'2518950907',274),(2456,6,'3650 silver maple rd\r\nappt 60 H',274),(2457,7,'Fall',274),(2458,8,'2.0',274),(2459,9,'Computer Information Systems',274),(2460,1,'Brooklynd',275),(2461,2,'Smith',275),(2462,3,'First-time Freshman',275),(2463,4,'smithnrthprt@aol.com',275),(2464,5,'2055349562',275),(2465,6,'17650 north Hagler rd Northport alabama35475',275),(2466,7,'Fall',275),(2467,8,'2015.0',275),(2468,9,'Nursing',275),(2469,1,'Katelynn',276),(2470,2,'Hare',276),(2471,3,'First-time Freshman',276),(2472,4,'hare.katie@gmail.com',276),(2473,5,'',276),(2474,6,'',276),(2475,7,'Fall',276),(2476,8,'2015.0',276),(2477,9,'Organismal and Marine Biology',276),(2478,1,'Jessika',277),(2479,2,'Toomey',277),(2480,3,'First-time Freshman',277),(2481,4,'jestoomey@gmail.com',277),(2482,5,'251-458-9286',277),(2483,6,'1601 Knollwood Drive \r\napt 160 \r\nMobile, AL. 36609',277),(2484,7,'Fall',277),(2485,8,'2016.0',277),(2486,9,'Digital Video Production',277),(2487,1,'Jessika',278),(2488,2,'Toomey',278),(2489,3,'First-time Freshman',278),(2490,4,'jestoomey@gmail.com',278),(2491,5,'2514589286',278),(2492,6,'1601 Knollwood Dr\r\napt 160\r\nMobile, AL 36609',278),(2493,7,'Fall',278),(2494,8,'2016.0',278),(2495,9,'Graphic Design',278),(2496,1,'Jessika',279),(2497,2,'Toomey',279),(2498,3,'First-time Freshman',279),(2499,4,'jestoomey@gmail.com',279),(2500,5,'2514589286',279),(2501,6,'1601 Knollwood Dr\r\napt 160\r\nMobile, AL 36609',279),(2502,7,'Fall',279),(2503,8,'2016.0',279),(2504,9,'Art Business',279),(2505,1,'karagan',280),(2506,2,'Bryant',280),(2507,3,'First-time Freshman',280),(2508,4,'karagan24@gmail.com',280),(2509,5,'229-325-5541',280),(2510,6,'410 B Rhine Rd',280),(2511,7,'Fall',280),(2512,8,'2016.0',280),(2513,9,'Pre-Health',280),(2514,1,'Kassie',281),(2515,2,'Smith',281),(2516,3,'Transfer Student',281),(2517,4,'kassies@rocketmail.com',281),(2518,5,'',281),(2519,6,'308 Morgan Ave, Mobile AL  36606',281),(2520,7,'Summer',281),(2521,8,'2015.0',281),(2522,9,'Organismal and Marine Biology',281),(2523,1,'Kassie',282),(2524,2,'Smith',282),(2525,3,'Transfer Student',282),(2526,4,'kassies@rocketmail.com',282),(2527,5,'',282),(2528,6,'308 Morgan Ave, Mobile, AL  36606',282),(2529,7,'Summer',282),(2530,8,'2015.0',282),(2531,9,'Cellular and Molecular Biology',282),(2532,1,'Priscilla',283),(2533,2,'Sprinkle',283),(2534,3,'First-time Freshman',283),(2535,4,'Sweettooth.pds@gmail.com',283),(2536,5,'251-802-2644',283),(2537,6,'7560 Janus Rd\r\nWilmer, AL, 36587',283),(2538,7,'Fall',283),(2539,8,'2015.0',283),(2540,9,'Pure Math',283),(2541,1,'Megan',284),(2542,2,'Landry',284),(2543,3,'First-time Freshman',284),(2544,4,'meganlandry96@gmail.com',284),(2545,5,'985-513-2731',284),(2546,6,'3837 Hwy 70 South \r\nPierre Part. LA 70339',284),(2547,7,'Fall',284),(2548,8,'2015.0',284),(2549,9,'Pre-Law',284),(2550,1,'Brandy',285),(2551,2,'Mason',285),(2552,3,'First-time Freshman',285),(2553,4,'pinkie39452@gmail.com',285),(2554,5,'2516481335',285),(2555,6,'6340 Theodore Dawes Rd Lot 2',285),(2556,7,'Summer',285),(2557,8,NULL,285),(2558,9,'Nursing',285),(2559,1,'Ashton',286),(2560,2,'Weatherly',286),(2561,3,'First-time Freshman',286),(2562,4,'tamiweatherly@yahoo.com',286),(2563,5,'2056572885',286),(2564,6,'957 flatwoods road\r\nGordo, al 35466',286),(2565,7,'Fall',286),(2566,8,'2018.0',286),(2567,9,'Pre-Health',286),(2568,1,'Ashton',287),(2569,2,'Weatherly',287),(2570,3,'First-time Freshman',287),(2571,4,'tamiweatherly@yahoo.com',287),(2572,5,'2056572885',287),(2573,6,'957 flatwoods road\r\nGordo, al 35466',287),(2574,7,'Fall',287),(2575,8,'2017.0',287),(2576,9,'Pre-Health',287),(2577,1,'Hannah',288),(2578,2,'Dunsford',288),(2579,3,'---',288),(2580,4,'hannahdunsford@Yahoo.com',288),(2581,5,'',288),(2582,6,'37790 Oakey Streak Rd\r\nRed Level, Alabama 36474',288),(2583,7,'---',288),(2584,8,NULL,288),(2585,9,'Accounting',288),(2586,1,'Hannah',289),(2587,2,'Dunsford',289),(2588,3,'---',289),(2589,4,'hannahdunsford@Yahoo.com',289),(2590,5,'3345423614',289),(2591,6,'37790 Oakey Streak Rd.\r\nRed Level, Al 36474',289),(2592,7,'---',289),(2593,8,NULL,289),(2594,9,'Organismal and Marine Biology',289),(2595,1,'Hannah',290),(2596,2,'Dunsford',290),(2597,3,'---',290),(2598,4,'hannahdunsford@Yahoo.com',290),(2599,5,'3345423614',290),(2600,6,'37790 Oakey Streak Rd.\r\nRed Level, Al 36474',290),(2601,7,'---',290),(2602,8,NULL,290),(2603,9,'Criminology',290),(2604,1,'Hannah',291),(2605,2,'Dunsford',291),(2606,3,'---',291),(2607,4,'hannahdunsford@Yahoo.com',291),(2608,5,'3345423614',291),(2609,6,'37790 Oakey Streak Rd.\r\nRed Level, Al 36474',291),(2610,7,'---',291),(2611,8,NULL,291),(2612,9,'Psychology',291),(2613,1,'Kendrick',292),(2614,2,'Johnson',292),(2615,3,'First-time Freshman',292),(2616,4,'dvinedesignmedia@gmail.com',292),(2617,5,'',292),(2618,6,'1330 Wenlon Drive Apt G107',292),(2619,7,'Fall',292),(2620,8,'2016.0',292),(2621,9,'Theater',292),(2622,1,'Madison',293),(2623,2,'Bradley',293),(2624,3,'---',293),(2625,4,'madison.kaye99@yahoo.com',293),(2626,5,'',293),(2627,6,'',293),(2628,7,'---',293),(2629,8,NULL,293),(2630,9,'Psychology',293),(2631,1,'darrien',294),(2632,2,'hawkins',294),(2633,3,'Transfer Student',294),(2634,4,'darrienhawkins4@gmail.com',294),(2635,5,'2517535266',294),(2636,6,'2257 harry ct mobile al 36617',294),(2637,7,'Fall',294),(2638,8,'2015.0',294),(2639,9,'Cellular and Molecular Biology',294),(2640,1,'darrien',295),(2641,2,'hawkins',295),(2642,3,'Transfer Student',295),(2643,4,'darrienhawkins4@gmail.com',295),(2644,5,'2517535266',295),(2645,6,'2257 harry ct mobile al 36617',295),(2646,7,'Fall',295),(2647,8,'2015.0',295),(2648,9,'Sociology',295),(2649,1,'Olivia',296),(2650,2,'Allen',296),(2651,3,'Transfer Student',296),(2652,4,'soulloveallen@aol.com',296),(2653,5,'',296),(2654,6,'38255 Holly Hills Dr. Bay Minette Alabama',296),(2655,7,'Fall',296),(2656,8,'2017.0',296),(2657,9,'Teacher Education',296),(2658,1,'Lynn',297),(2659,2,'Roseburrough',297),(2660,3,'First-time Freshman',297),(2661,4,'lynnroseburrough@sbcglobal.net',297),(2662,5,'816-797-7928',297),(2663,6,'',297),(2664,7,'Fall',297),(2665,8,'2016.0',297),(2666,9,'Organismal and Marine Biology',297),(2667,1,'Liam',298),(2668,2,'Heywood',298),(2669,3,'First-time Freshman',298),(2670,4,'liamheywood@sky.com',298),(2671,5,'',298),(2672,6,'54 The Cornfields, Hebburn, NE31 1YH',298),(2673,7,'Fall',298),(2674,8,'2015.0',298),(2675,9,'Computer Analysis',298),(2676,1,'Keegan',299),(2677,2,'Rankin',299),(2678,3,'First-time Freshman',299),(2679,4,'shauner_cici@juno.com',299),(2680,5,'3304676217',299),(2681,6,'7388 Foghorn Lane\r\nNorthfield Center Ohio 44067',299),(2682,7,'Fall',299),(2683,8,'2017.0',299),(2684,9,'Organismal and Marine Biology',299),(2685,1,'Caitlyn',300),(2686,2,'Swartz',300),(2687,3,'---',300),(2688,4,'caitninja@yahoo.com',300),(2689,5,'',300),(2690,6,'',300),(2691,7,'---',300),(2692,8,NULL,300),(2693,9,'Pre-Health',300),(2694,1,'chanda',301),(2695,2,'INGRAM',301),(2696,3,'Transfer Student',301),(2697,4,'CHANDAINGRAM@ROCKETMAIL.COM',301),(2698,5,'',301),(2699,6,'',301),(2700,7,'Fall',301),(2701,8,'2015.0',301),(2702,9,'Pre-Health',301),(2703,1,'Heaven',302),(2704,2,'McCallum',302),(2705,3,'First-time Freshman',302),(2706,4,'heavenmccallum@outlook.com',302),(2707,5,'3187510336',302),(2708,6,'203 winged foot drive',302),(2709,7,'Fall',302),(2710,8,'2018.0',302),(2711,9,'Forensics',302),(2712,1,'olivia ',303),(2713,2,'johnston',303),(2714,3,'---',303),(2715,4,'carolyn.johnston@mps.k12.al.us',303),(2716,5,'',303),(2717,6,'',303),(2718,7,'---',303),(2719,8,NULL,303),(2720,9,'Theater',303),(2721,1,'Olivia ',304),(2722,2,'Johnston',304),(2723,3,'---',304),(2724,4,'carolyn.johnston@mps.k12.al.us',304),(2725,5,'',304),(2726,6,'',304),(2727,7,'---',304),(2728,8,NULL,304),(2729,9,'Digital Video Production',304),(2730,1,'Niarra',305),(2731,2,'Craig',305),(2732,3,'First-time Freshman',305),(2733,4,'niarracraig@gmail.com',305),(2734,5,'2513037805',305),(2735,6,'6725 Zeigler Blvd.  APT 87 Mobile Al 36608 ',305),(2736,7,'Spring',305),(2737,8,'2015.0',305),(2738,9,'Nursing',305),(2739,1,'Tori',306),(2740,2,'Williford',306),(2741,3,'First-time Freshman',306),(2742,4,'1998co2016@gmail.com',306),(2743,5,'6016065626',306),(2744,6,'2797 Purvis Oloh Road Sumrall, Ms',306),(2745,7,'Fall',306),(2746,8,'2016.0',306),(2747,9,'Teacher Education',306),(2748,1,'Rylee',307),(2749,2,'Tucker',307),(2750,3,'First-time Freshman',307),(2751,4,'rktucker22@gmail.com',307),(2752,5,'2812404810',307),(2753,6,'902 Bayhill Dr.',307),(2754,7,'Fall',307),(2755,8,'2016.0',307),(2756,9,'Graphic Design',307),(2757,1,'Callie',308),(2758,2,'Meyer',308),(2759,3,'Transfer Student',308),(2760,4,'calliemeyer95@gmail.com',308),(2761,5,'',308),(2762,6,'Lake Michigan College\r\nAttn 120B\r\n2755 Napier Ave\r\nBenton Harbor, MI 49022',308),(2763,7,'Fall',308),(2764,8,'2015.0',308),(2765,9,'Pre-Health',308),(2766,1,'Hannah',309),(2767,2,'Goodwin',309),(2768,3,'---',309),(2769,4,'jg113066@gmail.com',309),(2770,5,'',309),(2771,6,'7641 Azalea Circle\r\nTrussville, Al 35173',309),(2772,7,'---',309),(2773,8,'2017.0',309),(2774,9,'Nursing',309),(2775,1,'Hannah',310),(2776,2,'Goodwin',310),(2777,3,'---',310),(2778,4,'jg113066@gmail.com',310),(2779,5,'',310),(2780,6,'7641 Azalea Circle\r\nTrussville, Al 35173',310),(2781,7,'Fall',310),(2782,8,'2017.0',310),(2783,9,'Pre-Health',310),(2784,1,'Gabriell',311),(2785,2,'Anderson',311),(2786,3,'First-time Freshman',311),(2787,4,'gbrielleanderson@gmail.com',311),(2788,5,'2059376568',311),(2789,6,'2859 Regal Circle APT G Hoover, AL 35216',311),(2790,7,'Fall',311),(2791,8,'2017.0',311),(2792,9,'Psychology',311),(2793,1,'Kiara',312),(2794,2,'Thompson',312),(2795,3,'First-time Freshman',312),(2796,4,'kiaramt4@yahoo.com',312),(2797,5,'2056124488',312),(2798,6,'6593 Davison Road Pinson, AL 35126',312),(2799,7,'Spring',312),(2800,8,'2016.0',312),(2801,9,'Nursing',312),(2802,1,'Tiffany ',313),(2803,2,'Fairchild',313),(2804,3,'First-time Freshman',313),(2805,4,'tfairchild@adelphia.net',313),(2806,5,'419-658-8880',313),(2807,6,'6149 Glenburg Rd\r\nDefiance, Ohio  43512',313),(2808,7,'Fall',313),(2809,8,'2015.0',313),(2810,9,'Pre-Health',313),(2811,1,'Ciaran',314),(2812,2,'O\'Brien',314),(2813,3,'First-time Freshman',314),(2814,4,'celticsurfers@gmail.com',314),(2815,5,'',314),(2816,6,'7 October Walk\r\nLong Beach, NY 11561',314),(2817,7,'Fall',314),(2818,8,'2016.0',314),(2819,9,'Nursing',314),(2820,1,'Reyna',315),(2821,2,'Acosta',315),(2822,3,'First-time Freshman',315),(2823,4,'reynababyy.ra@gmail.com',315),(2824,5,'205-863-7422',315),(2825,6,'207 Jefferson Ave West',315),(2826,7,'Summer',315),(2827,8,'2017.0',315),(2828,9,'Pre-Law',315),(2829,1,'Jarvis',316),(2830,2,'Williams',316),(2831,3,'First-time Freshman',316),(2832,4,'e_spencer_williams@yahoo.com',316),(2833,5,'2518029723',316),(2834,6,'3980 Illinois Street\r\nSemmes, AL  36575',316),(2835,7,'Fall',316),(2836,8,'2015.0',316),(2837,9,'History',316),(2838,1,'Catherine',317),(2839,2,'Harris',317),(2840,3,'---',317),(2841,4,'cthcheergirl@yahoo.com',317),(2842,5,'251-643-3227',317),(2843,6,'Catherine C. Harris\r\n5500 Pointer Rd\r\nTheodore, AL 36592',317),(2844,7,'Summer',317),(2845,8,'2018.0',317),(2846,9,'Psychology',317),(2847,1,'marisa',318),(2848,2,'miranda',318),(2849,3,'Part-time Student',318),(2850,4,'marisamiranda96@yahoo.com',318),(2851,5,'',318),(2852,6,'8042skysailavenue',318),(2853,7,'Fall',318),(2854,8,'2016.0',318),(2855,9,'Theater',318),(2856,1,'Michaela',319),(2857,2,'Sanders',319),(2858,3,'---',319),(2859,4,'msanders1998@gmail.com',319),(2860,5,'',319),(2861,6,'2065 Eddie Jackson Rd \r\nBrewton, Alabama 36426-3967\r\n ',319),(2862,7,'---',319),(2863,8,NULL,319),(2864,9,'Organismal and Marine Biology',319),(2865,1,'Kylie',320),(2866,2,'Lee',320),(2867,3,'First-time Freshman',320),(2868,4,'carolyn.k.lee@hotmail.com',320),(2869,5,'205-552-3693',320),(2870,6,'2285 Spring Street\r\nGardendale, AL 35071',320),(2871,7,'Fall',320),(2872,8,'2016.0',320),(2873,9,'Graphic Design',320),(2874,1,'Sofia',321),(2875,2,'Guerra',321),(2876,3,'First-time Freshman',321),(2877,4,'sofiguesg@icloud.com',321),(2878,5,'832-462-4355',321),(2879,6,'21222 Twisted Willow Ln\r\nKaty, TX',321),(2880,7,'Fall',321),(2881,8,'2015.0',321),(2882,9,'Graphic Design / Animation',321),(2883,1,'DeMoenesha',322),(2884,2,'Collier',322),(2885,3,'First-time Freshman',322),(2886,4,'dcollierbt7@gmail.com',322),(2887,5,'2057021593',322),(2888,6,'1500,Chattanooga St Nw',322),(2889,7,'Spring',322),(2890,8,'2015.0',322),(2891,9,'Digital Video Production',322),(2892,1,'Cierra',323),(2893,2,'Ferrell',323),(2894,3,'First-time Freshman',323),(2895,4,'cierramadre1997@gmail.com',323),(2896,5,'4096569729',323),(2897,6,'2908 Montebello Dr\r\nDenton, TX 76210',323),(2898,7,'Fall',323),(2899,8,'2015.0',323),(2900,9,'Nursing',323),(2901,1,'Katelyn',324),(2902,2,'Robinson',324),(2903,3,'---',324),(2904,4,'katiebrook20171998@gmail.com',324),(2905,5,'423-463-1404',324),(2906,6,'722 County Road 89\r\nBryant, Alabama 35958',324),(2907,7,'---',324),(2908,8,NULL,324),(2909,9,'Nursing',324),(2910,1,'Matthew',325),(2911,2,'Mimlitz',325),(2912,3,'First-time Freshman',325),(2913,4,'mmimlitz@ccp-stl.org',325),(2914,5,'3149653251',325),(2915,6,'1878 Point Oak Rd, St. Louis, Missouri, 63131',325),(2916,7,'Fall',325),(2917,8,'2015.0',325),(2918,9,'Accounting, Finance, Financial Economics',325),(2919,1,'Brennah',326),(2920,2,'Wood',326),(2921,3,'---',326),(2922,4,'anymalrock999@gmail.com',326),(2923,5,'205-223-5754',326),(2924,6,'2641 Buttewoods Drive\r\nBirmingham, AL 35242',326),(2925,7,'Spring',326),(2926,8,'2016.0',326),(2927,9,'Graphic Design',326),(2928,1,'Abigail',327),(2929,2,'Mason',327),(2930,3,'First-time Freshman',327),(2931,4,'abbymason99@gmail.com',327),(2932,5,'334-446-8971',327),(2933,6,'404 Oliver Dr.\r\nDothan, AL 36301',327),(2934,7,'---',327),(2935,8,NULL,327),(2936,9,'Criminology, Psychology ',327),(2937,1,'Connor',328),(2938,2,'Large',328),(2939,3,'---',328),(2940,4,'rocketno.47@gmail.com',328),(2941,5,'3345436244',328),(2942,6,'8743 twelve oaks lane montgomery alabama 36116',328),(2943,7,'---',328),(2944,8,'2017.0',328),(2945,9,'Psychology',328),(2946,1,'Jordan',329),(2947,2,'Chapman',329),(2948,3,'Transfer Student',329),(2949,4,'jchapman@gulftel.com',329),(2950,5,'',329),(2951,6,'1312 Thames Dr.\r\nFoley, AL 36535',329),(2952,7,'Fall',329),(2953,8,'2015.0',329),(2954,9,'Nursing',329),(2955,1,'Vanessa',330),(2956,2,'Williams',330),(2957,3,'Transfer Student',330),(2958,4,'vanessawilliamso9@yahoo.com',330),(2959,5,'251-591-2066',330),(2960,6,'13260 Oak Forge Drive \r\nMobile AL,36608',330),(2961,7,'Summer',330),(2962,8,'2015.0',330),(2963,9,'Computer Information Systems',330),(2964,1,'Taylor',331),(2965,2,'Bourliea',331),(2966,3,'First-time Freshman',331),(2967,4,'taylor_bourliea@yahoo.com',331),(2968,5,'',331),(2969,6,'220 Countryview Dr. Youngsville, LA 70592',331),(2970,7,'Fall',331),(2971,8,'2015.0',331),(2972,9,'Teacher Education',331),(2973,1,'Abigail',332),(2974,2,'Mons',332),(2975,3,'First-time Freshman',332),(2976,4,'abigail.mons.1998@gmail.com',332),(2977,5,'251-228-2783',332),(2978,6,'17830 Baldwin Farms Place apt. #611 Robertsdale, Alabama 36567',332),(2979,7,'Fall',332),(2980,8,'2016.0',332),(2981,9,'Psychology',332),(2982,1,'Andria',333),(2983,2,'Johnson',333),(2984,3,'---',333),(2985,4,'andijones2016@gmail.com',333),(2986,5,'',333),(2987,6,'',333),(2988,7,'---',333),(2989,8,NULL,333),(2990,9,'Writing',333),(2991,1,'Andria',334),(2992,2,'Johnson',334),(2993,3,'---',334),(2994,4,'andijones2016@gmail.com',334),(2995,5,'',334),(2996,6,'',334),(2997,7,'---',334),(2998,8,NULL,334),(2999,9,'Teacher Education',334),(3000,1,'Andria',335),(3001,2,'Johnson',335),(3002,3,'---',335),(3003,4,'andriadjohnson@yahoo.com',335),(3004,5,'',335),(3005,6,'',335),(3006,7,'---',335),(3007,8,NULL,335),(3008,9,'Teacher Education',335),(3009,1,'Andria',336),(3010,2,'Johnson',336),(3011,3,'---',336),(3012,4,'andriadjohnson@yahoo.com',336),(3013,5,'',336),(3014,6,'',336),(3015,7,'---',336),(3016,8,NULL,336),(3017,9,'Writing',336),(3018,1,'Oluwaseun',337),(3019,2,'Yoade',337),(3020,3,'International Student',337),(3021,4,'seun.yoade@yahoo.com',337),(3022,5,'201100424971',337),(3023,6,'Villa M45, Katameya Residence Compound, New Cairo, Egypt',337),(3024,7,'Fall',337),(3025,8,'2015.0',337),(3026,9,'Nursing',337),(3027,1,'Cheyenne',338),(3028,2,'Bonner',338),(3029,3,'---',338),(3030,4,'cheyennebonner@gmail.com',338),(3031,5,'2566409159',338),(3032,6,'1137 Brashiers Chapel Road \r\nArab, AL 35016 ',338),(3033,7,'---',338),(3034,8,NULL,338),(3035,9,'Hispanic Studies',338),(3036,1,'Cheyenne',339),(3037,2,'Bonner',339),(3038,3,'---',339),(3039,4,'cheyennebonner@gmail.com',339),(3040,5,'2566409159',339),(3041,6,'1137 Brashiers Chapel Road \r\nArab, AL 35016 ',339),(3042,7,'---',339),(3043,8,NULL,339),(3044,9,'Spanish',339),(3045,1,'Jabril',340),(3046,2,'Sanders',340),(3047,3,'First-time Freshman',340),(3048,4,'linda.yildirim@yahoo.com',340),(3049,5,'',340),(3050,6,'',340),(3051,7,'Fall',340),(3052,8,'2017.0',340),(3053,9,'Graphic Design',340),(3054,1,'Brock',341),(3055,2,'Wilt',341),(3056,3,'First-time Freshman',341),(3057,4,'bwilt@brothermartin.com',341),(3058,5,'',341),(3059,6,'3724 Cypress Street',341),(3060,7,'Fall',341),(3061,8,'2016.0',341),(3062,9,'Accounting',341),(3063,1,'Brock',342),(3064,2,'Wilt',342),(3065,3,'First-time Freshman',342),(3066,4,'bwilt@brothermartin.com',342),(3067,5,'',342),(3068,6,'3724 Cypress Street\r\nMetairie La \r\n70003',342),(3069,7,'Fall',342),(3070,8,'2016.0',342),(3071,9,'Accounting',342),(3072,1,'Gabrielle',343),(3073,2,'Provenzano',343),(3074,3,'First-time Freshman',343),(3075,4,'gprovenzano2017@gmail.com',343),(3076,5,'',343),(3077,6,'4612 Page Drive \r\nMetairie La \r\n70001',343),(3078,7,'Fall',343),(3079,8,'2017.0',343),(3080,9,'Finance',343),(3081,1,'Aziza',344),(3082,2,'Colbert',344),(3083,3,'First-time Freshman',344),(3084,4,'nala614@hotmail.com',344),(3085,5,'214-600-0675',344),(3086,6,'272 W Lawson Rd Lot 101, Dallas Tx 75253',344),(3087,7,'Summer',344),(3088,8,'-1.0',344),(3089,9,'Computer Information Systems',344);
/*!40000 ALTER TABLE `forms_fieldentry` ENABLE KEYS */;
UNLOCK TABLES;

--
-- Table structure for table `forms_form`
--

DROP TABLE IF EXISTS `forms_form`;
/*!40101 SET @saved_cs_client     = @@character_set_client */;
/*!40101 SET character_set_client = utf8 */;
CREATE TABLE `forms_form` (
  `id` int(11) NOT NULL AUTO_INCREMENT,
  `title` varchar(50) NOT NULL,
  `slug` varchar(100) NOT NULL,
  `intro` longtext NOT NULL,
  `button_text` varchar(50) NOT NULL,
  `response` longtext NOT NULL,
  `status` int(11) NOT NULL,
  `publish_date` datetime DEFAULT NULL,
  `expiry_date` datetime DEFAULT NULL,
  `login_required` tinyint(1) NOT NULL,
  `send_email` tinyint(1) NOT NULL,
  `email_from` varchar(75) NOT NULL,
  `email_copies` varchar(200) NOT NULL,
  `email_subject` varchar(200) NOT NULL,
  `email_message` longtext NOT NULL,
  PRIMARY KEY (`id`),
  UNIQUE KEY `slug` (`slug`)
) ENGINE=InnoDB AUTO_INCREMENT=2 DEFAULT CHARSET=latin1;
/*!40101 SET character_set_client = @saved_cs_client */;

--
-- Dumping data for table `forms_form`
--

LOCK TABLES `forms_form` WRITE;
/*!40000 ALTER TABLE `forms_form` DISABLE KEYS */;
INSERT INTO `forms_form` VALUES (1,'Academic Info Request Form','academic-info','Fill this out. We\'ll send you some info.','Submit','Thank you!\r\n\r\nYou will receive an email confirmation from us soon.\r\n\r\nPlease contact us at admit@shc.edu if you have any questions.',2,NULL,NULL,0,1,'admit@shc.edu','chughes@shc.edu,admit@shc.edu','Spring Hill Request Academic Info','Thank you for requesting more information on Spring Hill\'s academic programs.\r\n\r\nYou can reply to this email (admit@shc.edu) if you have any other questions.');
/*!40000 ALTER TABLE `forms_form` ENABLE KEYS */;
UNLOCK TABLES;

--
-- Table structure for table `forms_form_sites`
--

DROP TABLE IF EXISTS `forms_form_sites`;
/*!40101 SET @saved_cs_client     = @@character_set_client */;
/*!40101 SET character_set_client = utf8 */;
CREATE TABLE `forms_form_sites` (
  `id` int(11) NOT NULL AUTO_INCREMENT,
  `form_id` int(11) NOT NULL,
  `site_id` int(11) NOT NULL,
  PRIMARY KEY (`id`),
  UNIQUE KEY `forms_form_sites_form_id_6229d16c066edaea_uniq` (`form_id`,`site_id`),
  KEY `forms_form_sites_c3d79a6c` (`form_id`),
  KEY `forms_form_sites_99732b5c` (`site_id`),
  CONSTRAINT `form_id_refs_id_f8b2caa0` FOREIGN KEY (`form_id`) REFERENCES `forms_form` (`id`),
  CONSTRAINT `site_id_refs_id_89de640b` FOREIGN KEY (`site_id`) REFERENCES `django_site` (`id`)
) ENGINE=InnoDB AUTO_INCREMENT=2 DEFAULT CHARSET=latin1;
/*!40101 SET character_set_client = @saved_cs_client */;

--
-- Dumping data for table `forms_form_sites`
--

LOCK TABLES `forms_form_sites` WRITE;
/*!40000 ALTER TABLE `forms_form_sites` DISABLE KEYS */;
INSERT INTO `forms_form_sites` VALUES (1,1,1);
/*!40000 ALTER TABLE `forms_form_sites` ENABLE KEYS */;
UNLOCK TABLES;

--
-- Table structure for table `forms_formentry`
--

DROP TABLE IF EXISTS `forms_formentry`;
/*!40101 SET @saved_cs_client     = @@character_set_client */;
/*!40101 SET character_set_client = utf8 */;
CREATE TABLE `forms_formentry` (
  `id` int(11) NOT NULL AUTO_INCREMENT,
  `entry_time` datetime NOT NULL,
  `form_id` int(11) NOT NULL,
  PRIMARY KEY (`id`),
  KEY `forms_formentry_c3d79a6c` (`form_id`),
  CONSTRAINT `form_id_refs_id_4d605921` FOREIGN KEY (`form_id`) REFERENCES `forms_form` (`id`)
) ENGINE=InnoDB AUTO_INCREMENT=345 DEFAULT CHARSET=latin1;
/*!40101 SET character_set_client = @saved_cs_client */;

--
-- Dumping data for table `forms_formentry`
--

LOCK TABLES `forms_formentry` WRITE;
/*!40000 ALTER TABLE `forms_formentry` DISABLE KEYS */;
INSERT INTO `forms_formentry` VALUES (10,'2014-09-09 14:37:30',1),(11,'2014-09-09 14:59:17',1),(12,'2014-09-09 15:02:47',1),(13,'2014-09-10 02:33:36',1),(14,'2014-09-10 18:25:45',1),(15,'2014-09-11 09:49:08',1),(16,'2014-09-12 19:24:30',1),(17,'2014-09-13 17:03:04',1),(18,'2014-09-14 21:36:36',1),(19,'2014-09-15 15:24:59',1),(20,'2014-09-15 20:01:48',1),(21,'2014-09-15 20:03:59',1),(22,'2014-09-16 14:16:03',1),(23,'2014-09-17 20:29:03',1),(24,'2014-09-18 10:13:34',1),(25,'2014-09-18 19:43:25',1),(26,'2014-09-18 20:07:26',1),(27,'2014-09-19 06:54:13',1),(28,'2014-09-19 10:04:34',1),(29,'2014-09-20 18:10:39',1),(30,'2014-09-22 09:59:38',1),(31,'2014-09-22 10:05:38',1),(32,'2014-09-22 11:39:53',1),(33,'2014-09-22 15:54:31',1),(34,'2014-09-22 16:59:55',1),(35,'2014-09-22 20:59:03',1),(36,'2014-09-23 07:39:38',1),(37,'2014-09-23 09:18:50',1),(38,'2014-09-23 10:54:07',1),(39,'2014-09-23 11:18:38',1),(40,'2014-09-23 11:28:48',1),(41,'2014-09-23 15:12:51',1),(42,'2014-09-24 00:02:34',1),(43,'2014-09-24 10:59:26',1),(44,'2014-09-24 17:12:53',1),(45,'2014-09-24 20:02:50',1),(46,'2014-09-24 20:04:55',1),(47,'2014-09-25 06:12:24',1),(48,'2014-09-25 06:12:30',1),(49,'2014-09-25 13:02:05',1),(50,'2014-09-25 21:03:38',1),(51,'2014-09-26 08:29:00',1),(52,'2014-09-27 19:18:31',1),(53,'2014-09-27 19:21:18',1),(54,'2014-09-27 21:30:25',1),(55,'2014-09-28 17:15:12',1),(56,'2014-09-28 18:14:56',1),(57,'2014-09-28 22:43:57',1),(58,'2014-09-28 22:44:04',1),(59,'2014-09-28 23:47:10',1),(60,'2014-09-29 10:16:25',1),(61,'2014-09-29 15:57:53',1),(62,'2014-09-29 18:11:02',1),(63,'2014-09-30 08:14:48',1),(64,'2014-09-30 11:30:27',1),(65,'2014-09-30 16:40:22',1),(66,'2014-09-30 19:20:03',1),(67,'2014-09-30 21:11:25',1),(68,'2014-09-30 23:52:02',1),(69,'2014-10-01 10:25:52',1),(70,'2014-10-01 12:20:34',1),(71,'2014-10-02 00:00:23',1),(72,'2014-10-02 00:02:42',1),(73,'2014-10-02 08:21:16',1),(74,'2014-10-02 09:42:47',1),(75,'2014-10-02 13:24:32',1),(76,'2014-10-02 17:47:49',1),(77,'2014-10-02 18:03:23',1),(78,'2014-10-02 22:31:35',1),(79,'2014-10-02 22:36:10',1),(80,'2014-10-02 22:37:30',1),(81,'2014-10-03 08:10:22',1),(82,'2014-10-03 09:54:05',1),(83,'2014-10-03 10:02:02',1),(84,'2014-10-03 10:03:48',1),(85,'2014-10-03 10:40:48',1),(86,'2014-10-03 11:31:35',1),(87,'2014-10-03 13:13:40',1),(88,'2014-10-03 14:02:38',1),(89,'2014-10-03 20:29:01',1),(90,'2014-10-04 08:35:06',1),(91,'2014-10-04 18:54:13',1),(92,'2014-10-04 18:56:10',1),(93,'2014-10-06 07:38:24',1),(94,'2014-10-06 12:27:50',1),(95,'2014-10-06 14:21:49',1),(96,'2014-10-06 17:34:26',1),(97,'2014-10-06 19:49:52',1),(98,'2014-10-06 20:38:42',1),(99,'2014-10-06 23:23:32',1),(100,'2014-10-07 00:14:35',1),(101,'2014-10-07 20:17:10',1),(102,'2014-10-08 10:29:27',1),(103,'2014-10-08 12:25:16',1),(104,'2014-10-08 15:30:55',1),(105,'2014-10-08 19:03:30',1),(106,'2014-10-08 20:18:44',1),(107,'2014-10-09 07:55:47',1),(108,'2014-10-09 07:57:16',1),(109,'2014-10-09 07:57:23',1),(110,'2014-10-09 08:20:47',1),(111,'2014-10-09 08:24:55',1),(112,'2014-10-09 09:01:53',1),(113,'2014-10-09 11:31:59',1),(114,'2014-10-09 12:19:15',1),(115,'2014-10-09 16:45:30',1),(116,'2014-10-09 22:40:23',1),(117,'2014-10-10 09:25:11',1),(118,'2014-10-10 13:45:36',1),(119,'2014-10-11 16:50:45',1),(120,'2014-10-12 11:51:03',1),(121,'2014-10-12 11:57:44',1),(122,'2014-10-13 11:34:08',1),(123,'2014-10-13 11:38:30',1),(124,'2014-10-13 12:56:24',1),(125,'2014-10-13 14:11:07',1),(126,'2014-10-13 14:33:18',1),(127,'2014-10-13 18:07:15',1),(128,'2014-10-13 21:57:31',1),(129,'2014-10-13 21:59:13',1),(130,'2014-10-13 23:42:19',1),(131,'2014-10-14 09:45:25',1),(132,'2014-10-14 15:30:25',1),(133,'2014-10-14 16:28:39',1),(134,'2014-10-14 19:12:43',1),(135,'2014-10-15 08:58:32',1),(136,'2014-10-16 18:12:48',1),(137,'2014-10-16 22:44:33',1),(138,'2014-10-17 18:12:18',1),(139,'2014-10-18 18:14:01',1),(140,'2014-10-19 12:46:35',1),(141,'2014-10-20 09:27:00',1),(142,'2014-10-21 19:39:57',1),(143,'2014-10-21 21:45:01',1),(144,'2014-10-21 22:17:28',1),(145,'2014-10-21 22:18:38',1),(146,'2014-10-22 08:34:48',1),(147,'2014-10-22 09:56:54',1),(148,'2014-10-22 18:02:07',1),(149,'2014-10-23 10:30:43',1),(150,'2014-10-25 10:31:26',1),(151,'2014-10-26 12:20:38',1),(152,'2014-10-26 17:00:24',1),(153,'2014-10-26 17:02:08',1),(154,'2014-10-27 09:11:13',1),(155,'2014-10-27 15:06:41',1),(156,'2014-10-28 10:55:01',1),(157,'2014-10-28 18:23:54',1),(158,'2014-10-28 22:16:08',1),(159,'2014-10-29 10:50:51',1),(160,'2014-11-01 19:43:01',1),(161,'2014-11-01 23:10:38',1),(162,'2014-11-02 12:56:13',1),(163,'2014-11-02 15:33:18',1),(164,'2014-11-04 10:04:42',1),(165,'2014-11-04 14:32:34',1),(166,'2014-11-04 23:53:11',1),(167,'2014-11-05 11:04:39',1),(168,'2014-11-05 18:04:41',1),(169,'2014-11-05 18:04:43',1),(170,'2014-11-05 19:04:54',1),(171,'2014-11-06 07:49:02',1),(172,'2014-11-06 09:03:37',1),(173,'2014-11-06 19:02:36',1),(174,'2014-11-10 22:09:21',1),(175,'2014-11-11 13:08:23',1),(176,'2014-11-11 13:10:51',1),(177,'2014-11-11 16:09:06',1),(178,'2014-11-11 16:13:53',1),(179,'2014-11-12 14:57:50',1),(180,'2014-11-14 08:52:44',1),(181,'2014-11-15 12:44:17',1),(182,'2014-11-16 15:50:16',1),(183,'2014-11-18 19:52:58',1),(184,'2014-11-19 09:13:16',1),(185,'2014-11-19 09:13:17',1),(186,'2014-11-19 09:17:18',1),(187,'2014-11-19 11:00:11',1),(188,'2014-11-19 11:34:20',1),(189,'2014-11-19 11:36:21',1),(190,'2014-11-20 16:09:44',1),(191,'2014-11-22 14:19:06',1),(192,'2014-11-23 09:45:24',1),(193,'2014-11-23 09:50:08',1),(194,'2014-11-24 09:15:35',1),(195,'2014-11-24 09:17:00',1),(196,'2014-11-24 09:35:03',1),(197,'2014-11-26 11:30:15',1),(198,'2014-11-26 11:30:57',1),(199,'2014-11-26 18:54:29',1),(200,'2014-11-28 09:10:20',1),(201,'2014-11-28 10:06:20',1),(202,'2014-11-28 10:45:10',1),(203,'2014-11-28 14:15:47',1),(204,'2014-12-01 22:22:37',1),(205,'2014-12-01 22:23:14',1),(206,'2014-12-02 05:09:16',1),(207,'2014-12-02 10:43:01',1),(208,'2014-12-02 11:09:38',1),(209,'2014-12-02 11:53:16',1),(210,'2014-12-02 12:27:45',1),(211,'2014-12-05 03:33:51',1),(212,'2014-12-05 03:34:12',1),(213,'2014-12-05 12:24:37',1),(214,'2014-12-05 15:40:13',1),(215,'2014-12-05 16:16:33',1),(216,'2014-12-05 19:14:38',1),(217,'2014-12-05 20:06:14',1),(218,'2014-12-05 22:25:07',1),(219,'2014-12-05 23:17:04',1),(220,'2014-12-07 21:15:21',1),(221,'2014-12-08 12:00:03',1),(222,'2014-12-09 15:17:10',1),(223,'2014-12-09 23:52:37',1),(224,'2014-12-10 14:39:52',1),(225,'2014-12-11 09:37:53',1),(226,'2014-12-11 20:16:24',1),(227,'2014-12-11 21:04:57',1),(228,'2014-12-14 20:06:21',1),(229,'2014-12-16 09:19:32',1),(230,'2014-12-17 13:20:05',1),(231,'2014-12-17 13:25:02',1),(232,'2014-12-17 14:43:04',1),(233,'2014-12-17 14:47:24',1),(234,'2014-12-18 06:53:03',1),(235,'2014-12-18 14:13:37',1),(236,'2014-12-18 16:55:40',1),(237,'2014-12-19 11:34:29',1),(238,'2014-12-19 14:23:48',1),(239,'2014-12-19 16:05:30',1),(240,'2014-12-20 17:14:13',1),(241,'2014-12-20 19:23:58',1),(242,'2014-12-21 23:13:03',1),(243,'2014-12-22 09:06:16',1),(244,'2014-12-22 09:08:50',1),(245,'2014-12-22 14:00:13',1),(246,'2014-12-26 11:35:39',1),(247,'2014-12-26 13:23:42',1),(248,'2014-12-26 20:32:56',1),(249,'2014-12-26 23:46:02',1),(250,'2014-12-27 02:07:13',1),(251,'2014-12-28 09:39:38',1),(252,'2014-12-28 17:06:59',1),(253,'2014-12-29 11:20:25',1),(254,'2014-12-29 13:50:11',1),(255,'2014-12-30 17:36:07',1),(256,'2014-12-31 15:42:51',1),(257,'2014-12-31 18:23:29',1),(258,'2015-01-01 11:41:32',1),(259,'2015-01-02 08:00:36',1),(260,'2015-01-02 16:18:59',1),(261,'2015-01-03 01:12:19',1),(262,'2015-01-04 15:47:41',1),(263,'2015-01-06 10:18:47',1),(264,'2015-01-09 04:14:50',1),(265,'2015-01-09 07:57:27',1),(266,'2015-01-09 08:30:51',1),(267,'2015-01-09 10:46:39',1),(268,'2015-01-10 16:53:05',1),(269,'2015-01-10 20:23:02',1),(270,'2015-01-11 16:41:38',1),(271,'2015-01-12 02:47:34',1),(272,'2015-01-12 08:44:03',1),(273,'2015-01-12 09:34:38',1),(274,'2015-01-12 11:26:38',1),(275,'2015-01-12 15:36:00',1),(276,'2015-01-13 10:27:53',1),(277,'2015-01-14 11:52:38',1),(278,'2015-01-14 14:20:28',1),(279,'2015-01-14 14:32:22',1),(280,'2015-01-15 10:41:37',1),(281,'2015-01-15 12:18:32',1),(282,'2015-01-15 12:27:36',1),(283,'2015-01-15 22:16:44',1),(284,'2015-01-16 00:27:58',1),(285,'2015-01-16 10:36:26',1),(286,'2015-01-16 11:03:56',1),(287,'2015-01-16 11:04:07',1),(288,'2015-01-16 12:08:08',1),(289,'2015-01-16 12:11:28',1),(290,'2015-01-16 12:13:30',1),(291,'2015-01-16 12:16:22',1),(292,'2015-01-16 13:19:23',1),(293,'2015-01-16 18:49:18',1),(294,'2015-01-18 07:41:38',1),(295,'2015-01-18 07:45:01',1),(296,'2015-01-18 10:56:50',1),(297,'2015-01-19 08:57:56',1),(298,'2015-01-19 14:33:51',1),(299,'2015-01-20 17:47:09',1),(300,'2015-01-21 13:26:34',1),(301,'2015-01-21 14:17:52',1),(302,'2015-01-21 18:35:57',1),(303,'2015-01-22 07:35:05',1),(304,'2015-01-22 07:36:05',1),(305,'2015-01-22 10:03:22',1),(306,'2015-01-22 15:39:15',1),(307,'2015-01-23 10:03:04',1),(308,'2015-01-23 18:14:17',1),(309,'2015-01-24 14:53:04',1),(310,'2015-01-24 14:54:29',1),(311,'2015-01-24 16:00:19',1),(312,'2015-01-24 17:53:31',1),(313,'2015-01-24 20:20:01',1),(314,'2015-01-24 23:03:33',1),(315,'2015-01-25 17:22:08',1),(316,'2015-01-25 20:21:06',1),(317,'2015-01-26 17:07:08',1),(318,'2015-01-26 17:16:50',1),(319,'2015-01-27 12:16:12',1),(320,'2015-01-27 13:11:27',1),(321,'2015-01-27 15:37:00',1),(322,'2015-01-27 17:36:26',1),(323,'2015-01-27 20:58:45',1),(324,'2015-01-28 09:24:50',1),(325,'2015-01-28 09:53:39',1),(326,'2015-01-28 11:27:15',1),(327,'2015-01-29 08:07:52',1),(328,'2015-01-29 09:33:12',1),(329,'2015-01-29 12:51:55',1),(330,'2015-01-29 18:38:26',1),(331,'2015-01-29 20:33:31',1),(332,'2015-01-30 11:17:56',1),(333,'2015-01-30 11:59:09',1),(334,'2015-01-30 12:02:58',1),(335,'2015-01-30 12:04:01',1),(336,'2015-01-30 12:04:55',1),(337,'2015-01-30 12:57:32',1),(338,'2015-01-31 09:31:23',1),(339,'2015-01-31 09:33:12',1),(340,'2015-02-01 12:01:06',1),(341,'2015-02-01 23:32:05',1),(342,'2015-02-01 23:32:34',1),(343,'2015-02-01 23:35:58',1),(344,'2015-02-03 21:52:41',1);
/*!40000 ALTER TABLE `forms_formentry` ENABLE KEYS */;
UNLOCK TABLES;

--
-- Table structure for table `medialibrary_category`
--

DROP TABLE IF EXISTS `medialibrary_category`;
/*!40101 SET @saved_cs_client     = @@character_set_client */;
/*!40101 SET character_set_client = utf8 */;
CREATE TABLE `medialibrary_category` (
  `id` int(11) NOT NULL AUTO_INCREMENT,
  `title` varchar(200) NOT NULL,
  `parent_id` int(11) DEFAULT NULL,
  `slug` varchar(150) NOT NULL,
  PRIMARY KEY (`id`),
  KEY `medialibrary_category_410d0aac` (`parent_id`),
  KEY `medialibrary_category_f52cfca0` (`slug`),
  CONSTRAINT `parent_id_refs_id_8eaa968d` FOREIGN KEY (`parent_id`) REFERENCES `medialibrary_category` (`id`)
) ENGINE=InnoDB AUTO_INCREMENT=4 DEFAULT CHARSET=latin1;
/*!40101 SET character_set_client = @saved_cs_client */;

--
-- Dumping data for table `medialibrary_category`
--

LOCK TABLES `medialibrary_category` WRITE;
/*!40000 ALTER TABLE `medialibrary_category` DISABLE KEYS */;
INSERT INTO `medialibrary_category` VALUES (1,'Banner',NULL,'banner'),(2,'Testimonials',NULL,'testimonials'),(3,'SHC Bulletin of Information',NULL,'bulletin');
/*!40000 ALTER TABLE `medialibrary_category` ENABLE KEYS */;
UNLOCK TABLES;

--
-- Table structure for table `medialibrary_mediafile`
--

DROP TABLE IF EXISTS `medialibrary_mediafile`;
/*!40101 SET @saved_cs_client     = @@character_set_client */;
/*!40101 SET character_set_client = utf8 */;
CREATE TABLE `medialibrary_mediafile` (
  `id` int(11) NOT NULL AUTO_INCREMENT,
  `file` varchar(255) NOT NULL,
  `type` varchar(12) NOT NULL,
  `created` datetime NOT NULL,
  `copyright` varchar(200) NOT NULL,
  `file_size` int(11) DEFAULT NULL,
  PRIMARY KEY (`id`)
) ENGINE=InnoDB AUTO_INCREMENT=95 DEFAULT CHARSET=latin1;
/*!40101 SET character_set_client = @saved_cs_client */;

--
-- Dumping data for table `medialibrary_mediafile`
--

LOCK TABLES `medialibrary_mediafile` WRITE;
/*!40000 ALTER TABLE `medialibrary_mediafile` DISABLE KEYS */;
INSERT INTO `medialibrary_mediafile` VALUES (3,'medialibrary/2014/08/fine-arts-banner_1.jpg','image','2014-08-08 20:46:32','',59089),(4,'medialibrary/2014/08/psychology-sellsheet.jpg','image','2014-08-22 15:28:04','',300547),(5,'medialibrary/2014/08/Chemistry-sellsheet.jpg','image','2014-08-22 15:28:58','',642968),(6,'medialibrary/2014/08/accounting-sellsheet.jpg','image','2014-08-22 15:29:27','',891104),(7,'medialibrary/2014/08/financial-economics-sellsheet.jpg','image','2014-08-22 15:29:53','',472522),(8,'medialibrary/2014/08/International-Business-sellsheet.jpg','image','2014-08-22 15:30:18','',538601),(9,'medialibrary/2014/08/management-marketing-sellsheet.jpg','image','2014-08-22 15:30:43','',742420),(10,'medialibrary/2014/08/CIS-sellsheet.jpg','image','2014-08-22 15:31:06','',403890),(11,'medialibrary/2014/08/Art-business-sellsheet.jpg','image','2014-08-22 15:33:03','',560401),(12,'medialibrary/2014/08/Graphic-Design-sellsheet.jpg','image','2014-08-22 15:33:26','',666476),(13,'medialibrary/2014/08/Digital-Video-Production-sellsheet.jpg','image','2014-08-22 15:33:49','',463807),(14,'medialibrary/2014/08/journalism-sellsheet.jpg','image','2014-08-22 15:34:09','',446621),(15,'medialibrary/2014/08/public-relations-sellsheet.jpg','image','2014-08-22 15:34:33','',537026),(16,'medialibrary/2014/08/English-sellsheet.jpg','image','2014-08-22 15:34:54','',525710),(17,'medialibrary/2014/08/General-Studies-sellsheet.jpg','image','2014-08-22 15:35:51','',434348),(18,'medialibrary/2014/08/hispanic-studies-sellsheet.jpg','image','2014-08-22 15:36:12','',734224),(19,'medialibrary/2014/08/Interdisciplinary-Humanities-sellsheet.jpg','image','2014-08-22 15:36:32','',402605),(20,'medialibrary/2014/08/Writing-sellsheet.jpg','image','2014-08-22 15:36:54','',613073),(21,'medialibrary/2014/08/Biochemistry-sellsheet.jpg','image','2014-08-22 15:37:15','',577677),(22,'medialibrary/2014/08/biology-cellular-sellsheet.jpg','image','2014-08-22 15:37:51','',485770),(23,'medialibrary/2014/08/marine-biology-sellsheet.jpg','image','2014-08-22 15:38:18','',188671),(24,'medialibrary/2014/08/Math-Pure-sellsheet.jpg','image','2014-08-22 15:39:00','',360128),(25,'medialibrary/2014/08/Nursing-sellsheet.jpg','image','2014-08-22 15:39:21','',564175),(26,'medialibrary/2014/08/criminology-sellsheet.jpg','image','2014-08-22 15:39:40','',361151),(27,'medialibrary/2014/08/history-sellsheet.jpg','image','2014-08-22 15:40:04','',595856),(28,'medialibrary/2014/08/political-science-sellsheet.jpg','image','2014-08-22 15:40:23','',343865),(29,'medialibrary/2014/08/actuarial-math-sellsheet.jpg','image','2014-08-22 15:40:42','',631609),(30,'medialibrary/2014/08/math-computer-analysis-sellsheet.jpg','image','2014-08-22 15:41:10','',652168),(31,'medialibrary/2014/08/International-Studies-sellsheet.jpg','image','2014-08-22 15:41:33','',1267243),(32,'medialibrary/2014/08/engineering-sellsheet.jpg','image','2014-08-22 15:41:57','',642966),(33,'medialibrary/2014/08/biology-pre-health-sellsheet.jpg','image','2014-08-22 15:42:26','',129520),(34,'medialibrary/2014/08/Math-Applied-sellsheet.jpg','image','2014-08-22 15:42:47','',660176),(35,'medialibrary/2014/08/philosophy-sellsheet.jpg','image','2014-08-22 15:43:05','',807666),(36,'medialibrary/2014/08/Social-Science-sellsheet.jpg','image','2014-08-22 15:43:24','',521802),(37,'medialibrary/2014/08/sociology-sellsheet.jpg','image','2014-08-22 15:43:44','',646544),(38,'medialibrary/2014/08/Teacher-Ed-sellsheet.jpg','image','2014-08-22 15:44:04','',457126),(39,'medialibrary/2014/08/Theology-sellsheet.jpg','image','2014-08-22 15:44:26','',168094),(40,'medialibrary/2014/08/theater-sellsheet.jpg','image','2014-08-22 16:04:48','',144540),(41,'medialibrary/2014/08/michelle_perez_jamaica_isip.jpg','image','2014-08-26 13:07:08','',143521),(42,'medialibrary/2014/08/lauren_luckie_bc_isip.jpg','image','2014-08-26 13:07:16','',123991),(43,'medialibrary/2014/08/elizabeth_fahey_dr_isip.jpg','image','2014-08-26 13:07:23','',78838),(44,'medialibrary/2014/08/ananya_mahajan_isip_jamaica.jpg','image','2014-08-26 13:07:30','',81601),(46,'medialibrary/2014/08/This-is-Bologna-web_1.jpg','image','2014-08-26 17:04:01','',123176),(47,'medialibrary/2014/08/LEAPicon.png','image','2014-08-27 09:41:20','',7475),(48,'medialibrary/2014/08/corecurriculum1.jpg','image','2014-08-27 14:19:10','',359393),(53,'medialibrary/2014/08/jesuitadvantage2.jpg','image','2014-08-27 14:19:11','',126595),(54,'medialibrary/2014/08/leapprogram1.jpg','image','2014-08-27 14:19:11','',434567),(55,'medialibrary/2014/08/servicelearning.jpg','image','2014-08-27 14:19:11','',103359),(56,'medialibrary/2014/08/Jesuit_advantage2.jpg','image','2014-08-27 14:22:43','',278197),(57,'medialibrary/2014/08/ItalyCenter-StudyAbroad2.jpg','image','2014-08-27 14:22:55','',162743),(58,'medialibrary/2014/08/ItalyCenter5.jpg','image','2014-08-27 14:28:52','',226599),(59,'medialibrary/2014/08/ItalyCenter.jpg','image','2014-08-27 14:29:00','',205175),(60,'medialibrary/2014/08/LEAPprogram.jpg','image','2014-08-27 14:33:16','',87380),(61,'medialibrary/2014/08/HonorsProgram.jpg','image','2014-08-28 11:22:10','',10906155),(62,'medialibrary/2014/08/Honors_Program.jpg','image','2014-08-28 11:22:22','',5305981),(65,'medialibrary/2014/09/core-inforgraphic-port.png','image','2014-09-02 13:31:10','',53347),(67,'medialibrary/2014/09/core-inforgraphic-4.png','image','2014-09-02 16:46:34','',30874),(68,'medialibrary/2014/09/2001-2002_Bulletin_of_Information-Spring_Hill_College.pdf','pdf','2014-09-08 11:44:03','',1131307),(69,'medialibrary/2014/09/2002-2003_Bulletin_of_Information-Spring_Hill_College.pdf','pdf','2014-09-08 11:44:16','',1367040),(70,'medialibrary/2014/09/2003-2004_Bulletin_of_Information-Spring_Hill_College.pdf','pdf','2014-09-08 11:44:35','',1078026),(71,'medialibrary/2014/09/2005-2006_Bulletin_of_Information-Spring_Hill_College.pdf','pdf','2014-09-08 11:44:46','',1318159),(72,'medialibrary/2014/09/2006-2007_Bulletin_of_Information-Spring_Hill_College.pdf','pdf','2014-09-08 11:44:52','',1291992),(73,'medialibrary/2014/09/2007-2008_Bulletin_of_Information-Spring_Hill_College.pdf','pdf','2014-09-08 11:44:57','',1305372),(74,'medialibrary/2014/09/2008-2009_Bulletin_of_Information-Spring_Hill_College.pdf','pdf','2014-09-08 11:45:03','',2300788),(75,'medialibrary/2014/09/2009-2010_Bulletin_of_Information-Spring_Hill_College.pdf','pdf','2014-09-08 11:45:09','',1049680),(76,'medialibrary/2014/09/2010-2011_Bulletin_of_Information-Spring_Hill_College.pdf','pdf','2014-09-08 11:45:15','',938079),(77,'medialibrary/2014/09/2011-2012_Bulletin_of_Information-Spring_Hill_College.pdf','pdf','2014-09-08 11:45:23','',1049809),(78,'medialibrary/2014/09/2012-2013_Bulletin_of_Information-Spring_Hill_College.pdf','pdf','2014-09-08 11:45:29','',971952),(79,'medialibrary/2014/09/2013-2014_Bulletin_of_Information-Spring_Hill_College.pdf','pdf','2014-09-08 11:45:34','',976934),(80,'medialibrary/2015/01/2014-2015_Bulletin_of_Information-Spring_Hill_College_v3.pdf','pdf','2014-09-08 11:45:40','',1215179),(81,'medialibrary/2014/09/forensics.jpg','image','2014-09-22 16:01:33','',155336),(82,'medialibrary/2014/09/finance.jpg','image','2014-09-22 16:06:01','',111312),(83,'medialibrary/2014/09/french.jpg','image','2014-09-22 16:08:34','',131974),(84,'medialibrary/2014/09/bus-admin.jpg','image','2014-09-22 16:13:38','',113132),(85,'medialibrary/2014/09/pre-law.jpg','image','2014-09-22 16:26:29','',165068),(86,'medialibrary/2014/09/spanish.jpg','image','2014-09-23 08:24:47','',176668),(87,'medialibrary/2014/09/latin-american-studies.jpg','image','2014-09-23 13:41:55','',130472),(88,'medialibrary/2015/01/MPS.jpg','image','2015-01-29 09:20:04','',60044),(89,'medialibrary/2015/01/MBA.jpg','image','2015-01-29 09:20:34','',61780),(90,'medialibrary/2015/01/MATS.jpg','image','2015-01-29 09:20:58','',51211),(91,'medialibrary/2015/01/MTS.jpg','image','2015-01-29 09:21:24','',62176),(92,'medialibrary/2015/01/MSE.jpg','image','2015-01-29 09:21:50','',51214),(93,'medialibrary/2015/01/MAT.jpg','image','2015-01-29 09:22:16','',125848),(94,'medialibrary/2015/01/MSN.jpg','image','2015-01-29 09:22:43','',42430);
/*!40000 ALTER TABLE `medialibrary_mediafile` ENABLE KEYS */;
UNLOCK TABLES;

--
-- Table structure for table `medialibrary_mediafile_categories`
--

DROP TABLE IF EXISTS `medialibrary_mediafile_categories`;
/*!40101 SET @saved_cs_client     = @@character_set_client */;
/*!40101 SET character_set_client = utf8 */;
CREATE TABLE `medialibrary_mediafile_categories` (
  `id` int(11) NOT NULL AUTO_INCREMENT,
  `mediafile_id` int(11) NOT NULL,
  `category_id` int(11) NOT NULL,
  PRIMARY KEY (`id`),
  UNIQUE KEY `medialibrary_mediafile_categ_mediafile_id_6c6d0c6190e791cf_uniq` (`mediafile_id`,`category_id`),
  KEY `medialibrary_mediafile_categories_6beebea1` (`mediafile_id`),
  KEY `medialibrary_mediafile_categories_6f33f001` (`category_id`),
  CONSTRAINT `category_id_refs_id_9734385f` FOREIGN KEY (`category_id`) REFERENCES `medialibrary_category` (`id`),
  CONSTRAINT `mediafile_id_refs_id_e06f4482` FOREIGN KEY (`mediafile_id`) REFERENCES `medialibrary_mediafile` (`id`)
) ENGINE=InnoDB AUTO_INCREMENT=158 DEFAULT CHARSET=latin1;
/*!40101 SET character_set_client = @saved_cs_client */;

--
-- Dumping data for table `medialibrary_mediafile_categories`
--

LOCK TABLES `medialibrary_mediafile_categories` WRITE;
/*!40000 ALTER TABLE `medialibrary_mediafile_categories` DISABLE KEYS */;
INSERT INTO `medialibrary_mediafile_categories` VALUES (148,3,1),(147,4,1),(146,5,1),(145,6,1),(144,7,1),(143,8,1),(142,9,1),(141,10,1),(11,11,1),(140,12,1),(139,13,1),(138,14,1),(137,15,1),(136,16,1),(135,17,1),(134,18,1),(133,19,1),(132,20,1),(131,21,1),(130,22,1),(129,23,1),(128,24,1),(127,25,1),(126,26,1),(125,27,1),(28,28,1),(124,29,1),(123,30,1),(122,31,1),(121,32,1),(120,33,1),(119,34,1),(118,35,1),(117,36,1),(116,37,1),(115,38,1),(114,39,1),(113,40,1),(112,41,2),(111,42,2),(110,43,2),(109,44,2),(108,48,1),(107,53,1),(106,54,1),(105,55,1),(104,58,1),(103,60,1),(102,61,1),(87,68,3),(86,69,3),(85,70,3),(84,71,3),(83,72,3),(82,73,3),(81,74,3),(80,75,3),(79,76,3),(78,77,3),(77,78,3),(76,79,3),(157,80,3),(101,81,1),(100,82,1),(99,83,1),(98,84,1),(97,85,1),(96,86,1),(95,87,1),(150,88,1),(151,89,1),(152,90,1),(153,91,1),(154,92,1),(155,93,1),(156,94,1);
/*!40000 ALTER TABLE `medialibrary_mediafile_categories` ENABLE KEYS */;
UNLOCK TABLES;

--
-- Table structure for table `medialibrary_mediafiletranslation`
--

DROP TABLE IF EXISTS `medialibrary_mediafiletranslation`;
/*!40101 SET @saved_cs_client     = @@character_set_client */;
/*!40101 SET character_set_client = utf8 */;
CREATE TABLE `medialibrary_mediafiletranslation` (
  `id` int(11) NOT NULL AUTO_INCREMENT,
  `parent_id` int(11) NOT NULL,
  `language_code` varchar(10) NOT NULL,
  `caption` varchar(200) NOT NULL,
  `description` longtext NOT NULL,
  PRIMARY KEY (`id`),
  UNIQUE KEY `medialibrary_mediafiletranslati_parent_id_16c231898a5f58b2_uniq` (`parent_id`,`language_code`),
  KEY `medialibrary_mediafiletranslation_410d0aac` (`parent_id`),
  CONSTRAINT `parent_id_refs_id_d07ace7b` FOREIGN KEY (`parent_id`) REFERENCES `medialibrary_mediafile` (`id`)
) ENGINE=InnoDB AUTO_INCREMENT=82 DEFAULT CHARSET=latin1;
/*!40101 SET character_set_client = @saved_cs_client */;

--
-- Dumping data for table `medialibrary_mediafiletranslation`
--

LOCK TABLES `medialibrary_mediafiletranslation` WRITE;
/*!40000 ALTER TABLE `medialibrary_mediafiletranslation` DISABLE KEYS */;
INSERT INTO `medialibrary_mediafiletranslation` VALUES (9,80,'en','2014-2015 Bulletin of Information',''),(10,79,'en','2013-2014 Bulletin of Information',''),(11,78,'en','2012-2013 Bulletin of Information',''),(12,77,'en','2011-2012 Bulletin of Information',''),(13,76,'en','2010-2011 Bulletin of Information',''),(14,75,'en','2009-2010 Bulletin of Information',''),(15,74,'en','2008-2009 Bulletin of Information',''),(16,73,'en','2007-2008 Bulletin of Information',''),(17,72,'en','2006-2007 Bulletin of Information',''),(18,71,'en','2005-2006 Bulletin of Information',''),(19,70,'en','2003-2004 Bulletin of Information',''),(20,69,'en','2002-2003 Bulletin of Information',''),(21,68,'en','2001-2002 Bulletin of Information',''),(22,87,'en','Little girl with Llama',''),(23,86,'en','Latina women shopping',''),(24,85,'en','Mock Supreme Court',''),(25,84,'en','Students in Spring Hill classroom',''),(26,83,'en','Avenue des Champs-Élysées',''),(27,82,'en','Students in Spring Hill classroom',''),(28,81,'en','Crime scene with skull',''),(29,62,'en','Students in Spring Hill library',''),(30,61,'en','Girl in Spring Hill classroom lecture',''),(31,60,'en','Students studying outside at Spring Hill ',''),(32,59,'en','Port city in Italy',''),(33,58,'en','Spring Hill students overlooking Italy',''),(34,57,'en','Spring Hill student study abroad',''),(35,56,'en','Spring Hill students with Jesuit in classroom',''),(36,55,'en','Spring Hill international service immersion program',''),(37,54,'en','Students walking near student center',''),(38,53,'en','Statue on Spring Hill campus near Lucey Center',''),(39,48,'en','Students study in Burke Library',''),(40,47,'en','LEAP logo',''),(41,46,'en','Students study in Italy',''),(42,44,'en','Spring Hill international service immersion program Jamaica',''),(43,43,'en','Spring Hill international service immersion program Dominican Republic',''),(44,42,'en','Spring Hill international service immersion program Jamaica',''),(45,41,'en','Spring Hill international service immersion program Jamaica',''),(46,40,'en','Studen acting in Spring Hill theater production',''),(47,39,'en','Statue on Spring Hill campus near Lucey Center',''),(48,38,'en','Student teaching in grade school classroom',''),(49,37,'en','Students on campus quad',''),(50,36,'en','Girl in Spring Hill Burke Library',''),(51,35,'en','Close up of door ornament',''),(52,34,'en','Students working on math problem',''),(53,33,'en','Human skull on table',''),(54,32,'en','Engineering drawings',''),(55,31,'en','River in Italy',''),(56,30,'en','Glowing computer bits',''),(57,29,'en','Mathematical computer model',''),(58,27,'en','Weathered cannon',''),(59,26,'en','Computer model of human skull',''),(60,25,'en','Spring Hill nursing students',''),(61,24,'en','Math formulas on scroll paper',''),(62,23,'en','Sharks swimming in blue water',''),(63,22,'en','Computer model of cells',''),(64,21,'en','Biochemistry student in lab',''),(65,20,'en','Student browsing Web in dorm room',''),(66,19,'en','Students sitting on Rydex Commons',''),(67,18,'en','Doors and windows on stucco house',''),(68,17,'en','Close up of student writing',''),(69,16,'en','Antique leather bound books',''),(70,15,'en','Students walking in Burke Library',''),(71,14,'en','Collage of newspaper headlines',''),(72,13,'en','Spring Hill digital video production studio',''),(73,12,'en','Spring Hill graphic design studio',''),(74,10,'en','Student with headphones working on computer',''),(75,9,'en','Student studying in Burke Library',''),(76,8,'en','International flags',''),(77,7,'en','Computer visualization',''),(78,6,'en','Computer visualization',''),(79,5,'en','Students conducting chemistry experiment',''),(80,4,'en','Graphic of gears in human head',''),(81,3,'en','Art student painting self portrait','');
/*!40000 ALTER TABLE `medialibrary_mediafiletranslation` ENABLE KEYS */;
UNLOCK TABLES;

--
-- Table structure for table `page_page`
--

DROP TABLE IF EXISTS `page_page`;
/*!40101 SET @saved_cs_client     = @@character_set_client */;
/*!40101 SET character_set_client = utf8 */;
CREATE TABLE `page_page` (
  `id` int(11) NOT NULL AUTO_INCREMENT,
  `lft` int(10) unsigned NOT NULL,
  `rght` int(10) unsigned NOT NULL,
  `tree_id` int(10) unsigned NOT NULL,
  `level` int(10) unsigned NOT NULL,
  `active` tinyint(1) NOT NULL,
  `title` varchar(200) NOT NULL,
  `slug` varchar(150) NOT NULL,
  `parent_id` int(11) DEFAULT NULL,
  `in_navigation` tinyint(1) NOT NULL,
  `override_url` varchar(255) NOT NULL,
  `redirect_to` varchar(255) NOT NULL,
  `_cached_url` varchar(255) NOT NULL,
  `template_key` varchar(255) NOT NULL,
  `_ct_inventory` longtext,
  `navigation_extension` varchar(200) DEFAULT NULL,
  `_content_title` longtext NOT NULL,
  `_page_title` varchar(69) NOT NULL,
  `publication_date` datetime NOT NULL,
  `publication_end_date` datetime DEFAULT NULL,
  `featured` tinyint(1) NOT NULL,
  PRIMARY KEY (`id`),
  KEY `page_page_329f6fb3` (`lft`),
  KEY `page_page_e763210f` (`rght`),
  KEY `page_page_ba470c4a` (`tree_id`),
  KEY `page_page_20e079f4` (`level`),
  KEY `page_page_f52cfca0` (`slug`),
  KEY `page_page_410d0aac` (`parent_id`),
  KEY `page_page_a855fe49` (`_cached_url`),
  CONSTRAINT `parent_id_refs_id_57a84260` FOREIGN KEY (`parent_id`) REFERENCES `page_page` (`id`)
) ENGINE=InnoDB AUTO_INCREMENT=76 DEFAULT CHARSET=latin1;
/*!40101 SET character_set_client = @saved_cs_client */;

--
-- Dumping data for table `page_page`
--

LOCK TABLES `page_page` WRITE;
/*!40000 ALTER TABLE `page_page` DISABLE KEYS */;
INSERT INTO `page_page` VALUES (1,1,112,1,0,1,'Undergraduate Academics','ug-academics',NULL,0,'/','','/','bricks_left','{\"_version_\": 1, \"main\": [[1, 13], [1, 17]]}',NULL,'','','2014-08-08 20:30:00',NULL,0),(2,2,93,1,1,1,'Undergraduate Majors & Minors','majors',1,1,'','','/majors/','bricks_left','{\"_version_\": 1, \"main\": [[2, 13], [2, 21]]}',NULL,'','','2014-08-08 20:35:00',NULL,0),(3,83,84,1,2,1,'Studio Art','studio-art',2,0,'','','/majors/studio-art/','sellsheet','{\"row1\": [[3, 13]], \"row2\": [[3, 13]], \"main\": [[3, 13], [3, 17]], \"_version_\": 1}',NULL,'Studio Art\r\nBachelor of Arts in Studio Art','','2014-08-08 20:35:00',NULL,0),(4,65,66,1,2,1,'Psychology','psychology',2,0,'','','/majors/psychology/','sellsheet','{\"row1\": [[4, 13]], \"row2\": [[4, 13]], \"main\": [[4, 13], [4, 17]], \"_version_\": 1}',NULL,'Psychology\r\nBachelor of Science in Psychology\r\n','','2014-08-08 20:45:00',NULL,0),(5,17,18,1,2,1,'Chemistry','chemistry',2,0,'','','/majors/chemistry/','sellsheet','{\"row1\": [[5, 13]], \"row2\": [[5, 13]], \"main\": [[5, 13], [5, 17]], \"_version_\": 1}',NULL,'Chemistry\r\nBachelor of Science in Chemistry','','2014-08-08 20:35:00',NULL,0),(6,94,95,1,1,1,'The Jesuit Advantage','jesuit-advantage',1,1,'','','/jesuit-advantage/','bricks_left','{\"_version_\": 1, \"main\": [[6, 13], [6, 17]]}',NULL,'','','2014-08-08 20:30:00',NULL,0),(7,96,97,1,1,1,'Core Curriculum','core',1,1,'','','/core/','bricks_left','{\"main\": [[7, 13], [7, 17]], \"sidebar\": [[7, 17]], \"_version_\": 1}',NULL,'','','2014-08-08 20:30:00',NULL,0),(8,98,99,1,1,1,'Italy Center and Study Abroad','italy-center-and-study-abroad',1,1,'','','/italy-center-and-study-abroad/','bricks_left','{\"_version_\": 1, \"main\": [[8, 13], [8, 17]]}',NULL,'','','2014-08-08 20:30:00',NULL,0),(9,100,101,1,1,1,'LEAP Program','leap',1,1,'','','/leap/','bricks_left','{\"main\": [[9, 13], [9, 17]], \"sidebar\": [[9, 13], [9, 26]], \"_version_\": 1}',NULL,'','','2014-08-08 20:30:00',NULL,0),(10,102,103,1,1,1,'The Honors Program','honors',1,1,'','','/honors/','bricks_left','{\"_version_\": 1, \"main\": [[10, 13], [10, 17]]}',NULL,'','','2014-08-08 20:30:00',NULL,0),(11,104,105,1,1,1,'Service Learning','service-learning',1,1,'','','/service-learning/','bricks_left','{\"_version_\": 1, \"main\": [[11, 13], [11, 17]]}',NULL,'','','2014-08-08 20:30:00',NULL,0),(13,1,2,5,0,1,'Search Spring Hill College','search',NULL,1,'','','/search/','bricks_left','{\"_version_\": 1, \"main\": [[13, 21]]}',NULL,'','','2014-08-08 21:00:00',NULL,0),(14,1,2,6,0,1,'Faculty and Staff Directory','faculty-and-staff-directory',NULL,1,'','http://www.shc.edu/about/directory/','/faculty-and-staff-directory/','bricks_left','',NULL,'','','2014-08-08 21:00:00',NULL,0),(15,1,2,7,0,1,'Campus Map','campus-map',NULL,1,'','http://www.shc.edu/about/map/','/campus-map/','bricks_left','',NULL,'','','2014-08-08 21:00:00',NULL,0),(16,3,4,1,2,1,'Accounting','accounting',2,0,'','','/majors/accounting/','sellsheet','{\"row1\": [[16, 13]], \"row2\": [[16, 13]], \"main\": [[16, 13], [16, 17]], \"_version_\": 1}',NULL,'Accounting\r\nBachelor of Science in Business Administration\r\n','','2014-08-08 20:35:00',NULL,0),(17,31,32,1,2,1,'Financial Economics','financial-economics',2,0,'','','/majors/financial-economics/','sellsheet','{\"row1\": [[17, 13]], \"row2\": [[17, 13]], \"main\": [[17, 13], [17, 17]], \"_version_\": 1}',NULL,'Financial Economics\r\nBachelor of Science in Business Administration\r\n','','2014-08-08 20:35:00',NULL,0),(19,55,56,1,2,1,'Management Marketing','management-marketing',2,0,'','','/majors/management-marketing/','sellsheet','{\"row1\": [[19, 13]], \"row2\": [[19, 13]], \"main\": [[19, 13], [19, 17]], \"_version_\": 1}',NULL,'Management and Marketing\r\nBachelor of Science in Business Administration','','2014-08-08 20:35:00',NULL,0),(20,21,22,1,2,1,'Computer Information Systems','computer-information-systems',2,0,'','','/majors/computer-information-systems/','sellsheet','{\"row1\": [[20, 13]], \"row2\": [[20, 13]], \"main\": [[20, 13], [20, 17]], \"_version_\": 1}',NULL,'Computer Information Systems\r\nBachelor of Science in Business Administration\r\n','','2014-08-08 20:35:00',NULL,0),(21,9,10,1,2,1,'Art Business','art-business',2,0,'','','/majors/art-business/','sellsheet','{\"row1\": [[21, 13]], \"main\": [[21, 13], [21, 17]], \"_version_\": 1}',NULL,'Art Business\r\nBachelor of Arts in Art-Business','','2014-08-08 20:35:00',NULL,0),(22,87,88,1,2,1,'Theater','theater',2,0,'','','/majors/theater/','sellsheet','{\"row1\": [[22, 13]], \"row2\": [[22, 13]], \"main\": [[22, 13], [22, 17]], \"_version_\": 1}',NULL,'Theater\r\nBachelor of Arts in Theater','','2014-08-08 20:35:00',NULL,0),(23,39,40,1,2,1,'Graphic Design','graphic-design',2,0,'','','/majors/graphic-design/','sellsheet','{\"row1\": [[23, 13]], \"row2\": [[23, 13]], \"main\": [[23, 13], [23, 17]], \"_version_\": 1}',NULL,'Graphic Design\r\nBachelor of Arts in Graphic Design','','2014-08-08 20:35:00',NULL,0),(24,25,26,1,2,1,'Digital Video Production','digital-video-production',2,0,'','','/majors/digital-video-production/','sellsheet','{\"row1\": [[24, 13]], \"row2\": [[24, 13]], \"main\": [[24, 13], [24, 17]], \"_version_\": 1}',NULL,'Digital Video Production\r\nBachelor of Arts in Communication Arts\r\n','','2014-08-08 20:35:00',NULL,0),(25,51,52,1,2,1,'Journalism','journalism',2,0,'','','/majors/journalism/','sellsheet','{\"row1\": [[25, 13]], \"row2\": [[25, 13]], \"main\": [[25, 13], [25, 17]], \"_version_\": 1}',NULL,'Journalism\r\nBachelor of Arts in Communication Arts\r\n','','2014-08-08 20:35:00',NULL,0),(26,73,74,1,2,1,'Public Relations Advertising','public-relations-advertising',2,0,'','','/majors/public-relations-advertising/','sellsheet','{\"row1\": [[26, 13]], \"row2\": [[26, 13]], \"main\": [[26, 13], [26, 17]], \"_version_\": 1}',NULL,'Public Relations & Advertising\r\nBachelor of Arts in Communication Arts\r\n','','2014-08-08 20:35:00',NULL,0),(27,27,28,1,2,1,'English','english',2,0,'','','/majors/english/','sellsheet','{\"row1\": [[27, 13]], \"row2\": [[27, 13]], \"main\": [[27, 13], [27, 17]], \"_version_\": 1}',NULL,'English\r\nBachelor of Arts in English','','2014-08-08 20:35:00',NULL,0),(28,37,38,1,2,1,'General Studies','general-studies',2,0,'','','/majors/general-studies/','sellsheet','{\"row1\": [[28, 13]], \"main\": [[28, 13], [28, 17]], \"_version_\": 1}',NULL,'General Studies\r\nBachelor of Science','','2014-08-08 20:35:00',NULL,0),(29,41,42,1,2,1,'Hispanic Studies','hispanic-studies',2,0,'','','/majors/hispanic-studies/','sellsheet','{\"row1\": [[29, 13]], \"main\": [[29, 13], [29, 17]], \"_version_\": 1}',NULL,'Hispanic Studies\r\nBachelor of Arts in Hispanic Studies','','2014-08-08 20:35:00',NULL,0),(30,45,46,1,2,1,'Interdisciplinary Humanities','interdisciplinary-humanities',2,0,'','','/majors/interdisciplinary-humanities/','sellsheet','{\"row1\": [[30, 13]], \"main\": [[30, 13], [30, 17]], \"_version_\": 1}',NULL,'Interdisciplinary Humanities\r\nBachelor of Science in Interdisciplinary Humanities','','2014-08-08 20:35:00',NULL,0),(31,91,92,1,2,1,'Writing','writing',2,0,'','','/majors/writing/','sellsheet','{\"row1\": [[31, 13]], \"row2\": [[31, 13]], \"main\": [[31, 13], [31, 17]], \"_version_\": 1}',NULL,'Writing\r\nBachelor of Arts in Writing','','2014-08-08 20:35:00',NULL,0),(32,11,12,1,2,1,'Biochemistry','biochemistry',2,0,'','','/majors/biochemistry/','sellsheet','{\"row1\": [[32, 13]], \"row2\": [[32, 13]], \"main\": [[32, 13], [32, 17]], \"_version_\": 1}',NULL,'Biochemistry\r\nBachelor of Science in Biochemistry','','2014-08-08 20:35:00',NULL,0),(34,15,16,1,2,1,'Cellular and Molecular Biology','cellular-and-molecular-biology',2,0,'','','/majors/cellular-and-molecular-biology/','sellsheet','{\"row1\": [[34, 13]], \"row2\": [[34, 13]], \"main\": [[34, 13], [34, 17]], \"_version_\": 1}',NULL,'Cell and Molecular Biology\r\nBachelor of Science in Biology','','2014-08-08 20:35:00',NULL,0),(35,59,60,1,2,1,'Organismal and Marine Biology','organismal-and-marine-biology',2,0,'','','/majors/organismal-and-marine-biology/','sellsheet','{\"row1\": [[35, 13]], \"row2\": [[35, 13]], \"main\": [[35, 13], [35, 17]], \"_version_\": 1}',NULL,'Organismal and Marine Biology\r\nBachelor of Science in Biology\r\n','','2014-08-08 20:35:00',NULL,0),(36,69,70,1,2,1,'Pre-Health','pre-health',2,0,'','','/majors/pre-health/','sellsheet','{\"row1\": [[36, 13]], \"row2\": [[36, 13]], \"main\": [[36, 13], [36, 17]], \"_version_\": 1}',NULL,'Pre-Health Science\r\nBachelor of Science in Biology','','2014-08-13 16:00:00',NULL,0),(37,67,68,1,2,1,'Pre-Engineering','pre-engineering',2,0,'','','/majors/pre-engineering/','sellsheet','{\"row1\": [[37, 13]], \"row2\": [[37, 13]], \"main\": [[37, 13], [37, 17]], \"_version_\": 1}',NULL,'Dual Degree in Engineering\r\nBachelor of Science','','2014-08-13 16:00:00',NULL,0),(38,5,6,1,2,1,'Actuarial Math','actuarial-math',2,0,'','','/majors/actuarial-math/','sellsheet','{\"row1\": [[38, 13]], \"main\": [[38, 13], [38, 17]], \"_version_\": 1}',NULL,'Actuarial Mathematics\r\nBachelor of Science in Mathematics','','2014-08-13 16:00:00',NULL,0),(39,7,8,1,2,1,'Applied Math','applied-math',2,0,'','','/majors/applied-math/','sellsheet','{\"row1\": [[39, 13]], \"main\": [[39, 13], [39, 17]], \"_version_\": 1}',NULL,'Applied Mathematics\r\nBachelor of Science in Mathematics','','2014-08-13 16:00:00',NULL,0),(40,19,20,1,2,1,'Computer Analysis','computer-analysis',2,0,'','','/majors/computer-analysis/','sellsheet','{\"row1\": [[40, 13]], \"main\": [[40, 13], [40, 17]], \"_version_\": 1}',NULL,'Computer Analysis\r\nBachelor of Science in Mathematics','','2014-08-13 16:00:00',NULL,0),(41,75,76,1,2,1,'Pure Math','pure-math',2,0,'','','/majors/pure-math/','sellsheet','{\"row1\": [[41, 13]], \"main\": [[41, 13], [41, 17]], \"_version_\": 1}',NULL,'Pure Mathematics\r\nBachelor of Science in Mathematics','','2014-08-08 20:35:00',NULL,0),(42,57,58,1,2,1,'Nursing','nursing',2,0,'','','/majors/nursing/','sellsheet','{\"row1\": [[42, 13]], \"row2\": [[42, 13]], \"main\": [[42, 13], [42, 17]], \"_version_\": 1}',NULL,'Nursing\r\nBachelor of Science in Nursing','','2014-08-08 20:35:00',NULL,0),(43,23,24,1,2,1,'Criminology','criminology',2,0,'','','/majors/criminology/','sellsheet','{\"row1\": [[43, 13]], \"main\": [[43, 13], [43, 17]], \"_version_\": 1}',NULL,'Criminology\r\nBachelor of Arts in Sociology','','2014-08-08 20:35:00',NULL,0),(44,43,44,1,2,1,'History','history',2,0,'','','/majors/history/','sellsheet','{\"row1\": [[44, 13]], \"main\": [[44, 13], [44, 17]], \"_version_\": 1}',NULL,'History\r\nBachelor of Arts in History','','2014-08-08 20:35:00',NULL,0),(45,49,50,1,2,1,'International Studies','international-studies',2,0,'','','/majors/international-studies/','sellsheet','{\"row1\": [[45, 13]], \"main\": [[45, 13], [45, 17]], \"_version_\": 1}',NULL,'International Studies\r\nBachelor of Science in International Studies','','2014-08-08 20:35:00',NULL,0),(46,61,62,1,2,1,'Philosophy','philosophy',2,0,'','','/majors/philosophy/','sellsheet','{\"row1\": [[46, 13]], \"row2\": [[46, 13]], \"main\": [[46, 13], [46, 17]], \"_version_\": 1}',NULL,'Philosophy\r\nBachelor of Arts in Philosophy','','2014-08-08 20:35:00',NULL,0),(47,63,64,1,2,1,'Political Science','political-science',2,0,'','','/majors/political-science/','sellsheet','{\"row1\": [[47, 13]], \"row2\": [[47, 13]], \"main\": [[47, 13], [47, 17]], \"_version_\": 1}',NULL,'Political Science\r\nBachelor of Science in Political Science','','2014-08-08 20:35:00',NULL,0),(49,77,78,1,2,1,'Social Science','social-science',2,0,'','','/majors/social-science/','sellsheet','{\"row1\": [[49, 13]], \"row2\": [[49, 13]], \"main\": [[49, 13], [49, 17]], \"_version_\": 1}',NULL,'Social Science\r\nBachelor of Science in Social Science','','2014-08-08 20:35:00',NULL,0),(50,79,80,1,2,1,'Sociology','sociology',2,0,'','','/majors/sociology/','sellsheet','{\"row1\": [[50, 13]], \"row2\": [[50, 13]], \"main\": [[50, 13], [50, 17]], \"_version_\": 1}',NULL,'Sociology\r\nBachelor of Arts in Sociology','','2014-08-08 20:35:00',NULL,0),(51,85,86,1,2,1,'Teacher Education','teacher-education',2,0,'','','/majors/teacher-education/','sellsheet','{\"row1\": [[51, 13]], \"row2\": [[51, 13]], \"main\": [[51, 13], [51, 17]], \"_version_\": 1}',NULL,'Teacher Education\r\nBachelor of Science Degree in Teacher Education','','2014-08-08 20:35:00',NULL,0),(52,89,90,1,2,1,'Theology','theology',2,0,'','','/majors/theology/','sellsheet','{\"row1\": [[52, 13]], \"row2\": [[52, 13]], \"main\": [[52, 13], [52, 17]], \"_version_\": 1}',NULL,'Theology\r\nBachelor of Arts in Theology','','2014-08-08 20:35:00',NULL,0),(53,47,48,1,2,1,'International Business','international-business',2,0,'','','/majors/international-business/','sellsheet','{\"row1\": [[53, 13]], \"row2\": [[53, 13]], \"main\": [[53, 13], [53, 17]], \"_version_\": 1}',NULL,'International Business\r\nBachelor of Science in Business Administration\r\n','','2014-08-15 12:25:00',NULL,0),(54,106,107,1,1,1,'Bulletin of Information','bulletin',1,1,'','','/bulletin/','bricks_left','{\"_version_\": 1, \"main\": [[54, 28]]}',NULL,'','','2014-09-08 11:50:00',NULL,0),(55,108,109,1,1,1,'Academic Calendar','academic-calendar',1,1,'','http://www.shc.edu/calendar','/academic-calendar/','bricks_left','',NULL,'','','2014-08-08 20:30:00',NULL,0),(56,110,111,1,1,1,'Academic Services','academic-services',1,1,'','','/academic-services/','bricks_left','{\"_version_\": 1, \"main\": [[56, 13]]}',NULL,'','','2014-08-08 20:30:00',NULL,0),(58,33,34,1,2,1,'Forensics','forensics',2,0,'','','/majors/forensics/','sellsheet','{\"row1\": [[58, 13]], \"row2\": [[58, 13]], \"main\": [[58, 13], [58, 17]], \"_version_\": 1}',NULL,'Forensics\r\nMinor in Forensic Science','','2014-08-08 20:35:00',NULL,0),(59,35,36,1,2,1,'French','french',2,0,'','','/majors/french/','sellsheet','{\"row1\": [[59, 13]], \"row2\": [[59, 13]], \"main\": [[59, 13], [59, 17]], \"_version_\": 1}',NULL,'French\r\nMinor in French Language','','2014-09-19 13:20:00',NULL,0),(60,53,54,1,2,1,'Latin American Studies','latin-american-studies',2,0,'','','/majors/latin-american-studies/','sellsheet','{\"row1\": [[60, 13]], \"row2\": [[60, 13]], \"main\": [[60, 13], [60, 17]], \"_version_\": 1}',NULL,'Latin American Studies\r\nMinor in Latin American Studies','','2014-08-08 20:35:00',NULL,0),(61,81,82,1,2,1,'Spanish','spanish',2,0,'','','/majors/spanish/','sellsheet','{\"row1\": [[61, 13]], \"row2\": [[61, 13]], \"main\": [[61, 13], [61, 17]], \"_version_\": 1}',NULL,'Spanish\r\nMinor in Spanish Language','','2014-09-19 13:20:00',NULL,0),(62,71,72,1,2,1,'Pre-Law','pre-law',2,0,'','','/majors/pre-law/','sellsheet','{\"row1\": [[62, 13]], \"row2\": [[62, 13]], \"main\": [[62, 13], [62, 17]], \"_version_\": 1}',NULL,'Pre-Law\r\nMinor in Pre-Law','','2014-09-19 13:20:00',NULL,0),(63,13,14,1,2,1,'Business Administration','business-administration',2,0,'','','/majors/business-administration/','sellsheet','{\"row1\": [[63, 13]], \"row2\": [[63, 13]], \"main\": [[63, 13], [63, 17]], \"_version_\": 1}',NULL,'Business Administration\r\nMinor in Business Administration','','2014-09-19 13:25:00',NULL,0),(64,29,30,1,2,1,'Finance','finance',2,0,'','','/majors/finance/','sellsheet','{\"row1\": [[64, 13]], \"row2\": [[64, 13]], \"main\": [[64, 13], [64, 17]], \"_version_\": 1}',NULL,'Finance\r\nMinor in Finance','','2014-09-19 13:25:00',NULL,0),(65,1,20,3,0,1,'Graduate Degrees','graduate-degrees',NULL,0,'','','/graduate-degrees/','grad_page','{\"_version_\": 1, \"main\": [[65, 13], [65, 21]]}',NULL,'','','2015-01-20 11:05:00',NULL,0),(66,6,7,3,1,1,'Master of Pastoral Studies','master-pastoral-studies',65,0,'','','/graduate-degrees/master-pastoral-studies/','grad_sellsheet','',NULL,'Master of Pastoral Studies','','2015-01-20 11:05:00',NULL,0),(67,2,5,3,1,1,'Master of Business Administration','master-business-administration',65,0,'','','/graduate-degrees/master-business-administration/','grad_sellsheet','{\"row1\": [[67, 13]], \"row2\": [[67, 13]], \"main\": [[67, 13], [67, 17]], \"_version_\": 1}',NULL,'Master of Business Administration','','2015-01-20 11:05:00',NULL,0),(68,8,9,3,1,1,'Master of Arts in Theological Studies','master-arts-theological-studies',65,0,'','','/graduate-degrees/master-arts-theological-studies/','grad_sellsheet','',NULL,'Master of Arts in Theological Studies','','2015-01-20 11:05:00',NULL,0),(69,10,11,3,1,1,'Master of Theological Studies','master-theological-studies',65,0,'','','/graduate-degrees/master-theological-studies/','grad_sellsheet','{\"row1\": [[69, 13]], \"row2\": [[69, 13]], \"main\": [[69, 13], [69, 17]], \"_version_\": 1}',NULL,'Master of Theological Studies','','2015-01-20 11:05:00',NULL,0),(70,12,13,3,1,1,'Master of Science in Education','master-science-education',65,0,'','','/graduate-degrees/master-science-education/','grad_sellsheet','',NULL,'Master of Science in Education','','2015-01-20 11:05:00',NULL,0),(71,14,15,3,1,1,'Master of Arts in Teaching','master-arts-teaching',65,0,'','','/graduate-degrees/master-arts-teaching/','grad_sellsheet','{\"row1\": [[71, 13]], \"row2\": [[71, 13]], \"main\": [[71, 13], [71, 17]], \"_version_\": 1}',NULL,'Master of Arts in Teaching','','2015-01-20 11:05:00',NULL,0),(72,16,17,3,1,1,'The Master of Science in Nursing','master-science-nursing',65,0,'','','/graduate-degrees/master-science-nursing/','grad_sellsheet','{\"row1\": [[72, 13]], \"row2\": [[72, 13]], \"main\": [[72, 13], [72, 17]], \"_version_\": 1}',NULL,'Master of Science in Nursing','','2015-01-20 11:05:00',NULL,0),(74,18,19,3,1,1,'Master of Liberal Arts','master-liberal-arts',65,0,'','','/graduate-degrees/master-liberal-arts/','grad_sellsheet','{\"row1\": [[74, 13]], \"row2\": [[74, 13]], \"main\": [[74, 13], [74, 17]], \"_version_\": 1}',NULL,'Master of Liberal Arts','','2015-01-20 11:05:00',NULL,0),(75,3,4,3,2,1,'Admission Requirements for MBA','admission-requirements-mba',67,0,'','','/graduate-degrees/master-business-administration/admission-requirements-mba/','grad_page','',NULL,'','','2015-01-20 11:05:00',NULL,0);
/*!40000 ALTER TABLE `page_page` ENABLE KEYS */;
UNLOCK TABLES;

--
-- Table structure for table `page_page_directorylistingcontent`
--

DROP TABLE IF EXISTS `page_page_directorylistingcontent`;
/*!40101 SET @saved_cs_client     = @@character_set_client */;
/*!40101 SET character_set_client = utf8 */;
CREATE TABLE `page_page_directorylistingcontent` (
  `id` int(11) NOT NULL AUTO_INCREMENT,
  `group_code` varchar(5) NOT NULL,
  `query_options` varchar(100) NOT NULL,
  `parent_id` int(11) NOT NULL,
  `region` varchar(255) NOT NULL,
  `ordering` int(11) NOT NULL,
  PRIMARY KEY (`id`),
  KEY `page_page_directorylistingcontent_70f1c41a` (`parent_id`),
  CONSTRAINT `parent_id_refs_id_3269ef73` FOREIGN KEY (`parent_id`) REFERENCES `page_page` (`id`)
) ENGINE=InnoDB AUTO_INCREMENT=3 DEFAULT CHARSET=latin1;
/*!40101 SET character_set_client = @saved_cs_client */;

--
-- Dumping data for table `page_page_directorylistingcontent`
--

LOCK TABLES `page_page_directorylistingcontent` WRITE;
/*!40000 ALTER TABLE `page_page_directorylistingcontent` DISABLE KEYS */;
INSERT INTO `page_page_directorylistingcontent` VALUES (2,'LEAP','order=priority&thresh=2',9,'sidebar',1);
/*!40000 ALTER TABLE `page_page_directorylistingcontent` ENABLE KEYS */;
UNLOCK TABLES;

--
-- Table structure for table `page_page_formcontent`
--

DROP TABLE IF EXISTS `page_page_formcontent`;
/*!40101 SET @saved_cs_client     = @@character_set_client */;
/*!40101 SET character_set_client = utf8 */;
CREATE TABLE `page_page_formcontent` (
  `id` int(11) NOT NULL AUTO_INCREMENT,
  `form_id` int(11) NOT NULL,
  `parent_id` int(11) NOT NULL,
  `region` varchar(255) NOT NULL,
  `ordering` int(11) NOT NULL,
  PRIMARY KEY (`id`),
  KEY `page_page_formcontent_c3d79a6c` (`form_id`),
  KEY `page_page_formcontent_70f1c41a` (`parent_id`),
  CONSTRAINT `form_id_refs_id_14576c4a` FOREIGN KEY (`form_id`) REFERENCES `forms_form` (`id`),
  CONSTRAINT `parent_id_refs_id_d25ae070` FOREIGN KEY (`parent_id`) REFERENCES `page_page` (`id`)
) ENGINE=InnoDB DEFAULT CHARSET=latin1;
/*!40101 SET character_set_client = @saved_cs_client */;

--
-- Dumping data for table `page_page_formcontent`
--

LOCK TABLES `page_page_formcontent` WRITE;
/*!40000 ALTER TABLE `page_page_formcontent` DISABLE KEYS */;
/*!40000 ALTER TABLE `page_page_formcontent` ENABLE KEYS */;
UNLOCK TABLES;

--
-- Table structure for table `page_page_mediacategorylistingcontent`
--

DROP TABLE IF EXISTS `page_page_mediacategorylistingcontent`;
/*!40101 SET @saved_cs_client     = @@character_set_client */;
/*!40101 SET character_set_client = utf8 */;
CREATE TABLE `page_page_mediacategorylistingcontent` (
  `id` int(11) NOT NULL AUTO_INCREMENT,
  `category_id` int(11) NOT NULL,
  `parent_id` int(11) NOT NULL,
  `region` varchar(255) NOT NULL,
  `ordering` int(11) NOT NULL,
  PRIMARY KEY (`id`),
  KEY `page_page_mediacategorylistingcontent_6f33f001` (`category_id`),
  KEY `page_page_mediacategorylistingcontent_70f1c41a` (`parent_id`),
  CONSTRAINT `category_id_refs_id_174c672b` FOREIGN KEY (`category_id`) REFERENCES `medialibrary_category` (`id`),
  CONSTRAINT `parent_id_refs_id_0e7675d7` FOREIGN KEY (`parent_id`) REFERENCES `page_page` (`id`)
) ENGINE=InnoDB AUTO_INCREMENT=3 DEFAULT CHARSET=latin1;
/*!40101 SET character_set_client = @saved_cs_client */;

--
-- Dumping data for table `page_page_mediacategorylistingcontent`
--

LOCK TABLES `page_page_mediacategorylistingcontent` WRITE;
/*!40000 ALTER TABLE `page_page_mediacategorylistingcontent` DISABLE KEYS */;
INSERT INTO `page_page_mediacategorylistingcontent` VALUES (2,3,54,'main',0);
/*!40000 ALTER TABLE `page_page_mediacategorylistingcontent` ENABLE KEYS */;
UNLOCK TABLES;

--
-- Table structure for table `page_page_mediafilecontent`
--

DROP TABLE IF EXISTS `page_page_mediafilecontent`;
/*!40101 SET @saved_cs_client     = @@character_set_client */;
/*!40101 SET character_set_client = utf8 */;
CREATE TABLE `page_page_mediafilecontent` (
  `id` int(11) NOT NULL AUTO_INCREMENT,
  `mediafile_id` int(11) NOT NULL,
  `parent_id` int(11) NOT NULL,
  `region` varchar(255) NOT NULL,
  `ordering` int(11) NOT NULL,
  `type` varchar(20) NOT NULL,
  PRIMARY KEY (`id`),
  KEY `page_page_mediafilecontent_6beebea1` (`mediafile_id`),
  KEY `page_page_mediafilecontent_410d0aac` (`parent_id`),
  CONSTRAINT `mediafile_id_refs_id_e428aa3c` FOREIGN KEY (`mediafile_id`) REFERENCES `medialibrary_mediafile` (`id`),
  CONSTRAINT `parent_id_refs_id_1ef5d3cc` FOREIGN KEY (`parent_id`) REFERENCES `page_page` (`id`)
) ENGINE=InnoDB AUTO_INCREMENT=73 DEFAULT CHARSET=latin1;
/*!40101 SET character_set_client = @saved_cs_client */;

--
-- Dumping data for table `page_page_mediafilecontent`
--

LOCK TABLES `page_page_mediafilecontent` WRITE;
/*!40000 ALTER TABLE `page_page_mediafilecontent` DISABLE KEYS */;
INSERT INTO `page_page_mediafilecontent` VALUES (1,54,1,'main',0,'default'),(3,3,3,'main',0,'default'),(5,4,4,'main',0,'default'),(6,5,5,'main',0,'default'),(7,6,16,'main',0,'default'),(8,7,17,'main',0,'default'),(9,8,53,'main',0,'default'),(10,9,19,'main',0,'default'),(11,10,20,'main',0,'default'),(12,11,21,'main',0,'default'),(13,12,23,'main',0,'default'),(14,13,24,'main',0,'default'),(15,14,25,'main',0,'default'),(16,15,26,'main',0,'default'),(17,16,27,'main',0,'default'),(18,17,28,'main',0,'default'),(19,18,29,'main',0,'default'),(20,19,30,'main',0,'default'),(21,20,31,'main',0,'default'),(22,21,32,'main',0,'default'),(23,22,34,'main',0,'default'),(24,23,35,'main',0,'default'),(25,24,41,'main',0,'default'),(26,25,42,'main',0,'default'),(27,26,43,'main',0,'default'),(28,27,44,'main',0,'default'),(29,28,47,'main',0,'default'),(30,29,38,'main',0,'default'),(31,30,40,'main',0,'default'),(32,31,45,'main',0,'default'),(33,32,37,'main',0,'default'),(34,33,36,'main',0,'default'),(35,34,39,'main',0,'default'),(36,35,46,'main',0,'default'),(37,36,49,'main',0,'default'),(38,37,50,'main',0,'default'),(39,38,51,'main',0,'default'),(40,39,52,'main',0,'default'),(41,40,22,'main',0,'default'),(42,53,6,'main',0,'default'),(43,48,7,'main',0,'default'),(45,57,8,'main',6,'default'),(46,60,9,'main',0,'default'),(48,58,8,'main',0,'default'),(49,59,8,'main',3,'default'),(50,55,11,'main',0,'default'),(51,61,10,'main',0,'default'),(52,62,10,'main',4,'default'),(54,67,7,'sidebar',0,'default'),(57,81,58,'main',0,'default'),(58,82,64,'main',0,'default'),(59,83,59,'main',0,'default'),(60,84,63,'main',0,'default'),(61,85,62,'main',0,'default'),(62,86,61,'main',0,'default'),(63,87,60,'main',0,'default'),(64,46,1,'main',3,'default'),(65,88,66,'main',0,'default'),(66,89,67,'main',0,'default'),(67,90,68,'main',0,'default'),(68,91,69,'main',0,'default'),(69,92,70,'main',0,'default'),(70,93,71,'main',0,'default'),(71,94,72,'main',0,'default'),(72,93,74,'main',0,'default');
/*!40000 ALTER TABLE `page_page_mediafilecontent` ENABLE KEYS */;
UNLOCK TABLES;

--
-- Table structure for table `page_page_pageteasercontent`
--

DROP TABLE IF EXISTS `page_page_pageteasercontent`;
/*!40101 SET @saved_cs_client     = @@character_set_client */;
/*!40101 SET character_set_client = utf8 */;
CREATE TABLE `page_page_pageteasercontent` (
  `id` int(11) NOT NULL AUTO_INCREMENT,
  `page_id` int(11) NOT NULL,
  `mediafile_id` int(11) NOT NULL,
  `title` varchar(100) NOT NULL,
  `parent_id` int(11) NOT NULL,
  `region` varchar(255) NOT NULL,
  `ordering` int(11) NOT NULL,
  PRIMARY KEY (`id`),
  KEY `page_page_pageteasercontent_3fb9c94f` (`page_id`),
  KEY `page_page_pageteasercontent_6beebea1` (`mediafile_id`),
  KEY `page_page_pageteasercontent_410d0aac` (`parent_id`),
  CONSTRAINT `mediafile_id_refs_id_39a72ff9` FOREIGN KEY (`mediafile_id`) REFERENCES `medialibrary_mediafile` (`id`),
  CONSTRAINT `page_id_refs_id_a2c77a3f` FOREIGN KEY (`page_id`) REFERENCES `page_page` (`id`),
  CONSTRAINT `parent_id_refs_id_a2c77a3f` FOREIGN KEY (`parent_id`) REFERENCES `page_page` (`id`)
) ENGINE=InnoDB DEFAULT CHARSET=latin1;
/*!40101 SET character_set_client = @saved_cs_client */;

--
-- Dumping data for table `page_page_pageteasercontent`
--

LOCK TABLES `page_page_pageteasercontent` WRITE;
/*!40000 ALTER TABLE `page_page_pageteasercontent` DISABLE KEYS */;
/*!40000 ALTER TABLE `page_page_pageteasercontent` ENABLE KEYS */;
UNLOCK TABLES;

--
-- Table structure for table `page_page_rawcontent`
--

DROP TABLE IF EXISTS `page_page_rawcontent`;
/*!40101 SET @saved_cs_client     = @@character_set_client */;
/*!40101 SET character_set_client = utf8 */;
CREATE TABLE `page_page_rawcontent` (
  `id` int(11) NOT NULL AUTO_INCREMENT,
  `text` longtext NOT NULL,
  `parent_id` int(11) NOT NULL,
  `region` varchar(255) NOT NULL,
  `ordering` int(11) NOT NULL,
  PRIMARY KEY (`id`),
  KEY `page_page_rawcontent_410d0aac` (`parent_id`),
  CONSTRAINT `parent_id_refs_id_c5ca8f31` FOREIGN KEY (`parent_id`) REFERENCES `page_page` (`id`)
) ENGINE=InnoDB DEFAULT CHARSET=latin1;
/*!40101 SET character_set_client = @saved_cs_client */;

--
-- Dumping data for table `page_page_rawcontent`
--

LOCK TABLES `page_page_rawcontent` WRITE;
/*!40000 ALTER TABLE `page_page_rawcontent` DISABLE KEYS */;
/*!40000 ALTER TABLE `page_page_rawcontent` ENABLE KEYS */;
UNLOCK TABLES;

--
-- Table structure for table `page_page_related_pages`
--

DROP TABLE IF EXISTS `page_page_related_pages`;
/*!40101 SET @saved_cs_client     = @@character_set_client */;
/*!40101 SET character_set_client = utf8 */;
CREATE TABLE `page_page_related_pages` (
  `id` int(11) NOT NULL AUTO_INCREMENT,
  `from_page_id` int(11) NOT NULL,
  `to_page_id` int(11) NOT NULL,
  PRIMARY KEY (`id`),
  UNIQUE KEY `page_page_related_pages_from_page_id_6906ab991a0f2310_uniq` (`from_page_id`,`to_page_id`),
  KEY `page_page_related_pages_0c853e85` (`from_page_id`),
  KEY `page_page_related_pages_78cae910` (`to_page_id`),
  CONSTRAINT `from_page_id_refs_id_a66a9e22` FOREIGN KEY (`from_page_id`) REFERENCES `page_page` (`id`),
  CONSTRAINT `to_page_id_refs_id_a66a9e22` FOREIGN KEY (`to_page_id`) REFERENCES `page_page` (`id`)
) ENGINE=InnoDB DEFAULT CHARSET=latin1;
/*!40101 SET character_set_client = @saved_cs_client */;

--
-- Dumping data for table `page_page_related_pages`
--

LOCK TABLES `page_page_related_pages` WRITE;
/*!40000 ALTER TABLE `page_page_related_pages` DISABLE KEYS */;
/*!40000 ALTER TABLE `page_page_related_pages` ENABLE KEYS */;
UNLOCK TABLES;

--
-- Table structure for table `page_page_richtextcontent`
--

DROP TABLE IF EXISTS `page_page_richtextcontent`;
/*!40101 SET @saved_cs_client     = @@character_set_client */;
/*!40101 SET character_set_client = utf8 */;
CREATE TABLE `page_page_richtextcontent` (
  `id` int(11) NOT NULL AUTO_INCREMENT,
  `text` longtext NOT NULL,
  `parent_id` int(11) NOT NULL,
  `region` varchar(255) NOT NULL,
  `ordering` int(11) NOT NULL,
  PRIMARY KEY (`id`),
  KEY `page_page_richtextcontent_410d0aac` (`parent_id`),
  CONSTRAINT `parent_id_refs_id_a4c1d9e4` FOREIGN KEY (`parent_id`) REFERENCES `page_page` (`id`)
) ENGINE=InnoDB DEFAULT CHARSET=latin1;
/*!40101 SET character_set_client = @saved_cs_client */;

--
-- Dumping data for table `page_page_richtextcontent`
--

LOCK TABLES `page_page_richtextcontent` WRITE;
/*!40000 ALTER TABLE `page_page_richtextcontent` DISABLE KEYS */;
/*!40000 ALTER TABLE `page_page_richtextcontent` ENABLE KEYS */;
UNLOCK TABLES;

--
-- Table structure for table `page_page_slidecontent`
--

DROP TABLE IF EXISTS `page_page_slidecontent`;
/*!40101 SET @saved_cs_client     = @@character_set_client */;
/*!40101 SET character_set_client = utf8 */;
CREATE TABLE `page_page_slidecontent` (
  `id` int(11) NOT NULL AUTO_INCREMENT,
  `mediafile_id` int(11) NOT NULL,
  `title` varchar(100) NOT NULL,
  `subtitle` varchar(100) NOT NULL,
  `area` varchar(10) NOT NULL,
  `parent_id` int(11) NOT NULL,
  `region` varchar(255) NOT NULL,
  `ordering` int(11) NOT NULL,
  PRIMARY KEY (`id`),
  KEY `page_page_slidecontent_6beebea1` (`mediafile_id`),
  KEY `page_page_slidecontent_410d0aac` (`parent_id`),
  CONSTRAINT `mediafile_id_refs_id_18501de8` FOREIGN KEY (`mediafile_id`) REFERENCES `medialibrary_mediafile` (`id`),
  CONSTRAINT `parent_id_refs_id_6e771e82` FOREIGN KEY (`parent_id`) REFERENCES `page_page` (`id`)
) ENGINE=InnoDB DEFAULT CHARSET=latin1;
/*!40101 SET character_set_client = @saved_cs_client */;

--
-- Dumping data for table `page_page_slidecontent`
--

LOCK TABLES `page_page_slidecontent` WRITE;
/*!40000 ALTER TABLE `page_page_slidecontent` DISABLE KEYS */;
/*!40000 ALTER TABLE `page_page_slidecontent` ENABLE KEYS */;
UNLOCK TABLES;

--
-- Table structure for table `page_page_subpagecontent`
--

DROP TABLE IF EXISTS `page_page_subpagecontent`;
/*!40101 SET @saved_cs_client     = @@character_set_client */;
/*!40101 SET character_set_client = utf8 */;
CREATE TABLE `page_page_subpagecontent` (
  `id` int(11) NOT NULL AUTO_INCREMENT,
  `style` varchar(20) NOT NULL,
  `parent_id` int(11) NOT NULL,
  `region` varchar(255) NOT NULL,
  `ordering` int(11) NOT NULL,
  PRIMARY KEY (`id`),
  KEY `page_page_subpagecontent_410d0aac` (`parent_id`),
  CONSTRAINT `parent_id_refs_id_36743ff0` FOREIGN KEY (`parent_id`) REFERENCES `page_page` (`id`)
) ENGINE=InnoDB DEFAULT CHARSET=latin1;
/*!40101 SET character_set_client = @saved_cs_client */;

--
-- Dumping data for table `page_page_subpagecontent`
--

LOCK TABLES `page_page_subpagecontent` WRITE;
/*!40000 ALTER TABLE `page_page_subpagecontent` DISABLE KEYS */;
/*!40000 ALTER TABLE `page_page_subpagecontent` ENABLE KEYS */;
UNLOCK TABLES;

--
-- Table structure for table `page_page_templatecontent`
--

DROP TABLE IF EXISTS `page_page_templatecontent`;
/*!40101 SET @saved_cs_client     = @@character_set_client */;
/*!40101 SET character_set_client = utf8 */;
CREATE TABLE `page_page_templatecontent` (
  `id` int(11) NOT NULL AUTO_INCREMENT,
  `parent_id` int(11) NOT NULL,
  `region` varchar(255) NOT NULL,
  `ordering` int(11) NOT NULL,
  `filename` varchar(100) NOT NULL,
  PRIMARY KEY (`id`),
  KEY `page_page_templatecontent_70f1c41a` (`parent_id`),
  CONSTRAINT `parent_id_refs_id_bbc87beb` FOREIGN KEY (`parent_id`) REFERENCES `page_page` (`id`)
) ENGINE=InnoDB AUTO_INCREMENT=6 DEFAULT CHARSET=latin1;
/*!40101 SET character_set_client = @saved_cs_client */;

--
-- Dumping data for table `page_page_templatecontent`
--

LOCK TABLES `page_page_templatecontent` WRITE;
/*!40000 ALTER TABLE `page_page_templatecontent` DISABLE KEYS */;
INSERT INTO `page_page_templatecontent` VALUES (2,2,'main',1,'ug-majors-and-minors.html'),(3,13,'main',0,'searchbox.html'),(4,13,'main',1,'searchresults.html'),(5,65,'main',2,'grad_degrees.html');
/*!40000 ALTER TABLE `page_page_templatecontent` ENABLE KEYS */;
UNLOCK TABLES;

--
-- Table structure for table `page_page_testimonials`
--

DROP TABLE IF EXISTS `page_page_testimonials`;
/*!40101 SET @saved_cs_client     = @@character_set_client */;
/*!40101 SET character_set_client = utf8 */;
CREATE TABLE `page_page_testimonials` (
  `id` int(11) NOT NULL AUTO_INCREMENT,
  `page_id` int(11) NOT NULL,
  `testimonial_id` int(11) NOT NULL,
  PRIMARY KEY (`id`),
  UNIQUE KEY `page_page_testimonials_page_id_62b3b96636f89a77_uniq` (`page_id`,`testimonial_id`),
  KEY `page_page_testimonials_3fb9c94f` (`page_id`),
  KEY `page_page_testimonials_d40208ba` (`testimonial_id`),
  CONSTRAINT `page_id_refs_id_87ab98d3` FOREIGN KEY (`page_id`) REFERENCES `page_page` (`id`),
  CONSTRAINT `testimonial_id_refs_id_57d39c84` FOREIGN KEY (`testimonial_id`) REFERENCES `testimonials_testimonial` (`id`)
) ENGINE=InnoDB AUTO_INCREMENT=3322 DEFAULT CHARSET=latin1;
/*!40101 SET character_set_client = @saved_cs_client */;

--
-- Dumping data for table `page_page_testimonials`
--

LOCK TABLES `page_page_testimonials` WRITE;
/*!40000 ALTER TABLE `page_page_testimonials` DISABLE KEYS */;
INSERT INTO `page_page_testimonials` VALUES (2237,3,8),(2238,3,9),(1733,4,10),(1734,4,11),(1735,4,12),(1730,4,132),(1731,4,133),(1732,4,134),(1361,5,13),(1362,5,14),(1688,16,15),(1686,16,16),(1687,16,17),(1695,17,18),(1696,17,19),(1697,17,20),(1707,19,18),(1705,19,112),(1706,19,113),(1709,19,114),(1708,19,115),(1690,20,22),(1691,20,23),(1689,20,24),(1710,21,25),(1711,21,116),(1712,21,117),(1736,22,26),(1737,22,27),(1738,22,28),(1757,23,29),(1756,23,30),(1754,23,31),(1755,23,77),(1781,24,32),(1782,24,33),(1777,25,35),(1778,25,36),(1779,25,37),(1780,25,38),(1791,26,39),(1788,26,40),(1789,26,41),(1790,26,42),(1792,26,135),(2231,27,43),(2232,27,44),(2233,27,45),(2234,27,46),(2235,27,47),(2236,27,48),(2229,27,165),(2230,27,166),(1638,28,49),(1639,29,50),(1640,29,51),(1641,29,52),(1642,29,53),(1643,29,54),(1644,29,55),(1649,30,56),(1590,31,57),(1591,31,58),(1592,31,59),(1593,31,124),(1594,31,125),(1621,32,60),(1622,32,61),(1620,32,62),(1623,32,126),(1627,34,63),(1624,34,128),(1625,34,129),(1626,34,130),(1483,35,63),(1480,35,64),(1481,35,65),(1482,35,66),(1606,36,63),(1604,36,90),(1605,36,91),(1723,37,88),(1724,37,89),(2219,38,120),(2220,38,121),(2221,38,163),(2216,39,120),(2217,39,121),(2218,39,163),(1630,40,120),(1631,40,121),(2222,41,120),(2223,41,121),(2224,41,163),(1719,42,68),(1720,42,69),(1721,42,70),(1722,42,71),(1718,42,72),(1374,43,73),(1375,43,74),(1376,43,75),(1645,44,76),(1646,44,77),(1647,44,78),(1648,44,79),(1650,45,86),(1651,45,87),(1743,46,94),(1744,46,95),(1742,46,96),(1498,47,80),(1499,47,81),(1500,47,82),(1501,47,83),(1537,49,98),(1540,49,118),(1541,49,119),(1539,49,122),(1538,49,123),(1546,50,99),(1547,50,100),(1548,50,101),(1549,50,102),(1563,51,103),(1560,51,104),(1561,51,105),(1562,51,106),(1580,52,107),(1581,52,108),(1582,52,109),(1583,52,110),(1584,52,111),(1800,53,21),(1801,53,127),(1799,53,131),(2213,58,142),(2214,58,143),(2211,58,144),(2212,58,145),(2104,59,160),(2105,59,161),(2227,60,155),(2228,60,164),(2206,61,53),(2209,61,54),(2208,61,149),(2207,61,150),(2210,61,151),(2169,62,147),(2170,62,148),(2171,62,156),(2172,62,157),(2173,62,158),(2174,62,159),(2168,62,162),(2180,63,115),(2178,63,153),(2179,63,154),(2181,64,20),(2182,64,127),(3219,66,177),(3220,66,178),(3221,66,179),(3321,67,21),(3312,67,167),(3313,67,168),(3314,67,169),(3315,67,170),(3316,67,171),(3317,67,173),(3318,67,174),(3319,67,175),(3320,67,176),(3235,68,183),(3232,68,184),(3233,68,185),(3234,68,186),(3236,69,180),(3237,69,181),(3238,69,182),(3239,70,106),(3240,70,187),(3241,70,188),(3242,70,189),(3243,70,190),(3244,70,191),(3245,71,106),(3246,71,187),(3247,71,188),(3248,71,189),(3249,71,190),(3250,71,191),(3251,72,192),(3252,72,193),(3253,72,194),(3254,72,195),(3255,72,196),(3256,74,198),(3257,74,199),(3258,74,200),(3259,74,201),(3260,74,202),(3261,74,203),(3311,75,21),(3302,75,167),(3303,75,168),(3304,75,169),(3305,75,170),(3306,75,171),(3307,75,173),(3308,75,174),(3309,75,175),(3310,75,176);
/*!40000 ALTER TABLE `page_page_testimonials` ENABLE KEYS */;
UNLOCK TABLES;

--
-- Table structure for table `page_page_textilepagecontent`
--

DROP TABLE IF EXISTS `page_page_textilepagecontent`;
/*!40101 SET @saved_cs_client     = @@character_set_client */;
/*!40101 SET character_set_client = utf8 */;
CREATE TABLE `page_page_textilepagecontent` (
  `id` int(11) NOT NULL AUTO_INCREMENT,
  `content` longtext NOT NULL,
  `parent_id` int(11) NOT NULL,
  `region` varchar(255) NOT NULL,
  `ordering` int(11) NOT NULL,
  PRIMARY KEY (`id`),
  KEY `page_page_textilepagecontent_70f1c41a` (`parent_id`),
  CONSTRAINT `parent_id_refs_id_e79e1486` FOREIGN KEY (`parent_id`) REFERENCES `page_page` (`id`)
) ENGINE=InnoDB AUTO_INCREMENT=437 DEFAULT CHARSET=latin1;
/*!40101 SET character_set_client = @saved_cs_client */;

--
-- Dumping data for table `page_page_textilepagecontent`
--

LOCK TABLES `page_page_textilepagecontent` WRITE;
/*!40000 ALTER TABLE `page_page_textilepagecontent` DISABLE KEYS */;
INSERT INTO `page_page_textilepagecontent` VALUES (1,'h1. You. At SHC.\r\n\r\np(emphatic). You’re not a number. We won’t treat you that way.\r\n\r\nThe next four years are all about you.\r\n\r\nFind your passion. Follow your dreams. Choose from 46 undergraduate majors and areas of concentration. Create your own internship program. Hone your skills as a speaker and writer. Make key business connections. Gather a portfolio of real accomplishments—before you graduate.\r\n\r\nGet one-on-one attention from professors. Enjoy small class sizes with a faculty to staff ratio of 17:1. Take classes when it’s convenient: in the evenings, online, or during the day.',1,'main',1),(2,'h1. You. Global.\r\n\r\np(emphatic). You in Italy? We’ll make it happen.',1,'main',2),(3,'h1. Want to be challenged, engaged, and inspired?\r\n\r\np(emphatic). You belong at Spring Hill College.',1,'main',5),(4,'\"(button) Undergraduate Majors and Minors\":/majors',1,'main',6),(5,'p(emphatic). Find Your Passion',2,'main',0),(7,'The Spring Hill College Department of Psychology provides practical education and field experience to enable students to find jobs in psychology-related fields immediately after obtaining the bachelor\'s degree. \r\n\r\nWe also prepare students for graduate training in clinical psychology, school psychology, counseling, and a wide variety of experimental psychology programs. A unique feature of Spring Hill’s program is the emphasis on high standards of academic scholarship and research, community service, and personal growth.',4,'main',1),(8,'h1. Honors and Achievements\r\n\r\n* Six students presented at the 2014 Georgia Undergraduate Research in Psychology Conference.\r\n* Nine students were published in the 2013 Encyclopedia of Critical Psychology.\r\n* Psychology seniors had a 100% pass rate for the ETS Exit Exam.\r\n* Students are inducted each year into the SHC chapter of the Psi Chi Psychology Honor Society.\r\n* The Psychology Club hosts numerous events and programs throughout the year, including the Peer One Project, Safe Spaces training, suicide awareness training, and sexual assault awareness.',4,'main',2),(12,'Would you like to develop a life-saving drug, design a space capsule, or analyze moon rock? What about studying DNA molecules or creating a new antibiotic? \r\n\r\nAt Spring Hill College, you’ll explore the role of chemistry in everyday life, and apply your knowledge to understand and provide possible solutions to current day concerns like acid rain, global warming, and water quality.\r\n\r\nWhile the majority of SHC students go on to pursue a Ph.D., careers are also available in pharmaceuticals, education, chemical and petroleum industries,  medicine and allied health, as well as research labs.',5,'main',1),(13,'In the Jesuit tradition, your studies at Spring Hill will truly be more than an education, but a rewarding experience that will shape your leadership skills and commitment to serve others.\r\n\r\nFor almost five centuries, Jesuit education has existed as a model of academic excellence throughout the world. Spring Hill College is the third oldest Jesuit college in the United States, after Georgetown and Saint Louis University. ',6,'main',1),(14,'p(emphatic). At its core, a Jesuit education:\r\n\r\n* Seeks to develop the whole person – mind, body and spirit\r\n* Provides broad-based, collaborative learning and challenging academics\r\n* Encourages critical, analytical and creative approaches to problem-solving\r\n* Forms men and women in service to others\r\n* Places emphasis on values, ethics, and the development of moral character\r\n* Builds global awareness through immersion and study abroad programs\r\n\r\n',6,'main',2),(15,'h1. The Jesuits\r\n\r\n!thumbor(full) http://ug.shc.edu/media/medialibrary/2014/08/Jesuit_advantage2.jpg!\r\n\r\nJesuits are synonymous with excellence in education and commitment to caring for the whole person – mind, body and spirit. Founded in 1534, the Society of Jesus emphasizes the pursuit of wisdom in the tradition of its founder, Saint Ignatius of Loyola.\r\n\r\nOne the 28 Jesuit colleges and universities in the United States, Spring Hill College is the oldest college in Alabama and the third oldest Jesuit, Catholic college in the United States. \r\n\r\nMore information on Jesuit Colleges and Jesuit Education is available at the \"Association of Jesuit Colleges and Universities (AJCU) Web site\":http://www.ajcunet.edu/.',6,'main',3),(16,'The core curriculum prepares Spring Hill College students for their chosen professions, introduces them to a breadth of knowledge and perspectives, and lays the foundation for a lifetime of learning.\r\n',7,'main',1),(17,'p(emphatic). A Snapshot of the Core',7,'main',2),(18,'It\'s one thing to read about the culture of another country, but another entirely to experience it yourself. \r\n\r\nStudying at the Italy Center presents a once-in-a-lifetime opportunity to live in this moment in the Mediterranean’s history.',8,'main',1),(19,'Today, more than ever, our world needs global thinkers, collaborators and leaders. Continue your personal journey at the SHC Italy Center in Bologna, Europe’s oldest college town.\r\n\r\np(emphatic). During your stay abroad, you will:\r\n\r\n* Live in a state-of-the-art residence hall with Italian students\r\n* Travel and serve in Italy, Eastern Europe and North Africa\r\n* Acquire language skills\r\n* Deepen one’s studies in human rights and global issues\r\n* Integrate into Europe’s oldest university town\r\n* Intern and cultivate extraordinary leadership skills\r\n* Acquire marketable skills for careers in the international arena\r\n\r\nJoin us for a summer, a semester, or a year of studies at the SHC Italy Center. Academic excellence and a commitment to social justice are at the core of the SHC Italy Center’s mission. \r\n\r\n\"(button) Visit the Italy Center Website\":http://www.shc.edu/italy',8,'main',4),(20,'SHC students also have the opportunity to study abroad through several partner programs, including: \r\n\r\n* University of Limerick (Ireland)\r\n* Universidad de Belgrano (Buenos Aires, Argentina)\r\n* Queen’s University (Belfast, Northern Ireland)\r\n\r\nSpring Hill College is also a sponsor institution for the Boren Awards, a competitive federal program that allows students to study non-traditional languages and cultures.',8,'main',7),(21,'p(emphatic). LEAP into our first-year program for entering freshmen!\r\n\r\n!thumbor(thumb) (left)http://ug.shc.edu/media/medialibrary/2014/08/LEAPicon.png! LEAP is a first-year experience that is high impact, current and engaging, developed and presented in a way that connects all the areas of the college, and introduces the areas of our promise statement--learning, faith, justice and service for life.\r\n\r\nh1. LEAP Learning Outcomes\r\n\r\n* Students will articulate strategies to enhance learning and understanding of content in the connected LEAP course.\r\n* Students will develop a repertoire of reading strategies appropriate to the content area of the connected LEAP course.\r\n* Students will reflect upon and evaluate their personal and academic growth throughout their first semester at Spring Hill College.\r\n* Students will explain the application of the institution’s Jesuit mission and identity in their daily lives.',9,'main',1),(23,'h1. LEAP Contacts',9,'sidebar',0),(24,'The *Honors Program* is designed to enhance the Spring Hill experience by offering a challenging and rewarding course of study to academically gifted and motivated students.\r\n',10,'main',1),(25,'h1. Academic\r\n\r\n<div class=\"video\" style=\"float:right;width:390px;padding-left:15px\"><iframe allowfullscreen=\"\" frameborder=\"0\" height=\"257\" src=\"http://www.youtube.com/embed/fLcUBh3EuuM?rel=0\" width=\"379\"></iframe></div>\r\n\r\nHonor-student-only courses constitute one-third of an honors student’s Spring Hill College core curriculum coursework and do not increase the number of hours required for graduation.\r\n\r\nAcademically, the program begins freshman year. During the sophomore and junior years, students take at least four more honors courses. The topics of these courses have included:\r\n\r\n* Ethics\r\n* Philosophy of Religion\r\n* Philosophy of Human Nature\r\n* Honors Modern European History\r\n* Catholic Social Thought\r\n* Worship as Ethics\r\n* Christian Beginnings\r\n* World Religions\r\n* Cultural Anthropology\r\n* International Economics\r\n* American Political Thought\r\n\r\nStudents can opt to take all four honors-only courses during their sophomore year, or may choose to take some in their junior year.\r\n\r\nStudents typically complete the calculus, laboratory science and language requirements by the end of their third year. Honors students are especially encouraged to attain intermediate proficiency in a foreign language.\r\n\r\nDuring the senior year, students complete their honors program requirements by formally presenting their research or an appropriate project completed in their major or minor field of study. ',10,'main',2),(26,'h1. Freshman and Senior Seminars',10,'main',3),(27,'h1. Service, Leadership and Cultural opportunities\r\n\r\nMany honors students serve our community through the Foley Center and through the philanthropic activities of clubs and organizations on campus. \r\n\r\nThe honors program undergraduate council is charged with helping to organize service activities for the honors program and to make honors program students aware of service opportunities both on and off campus, as well as organizing a variety of cultural and social activities both on and off campus. \r\n\r\nStudents in the program are also encouraged to undergo leadership training. ',10,'main',6),(28,'SpringHillians follow the example of St. Ignatius of Loyola, who founded the Jesuit order in 1540. He believed that in order to change the world, you must first change yourself. In the Ignatian tradition, we encourage you to think critically, act justly, reflect profoundly, and experience wholly.\r\n\r\nAt Spring Hill, we feel so strongly about the importance of helping others, we have included service-learning courses in our academic curriculum. You will have the opportunity to explore the work you love, gain practical work experience, and provide a critical service to the community.',11,'main',1),(29,'h1. Albert S. Foley, S.J. Community Service Center\r\n\r\nThe Foley Community Service Center places students at programs where they can serve others and learn about community needs at the same time. Service opportunities include tutoring at middle schools and elementary schools; teaching English as a second language; working with hospice, clinic, and hospital patients; and serving at community centers and the Boys & Girls Club.\r\n\r\nAll these programs give students a concrete way to help another person, to know a person they might never meet otherwise, and take responsibility for the world they live in.\r\n\r\nFor more information:\r\n\r\n\"(button)The Foley Center\":http://kudzu.shc.edu/foleycenter/',11,'main',2),(35,'h1. State of the Art Equipment\r\n\r\nChemistry students at Spring Hill College have the opportunity to use the following lab equipment for class assignments, experimentation, and research: \r\n\r\n* Gas Chromatograph-Mass Spectrometer\r\n* Atomic Absorption Spectrometer\r\n* Fourier Transform Nuclear Magnetic Resonance Spectrometer\r\n\r\n<br class=\"more\"/>\r\n\r\n* Bomb Calorimeter\r\n* High Performance Liquid Chromatograph \r\n* Fourier Transform Infrared Spectrometer\r\n* UltraViolet-Visible Spectrophotometer\r\n* DNA and Protein Electrophoresis systems\r\n* Protein Electrophoresis system\r\n* BIO-RAD GelAir Dryer and Ultra Rocker\r\n* Vernier LabQuest Data Acquisition systems\r\n',5,'main',2),(40,'Are you a numbers person? Are you attentive to detail and analytical? Would you enjoy a career as an advisor and problem-solver? \r\n\r\nLearn to analyze and interpret financial performance and risks as an accounting major at Spring Hill College.',16,'main',1),(41,'h1. Where We Work\r\n\r\n* Deloitte & Touche \r\n* PricewaterhouseCoopers, CPAs \r\n* Crow Shields Bailey, CPAs \r\n* Regions Bank \r\n* Edward Jones Investments \r\n* Roberts Wealth Management \r\n\r\n<br class=\"more\"/>\r\n\r\n* KPMG, CPAs\r\n* Bennett Thrasher, CPAs \r\n* Jones Walker, Attorneys \r\n* Alabama State Port Authority \r\n* Ernst & Young, CPAs \r\n* Wilkins Miller Hieronymus, CPAs \r\n\r\n',16,'row1',0),(42,'h1. Badgers in Grad School\r\n\r\n* Notre Dame\r\n* University of Denver\r\n* University of New Orleans\r\n* Louisiana State University\r\n* University of Michigan\r\n\r\n<br class=\"more\"/>\r\n\r\n* University of Mississippi\r\n* University of Missouri–Columbia\r\n* University of South Alabama\r\n* Loyola University New Orleans\r\n* University of Miami\r\n* University of Alabama\r\n* Saint Louis University\r\n* Loyola University Chicago\r\n',16,'row1',1),(45,'Explore one of the most dynamic and expansive areas of the business world. Learn from faculty with real-world experience. Become proficient at financial statement analysis, risk management, capitol budgeting, and strategic planning. \r\n\r\nAt Spring Hill College, you’ll blend theory with cutting-edge tools to prepare for an exciting career in finance or economics. ',17,'main',1),(54,'Whether you hope to head up the Beijing office for Airbus, dream of running a major marketing campaign for Versace, or want to run a bistro in Paris, you’ll need to study international business. \r\n\r\nLearn to think globally. Study culture and customs. Pick up a second language. Explore economics and finance. Spend a semester abroad. The experience is waiting for you at Spring Hill College.',53,'main',1),(58,'Are you a leader and big-picture thinker who finds business policy and strategy fascinating? Can you inspire people to work toward a common goal? Do you see yourself running your own company? \r\n\r\nAt Spring Hill College, you’ll gain the insight, knowledge, and problem-solving skills crucial for a successful career in business management and marketing.  ',19,'main',1),(61,'Are you the go-to tech person for your friends and family? Are you precise and mathematical, but also able to think abstractly? Do you have a flair for problem-solving under pressure? \r\n\r\nIn the CIS concentration at Spring Hill College, you’ll build a strong foundation of technical, analytical, and communication skills and choose a specialty focus, such as web development, e-commerce, or database management. ',20,'main',1),(65,'Love art and business? Want the best of both worlds? At Spring Hill College, you’ll learn the finer points of running a gallery, owning your own studio, promoting art programs, or managing a museum—all while honing your own skills in painting, sculpture, printmaking, and design.',21,'main',1),(66,'This major is designed for those students wishing to acquire business skills as well as art skills. It is geared to those who may wish to pursue a career in arts management, manage a community arts program or foundation, run an art-related business, or be better prepared to deal with the business aspects of selling their own work. ',21,'main',2),(68,'If you’re drawn to the exciting and dynamic world of drama, Spring Hill College offers a comprehensive theater program which integrates acting, interpretation, directing, and design. \r\n\r\nTheater at SHC in an interdisciplinary program that combines courses taught by faculty members from Art, English, Music, and Theater.  \r\n',22,'main',1),(71,'Do color and texture feed your creativity? Are you fascinated by photography or the look of words on a page? Do unusual objects fuel fresh ideas? Are you always seeking extraordinary images that grab and demand attention?\r\n\r\nAs a graphic design major at Spring Hill College, you’ll learn to create visual statements that identify, persuade, sell, educate, and delight.',23,'main',1),(81,'Create a documentary. Direct a short film. Take a commercial from concept to completion. \r\nExplore how people, ideas, and technology come together to create videos, movies, and media.',24,'main',1),(85,'Whether you blog, Tweet, Skype, or deliver your stories on the evening news, in this digital age, the potential for your work to reach audiences around the world has never been greater.\r\n \r\nAt Spring Hill College, you’ll learn to gather, absorb, and deliver news in a clear, concise manner. You’ll craft stories that inform, entertain, and stimulate discussion. you’ll have the opportunity to intern with local television stations, newspapers and news websites, as well as magazines and a variety of other media.',25,'main',1),(89,'Are you a strategic thinker and strong writer? Do you love clever, catchy ad copy? Would you like to run a media blitz campaign for a political candidate or manage special events for multi-national corporation? \r\n \r\nIn Spring Hill’s public relations and advertising concentration, you’ll be challenged creatively and analytically. You’ll push boundaries, brainstorm big ideas, and perfect core competencies like time management and teamwork, all while delving into the importance of ethical practice, leadership, and service to others.',26,'main',1),(94,'Study Shakespeare. Analyze Austen. Peruse Poe.\r\n\r\nWriting fosters a wide range of abilities that are indispensable in any sphere of life—critical thinking, shaping ideas, using words precisely, adapting to a specific audience, developing creativity and imagination.',27,'main',1),(98,'Across the globe, career experts agree that you’re much more likely to land the job of your dreams if you graduate with the ability to speak and write a foreign language. At Spring Hill College, we’ll prepare you for an exciting career abroad or a fulfilling position here in the United States that connects you internationally.',29,'main',1),(102,'Are you intrigued by the arts, ideas, media, and values that have shaped Western and world cultures? Would you like to explore a wide a range of courses spanning disciplines, borders, cultures, and time periods?\r\n\r\nAs a interdisciplinary humanities student, you’ll create your own major, according to your own individual interests, abilities, and career or education plans. The program emphasizes the development of skills in reasoning, critical thinking, language, and writing. \r\n',30,'main',1),(104,'Enhance your ability to express ideas thoughtfully. Build confidence in your writing. Analyze the work of poets, playwrites, and novelists. If you are passionate about developing your craft as a writer and your knowledge of literature, the Spring Hill College writing program is your introduction to a rewarding career.',31,'main',1),(107,'Are you fascinated by the genetic code? Would you like to learn more about the chemistry, molecules, and chemical processes necessary for life to exist? Do you love research and hands-on experience? \r\n\r\nAs a biochemistry major at Spring Hill College, you’ll have the opportunity to follow two professional tracks: human biochemistry designed for students interested in pre-med or the allied health fields, or molecular biochemistry and research.\r\n',32,'main',1),(111,'Explore the features and activities of cells, genes, and biomolecules - the most fundamental constituents of all living things. Popular research in this growing field includes DNA, RNA, disease, and disease treatment.',34,'main',1),(115,'Learn about the biology, evolution, and ecology of organisms that inhabit Earth’s land, fresh water, and oceans. Enroll in exciting courses like coral reef ecology, animal behavior, and entomology. Spend a summer studying marine life up close at the Dauphin Island Sea Lab on the Gulf of Mexico.',35,'main',1),(119,'Pure mathematics is the search for a deeper understanding of mathematics itself. This subject is traditionally divided into four main areas: algebra, analysis, geometry, and logic. \r\n\r\nThe goal of the pure mathematics program at Spring Hill College is to provide students with mathematical ideas and abilities which will broaden their knowledge, expand their problem-solving abilities, and help secure careers in which the understanding of mathematical concepts is necessary for success.',41,'main',1),(121,'Nursing is a calling to serve humankind and to make a difference in the world. \r\n\r\nIt\'s a field that requires intellectual and ethical knowledge and skills as well as compassion and stamina. \r\n\r\nAs a nursing major Spring Hill College, you’ll receive personalized instruction, gain hands-on experience, and work with medical experts throughout the Gulf Coast region. ',42,'main',1),(125,'Are you committed to the search for truth and social justice? Passionate about making the world a safer place? As a student of criminology at Spring Hill College, you’ll examine the nature of crime, the behavior of criminals, as well as the effectiveness and failings of the current criminal-justice system. ',43,'main',1),(126,'Students who complete the criminology program at SHC gain:\r\n\r\n• The benefits of a general sociology background;\r\n• An ability to analyze societal responses to crime, criminal behavior, and methods of social control;\r\n• An understanding of the consequences of crime, laws, and criminal behavior; and\r\n• An understanding of the origins of crime, laws, and social control.',43,'main',2),(129,'Understanding the past, and its patterns, enhances our ability to analyze the present and the future. By studying history, we gain a deep and rich understanding of the world and its development over time.',44,'main',1),(130,'History gives you the cultural background to function effectively in contemporary society.  In a globalizing world, history provides you with an in-depth knowledge of societies from the distant past to the contemporary era.  It enables you to function as an informed citizen and leader, able to evaluate evidence and make clear, concise, and convincing arguments..\r\n\r\nThe study of history teaches thinking and writing skills that are critical in a wide range of professions, from law to business to medicine. ',44,'main',2),(132,'Research American foreign policy. Work with a public defender or district attorney. Study abroad. learn about politics in a different country. \r\n\r\nOur rigorous and broad-based program follows the scientific method to study world issues. You’ll gain a solid understanding of both quantitative and qualitative research methodology while honing your critical thinking, analytical reasoning, presentation, and writing skills.',47,'main',1),(136,'Want to learn how to predict the future? Like using math and statistics to solve problems?\r\n\r\nActuaries use mathematical skills to define, analyze and solve business problems involving the cost of possible future events.',38,'main',1),(139,'Are you fascinated by math, but also love the challenges of technology and computer science? Explore the realm of mathematics while developing core skills in computer and information science.',40,'main',1),(140,'The program provide a solid foundation for students intending to pursue a graduate degree or a career in finance or actuarial science. For student who’d prefer to teach, the combination of mathematics and computer science forms an excellent background for instructing students at the high school level.',40,'main',2),(142,'How does the stalled Israeli-Palestinian peace process affect the U.S. and other countries? What steps should be taken to convince Iran’s leaders to reign in their nuclear ambitions? Should the U.N.’s work increasingly rely on Gulf aid?\r\n',45,'main',1),(144,'Designing aircraft, spacecraft, or missiles. Learn the science behind machines and the energy that makes them work. Be involved in energy exploration and tackle issues related to global warming.',37,'main',1),(145,'h2. 3-2 Program \r\n\r\nPre-Engineering is a 3-2 program that allows students broad exposure to an exemplary liberal arts education before transferring to a larger engineering school.\r\n \r\nStudents benefit from Spring Hill College’s unique atmosphere for their initial years of rigorous training in mathematics and science, preparing them for success in their desired program of study and career.',37,'main',2),(146,'notextile.. <div class=\"fastfacts\">\r\n\r\nh1. Fast Facts\r\n\r\n* *Number of Faculty:* 8\r\n* *Minors:* Math, CIS\r\n* *Clubs:* Math Club, Green Keepers\r\n\r\nnotextile.. </div>',37,'row2',0),(147,'h1. Badgers in Grad School\r\n\r\n* Marquette University\r\n* University of Florida\r\n* Texas A&M University\r\n* Auburn University\r\n* University of South Alabama\r\n* University of Alabama at Birmingham',37,'row1',1),(148,'Interested in health and medicine? Gain the skills you need for to build a successful career as a physician, dentist, veterinarian, or pharmacist as a pre-health major at Spring Hill College.\r\n\r\n',36,'main',1),(150,'Philosophy is a systematic reflection on the basic questions which have piqued human curiosity for centuries: where we come from, what we ought to do, what we may hope for, and who we really are. \r\n\r\nExplore these questions, hone critical thinking skills, and push the frontiers of human understanding as a philosophy major at Spring Hill College.',46,'main',1),(151,'h1. Badgers in Grad School\r\n\r\n* New School, New York\r\n* Florida State University\r\n* University of Alabama',46,'row1',1),(152,'notextile.. <div class=\"fastfacts\">\r\n\r\nh1. Fast Facts\r\n\r\n* *Faculty:* 6 full time, 1 adjunct\r\n* *Clubs:* Philosophy Club, Phi Sigma Tau \r\n* *Scholarships:* Philosophy Presidential Scholar Award, Hutchinson Award\r\n\r\nnotextile.. </div>',46,'row2',0),(153,'h1. Our Careers\r\n\r\n* Attorney\r\n* Teacher\r\n* Sales\r\n* Marketing\r\n* Information Technology\r\n* Government\r\n* Foreign Service\r\n* Administration',46,'row1',0),(154,'Applied mathematics involves using mathematics to solve real world problems, in particular, challenges faced in scientific research and in the development of new technology. ',39,'main',1),(155,'notextile.. <div class=\"fastfacts\">\r\n\r\nh1. Fast Facts\r\n\r\n* *Number of Faculty:* 4\r\n* *Popular Second Majors:* Business\r\n* *Clubs:* Math Club\r\n\r\nnotextile.. </div>',39,'row1',1),(156,'Love history, geography, and political science? Considering a career teaching at the high school level? \r\n\r\nAdd depth to your knowledge through the study of psychology, foreign policy, culture, and economics with a degree in Social Sciences at Spring Hill College.',49,'main',1),(158,'Do you dream about changing lives and impacting future generations? Are you passionate about connecting with children and their families? Do you believe cutting-edge technology is crucial in today’s classrooms?\r\n \r\nAt Spring Hill College, our teacher education program goes far beyond academics and lesson plans. We give you the skills and tools needed to engage students, stimulate creativity, and develop learning communities which embrace diversity and promote excellence.',51,'main',1),(159,'h1. Badgers in Grad School\r\n\r\n* Boston College\r\n* Vanderbilt\r\n* Northwestern\r\n* University of Tennessee\r\n* Auburn University\r\n* Louisiana State University\r\n* University of South Alabama\r\n* Spring Hill College\r\n* University of Alabama',51,'row1',1),(160,'notextile.. <div class=\"fastfacts\">\r\n\r\nh1. Fast Facts\r\n\r\n* *Number of Faculty:* 4\r\n* *Clubs:* Kappa Delta Pi, Education in Film\r\n* *Scholarship:* Roy F. Harmon Family Scholarship\r\n\r\nnotextile.. </div>',51,'row2',1),(161,'h1. Where We Work\r\n\r\n* Ascension of Our lord Catholic School, LaPlace, La.\r\n* Most Holy Trinity Catholic Academy, St. Louis, Mo.\r\n* Our Lady of Talpa Catholic School, Los Angeles, Ca.\r\n* Woodland Elementary School, Harvey, La.\r\n* Park High School, Montgomery, Ala.\r\n\r\n<br class=\"more\"/>\r\n\r\n* Jackson High School, Jackson, Ala.\r\n* Scholastica Academy, Covington, La.\r\n* Phillips Preparatory School, Mobile, Ala.\r\n* Mary G. Montgomery High School, Mobile, Ala.\r\n* St. Luke\'s Episcopal School, Mobile, Ala.\r\n* St. Paul\'s Episcopal School, Mobile, Ala.\r\n* McGill-Toolen Catholic High School, Mobile, Ala.\r\n* St. Vincent\'s Academy, Savannah, Ga.\r\n* Chahta-Ima Elementary School, Lacombe, La.',51,'row1',0),(162,'Are you concerned about the world you live in? Would you like to make a difference in people’s lives? Do you want to change our society, or preserve it the way it is?\r\n \r\nAt Spring Hill College, you’ll investigate real-world problems, study cultural change, strive to understand human behavior, and seek ways to apply that knowledge to make the world a better place.',50,'main',1),(163,'h1. Where We Intern\r\n\r\n* Via Health, Fitness, and Enrichment\r\n* Little Tree Preschool\r\n* Housing First Mobile\r\n* St. Mary’s Home ',50,'row1',1),(164,'h1. Grad School\r\n\r\n* University of New Orleans\r\n* University of San Francisco ',50,'row2',0),(165,'notextile.. <div class=\"fastfacts\">\r\n\r\nh1. Fast Facts\r\n\r\n* *Number of Faculty:* 2\r\n* *Popular second majors:* Psychology, Business\r\n* *Clubs:* Sociology Club\r\n\r\nnotextile.. </div>',50,'row2',1),(166,'h1. Where We Work\r\n\r\n* Housing First, Inc.\r\n* Behavioral Frontiers\r\n* Spring Hill College',50,'row1',0),(167,'Are the topics of justice, mercy, and joy often at the forefront of your mind? Do you enjoy spiritual reflection and find yourself fascinated by the study of other faiths? Would you like explore the Christian faith in a deep and meaningful way?\r\n \r\nFind stimulating questions, enlightening answers, and enjoy challenging discussion as a theology major at Spring Hill College.',52,'main',1),(168,'h1. Badgers in Grad School\r\n\r\n* University of Notre Dame\r\n* Boston College\r\n* Fordham University\r\n* Graduate Theological Union\r\n* University of Florida\r\n* Loyola University New Orleans\r\n* University of Alabama',52,'row1',1),(169,'notextile.. <div class=\"fastfacts\">\r\n\r\nh1. Fast Facts\r\n\r\n* *Number of Faculty:* 6\r\n* *Clubs:* Theta Alpha Kappa \r\n* *Scholarships:*  Deacon Joseph P. McGonagle Theological Studies Book Award\r\n\r\nnotextile.. </div>',52,'row2',0),(170,'h1. Where We Work\r\n\r\n* Southern Methodist University\r\n* Jesuit College Preparatory School of Dallas\r\n* St. Joseph’s Academy, Baton Rouge, LA\r\n* Ursuline Academy, New Orleans, LA\r\n* St. Scholastica Academy, Covington, La.\r\n* Galloway, Wettermark, Everest, Rutens & Gaillard, LLP, Mobile, AL\r\n* Xavier High School, Bronx, NY\r\n\r\n<br class=\"more\"/>\r\n\r\n* St. Rosalie School, New Orleans, LA\r\n* Archdiocese of Mobile\r\n* Santa Clara University\r\n* Spring Hill College',52,'row1',0),(172,'notextile.. <div class=\"fastfacts\">\r\n\r\nh1. Fast Facts\r\n\r\n* *Faculty:* 8\r\n* *Popular second majors:* Mathematics\r\n* *Emphasis within the major:* Finance, Economics\r\n* *Honor Societies:* Omicron Delta Epsilon, Sigma Beta Delta\r\n\r\nnotextile.. </div>',16,'row2',1),(174,'Interested in taking a range of classes--perhaps forensics, biochemistry, Spanish, and art, before officially declaring a major? Or, would you like to design a major of your own? The General Studies major is the perfect fit for students with broad interests and a love of learning.',28,'main',1),(175,'The General Studies degree provides students the ability to explore a broad range of courses to develop new skills or investigate a personal interest. Students may decide to design a major of their own, subject to consultation with an advisor and the approval of a faculty committee. Students may also wish to pursue a concentration, which is optional, and provides students the opportunity to develop in-depth knowledge in a secondary field.\r\n\r\nWe offer part-time, evening, weekend, and online courses to fit our students’ busy schedules.',28,'main',2),(177,'Your course of study will balance language, grammar, and conversation with culture, current events, and commerce. Expect to discuss Spanish influence on music, films, and art, explore the complex, rich history of the Iberian Peninsula, as well as study literature from Cervantes and Borges to Gabriel García Márquez and Isabelle Allende.\r\n\r\n',29,'main',2),(184,'h1. Where We Intern\r\n\r\n* Dallas Cowboys \r\n* Scottrade \r\n* U.S. Department of Justice\r\n* U.S. District Court \r\n* Wells Fargo Advisors\r\n\r\n<br class=\"more\"/>\r\n\r\n* Crow Shields Bailey, CPAs \r\n* Wilkins Miller Hieronymus\r\n* Gardnyr Michael Capital \r\n* Waite Strange, CPAs \r\n* Legal Services Alabama\r\n',16,'row2',0),(187,'Experience all phases of the digital video creation process from scriptwriting and pre-production through production, editing, and post-production at Spring Hill College. You’ll also have the opportunity to gain real-world experience through a variety of exciting internships while building your personal portfolio of documentary, journalistic, promotional, and short fictional videos.',24,'main',2),(188,'h1. Our Careers\r\n\r\n* Education\r\n* Law\r\n* Government\r\n* Health Care\r\n* Real Estate\r\n* Social Services\r\n* Journalist\r\n* Writer/Author\r\n* Advertising/Sales\r\n* Public Relations',28,'row1',0),(192,'h1. Our Careers\r\n\r\n* Statistician\r\n* Teacher\r\n* Graduate Student\r\n* 3D Modeler\r\n* Actuary\r\n* Operations Researcher',39,'row1',0),(194,'An actuary is a business professional who analyzes the financial consequences of risk. Actuaries use mathematics, statistics, and financial theory to study uncertain future events, especially those of concern to insurance and pension programs.  \r\n\r\nA career as an Actuary is better described as a \"business\" career with a mathematical basis than as a \"technical\" mathematical career. ',38,'main',2),(197,'As an international relations major at Spring Hill College, you’ll explore issues like diplomacy, human rights, international conflict, political risk, and foreign policy—examining how and why changes in one country or society can cause ripple effects around the globe.',45,'main',2),(198,'h1. Our Careers\r\n\r\n* Electrical Engineer\r\n* Mechanical Engineer\r\n* Civil Engineer\r\n* Industrial (Management) Engineer \r\n* Chemical Engineer\r\n* Aerospace Engineer\r\n* Petroleum Engineer\r\n* Nuclear Engineer',37,'row1',0),(200,'h1. At SHC, you’ll have the opportunity to:\r\n\r\n* Volunteer with a local health organization \r\n* Intern at a hospital or another medical facility\r\n* Participate in an immersion service trip\r\n* Join pre-professional clubs on campus\r\n* Enhance your communication skills \r\n* Study psychology to learn about human nature\r\n* Get a well-rounded liberal arts education including math and science courses\r\n',36,'row1',0),(201,'h1. Where We Work\r\n\r\n* New York Television Festival, N.Y.\r\n* St. Rosalie School, Harvey , La.\r\n* I Play, Ashville, N.C.\r\n* Montford Park Players, Ashville, N.C.\r\n* Talent Partners, New York, N.Y.\r\n\r\n<br class=\"more\"/>\r\n\r\n* JLT Facilities, Chicago, IL\r\n* Peauxdunque Writers Alliance\r\n* Jones, Swanson, Huddell & Garrison, LLC\r\n* St. Rosalie School, Harvey, La.\r\n',22,'row1',0),(202,'h1. Where We Intern\r\n\r\n* Playhouse in the Park\r\n* Joe Jefferson Playhouse\r\n* Mobile Theatre Guild\r\n* Saenger Theatre\r\n* Chickasaw Civic Theatre',22,'row1',1),(203,'notextile.. <div class=\"fastfacts\">\r\n\r\nh1. Fast Facts\r\n\r\n* *Number of Faculty:* 6\r\n* *Program Emphasis:* Writing, Language\r\n* *Popular second majors:* Theology, English, Psychology\r\n\r\nnotextile.. </div>',22,'row2',0),(204,'h1. Where We Work\r\n\r\n* The Ogden Museum of Southern Art, New Orleans\r\n* Pottery Barn, San Francisco, CA\r\n* The City of Mobile Museum, Mobile, AL\r\n* The World War II Museum, New Orleans, LA\r\n* ARTS - A Reason To Survive, San Diego, CA\r\n* Artel Gallery, Pensacola, FL\r\n\r\n<br class=\"more\"/>\r\n\r\n* Image Studios, Appleton, WI\r\n* Space 301, Mobile, AL\r\n* Regional Arts Commission of St. Louis, St. Louis, MO\r\n* Bishop State Community College, Mobile, AL\r\n* Southern Illinois University, Carbondale, IL\r\n* chARTing New Directions, Mobile , AL\r\n* Magnolia Community Services, New Orleans, LA',3,'row1',0),(205,'h1. Where We Intern\r\n\r\n* The Learning Tree\r\n* Mary B. Austin Elementary School\r\n* Palmer Pillans Middle School\r\n* Mobile Boys and Girls Club\r\n* The Portrait Project\r\n\r\n<br class=\"more\"/>\r\n\r\n* 15 Place\r\n* Little Sisters of the Poor',3,'row1',1),(206,'notextile.. <div class=\"fastfacts\">\r\n\r\nh1. Fast Facts\r\n\r\n* *Faculty:* 2 full time, 3 adjuncts\r\n* *Graduate studies?* Yes, MLA, Studio Art\r\n* *Popular second majors:* Psychology, Business\r\n* *Clubs:* Student Art League\r\n* *Scholarships:* Mitchell Scholarship\r\n\r\nnotextile.. </div>',3,'row2',1),(207,'h1. Badgers in Grad School\r\n\r\n* University of Southern Illinois, MFA Printmaking\r\n* Indiana University \r\n* University of New Orleans, Masters of Arts Administration \r\n* Loyola Marymount University',3,'row2',0),(208,'Get ready for a fascinating journey of self-discovery, creativity, and experimentation. As a studio art major at Spring Hill, you’ll immerse yourself in painting, drawing, and sculpture, then extend your talents beyond traditional disciplines. \r\n\r\nPush boundaries with pop culture, explore art’s impact on society, and cultivate the skills needed to launch your career as professional artist.\r\n',3,'main',1),(209,'\"(button) Visit the Spring Hill College Cohesive Undergraduate Experience Website for more on LEAP\":https://sites.google.com/a/shc.edu/cue/leap',9,'main',2),(211,'h1. Our Careers\r\n\r\n* Counseling\r\n* Psychotherapy\r\n* Applied Behavior Analysis\r\n* Art Therapy\r\n* Music Therapy\r\n\r\n<br class=\"more\"/>\r\n\r\n* Case Management\r\n* Mental Health Services',4,'row1',0),(212,'h1. Where We Intern\r\n\r\n* AIDS Alabama\r\n* Strickland Youth Center\r\n* Alabama Department of Mental Health \r\n* Infirmary Health Systems\r\n* American Red Cross\r\n\r\n<br class=\"more\"/>\r\n\r\n* Boys and Girls Club\r\n* Covenant Hospice\r\n* Easter Seals\r\n* Encore Rehab\r\n* Altapointe\r\n* Alabama Orthopedic Clinic\r\n* Light of the Village\r\n* Penelope House\r\n* Premier Medical\r\n* School for Deaf and Blind\r\n* The Little Tree Preschool\r\n* The Learning Tree\r\n* Woody’s Song',4,'row1',1),(213,'h1. Badgers in Grad School\r\n\r\n* University of Wisconsin\r\n* University of Louisiana \r\n* University of Southern California\r\n* Barry University\r\n* Drexel University\r\n* NOVA University\r\n* St. Edward’s University\r\n* Saint Mary of the Woods\r\n* American International College\r\n* University of West Florida\r\n* University of Alabama\r\n* Valdosta College',4,'row2',0),(214,'notextile.. <div class=\"fastfacts\">\r\n\r\nh1. Fast Facts\r\n\r\n* *Faculty:* 4\r\n* *Emphasis within the major:* Psychology\r\n* *Student Clubs:* Psi Chi, Psychology Club\r\n\r\nnotextile.. </div>',4,'row2',1),(215,'h1. Where We Work\r\n\r\n* Faculty, Stevenson University\r\n* Lawyer, Hengesbach & Hengesbach Law Office\r\n* Director of Technology Integration, United Sciences, LLC\r\n* Research Scientist II, Georgia Tech Research Institute\r\n* Pediatric Resident, UF Health Shands Hospital\r\n\r\n<br class=\"more\"/>\r\n\r\n* Physical Therapist, Cardinal Hill Rehabilitation Hospital\r\n* Faculty, Visitation Academy, St. Louis\r\n* Pharmacist, Walgreen\'s Pharmacy\r\n* EnviroChem Environmental Laboratory\r\n* FDA, Dauphin Island\r\n* Jesuit Volunteer Corps\r\n* St. Ignatius School, NY\r\n* Dow Chemical\r\n',5,'row1',0),(216,'h1. Badgers in Grad School\r\n\r\n* UAB Medical School\r\n* North Carolina State\r\n* St. Louis University \r\n* Notre Dame\r\n* Tulane University \r\n\r\n<br class=\"more\"/>\r\n\r\n* LSU-Shreveport\r\n* Colorado State University\r\n* Florida State University\r\n* Nova Southeastern University\r\n* West Virginia School of Osteopathic Medicine\r\n* Washington University, St. Louis\r\n* University of Georgia \r\n* Tuskegee University \r\n* University of North Texas\r\n* Georgia Institute of Technology\r\n',5,'row1',1),(217,'h1. Research Placements\r\n\r\n* Rice University\r\n* Cornell University\r\n* Bermuda Institute for Ocean Sciences\r\n* University of Florida\r\n* Emory University\r\n* Tulane University\r\n* Mayo Graduate School SURF\r\n* Tuskegee University\r\n* University of New Orleans\r\n* University of Ohio\r\n\r\n<br class=\"more\"/>\r\n\r\n* Dauphin Island Sea Lab\r\n* Baylor University\r\n* University of Idaho Boise\r\n* University of Mississippi Medical College\r\n* University of Oregon\r\n* University of Nebraska Lincoln\r\n* Xavier University\r\n* University of Pittsburgh\r\n* University of Mississippi Medical College\r\n* Georgia Institute of Technology\r\n* Boston University\r\n* UAB School of Medicine\r\n* University of Arkansas\r\n \r\n\r\n',5,'row2',0),(218,'notextile.. <div class=\"fastfacts\">\r\n\r\nh1. Fast Facts\r\n\r\n* *Faculty:* 3\r\n* *Scholarships Available:* Rimes/Lambert Scholarship\r\n* *Departmental Service Program:* Partners in Science\r\n* *Clubs:* Chemistry Club\r\n\r\nnotextile.. </div>',5,'row2',1),(219,'h1. Where We Work\r\n\r\n* Continental Airlines\r\n* FedEx\r\n* HP\r\n* Sherwin Williams\r\n* American Equity Underwriters\r\n\r\n<br class=\"more\"/>\r\n\r\n* CPSI\r\n* Tradelanes\r\n\r\n\r\n',17,'row1',0),(220,'h1. Where We Intern\r\n\r\n* Alabama State Port Authority\r\n* Airbus\r\n* Scottrade\r\n* Edward Jones\r\n',17,'row1',1),(221,'h1. Badgers in Grad School\r\n\r\n* University of Chicago\r\n* University of Notre Dame\r\n* Marquette University\r\n* University of Alabama\r\n* Auburn University\r\n* Louisiana State University\r\n* ISEAD',17,'row2',0),(222,'notextile.. <div class=\"fastfacts\">\r\n\r\nh1. Fast Facts\r\n\r\n* *Faculty:* 8\r\n* *Popular second majors:* Accounting, Mathematics\r\n* *Clubs:* Math Club, Student Government Association\r\n\r\nnotextile.. </div>',17,'row2',1),(223,'h1. Where We Work\r\n\r\n* Fidelity Investments\r\n* The Hershey Company\r\n* Hewlett- Packard\r\n* FedEx Freight\r\n* General Motors\r\n\r\n<br class=\"more\"/>\r\n\r\n* Travelers\r\n* World Wide Technologies\r\n* AT&T\r\n* Luminex Corporation\r\n* Veracity Technologies\r\n* Avenue Bank\r\n* Eze Castle Integration\r\n* Selerity\r\n* Teradata',53,'row1',0),(224,'h1. Badgers in Grad School\r\n\r\n* University of Notre Dame\r\n* Michigan State University\r\n* George Mason University\r\n* Tulane University\r\n* University of Central Florida\r\n\r\n<br class=\"more\"/>\r\n\r\n* University of Miami\r\n* University of Alabama\r\n* Louisiana State University\r\n* University of Denver',53,'row1',1),(225,'notextile.. <div class=\"fastfacts\">\r\n\r\nh1. Fast Facts\r\n\r\n* *Number of Faculty:* 8\r\n* *Emphasis in Program:* Business, Culture, Language\r\n* *Clubs:* Political Science and International Studies Club\r\n* *Honor Societies:* Omicron Delta Epsilon, Sigma Beta Delta\r\n\r\nnotextile.. </div>',53,'row2',0),(226,'h1. Our Careers\r\n\r\n* Marketing Manager\r\n* Financial Manager\r\n* Human Resources Manager\r\n* Health Services Manager\r\n\r\n<br class=\"more\"/>\r\n\r\n* Project manager\r\n* Small business manager\r\n* Human resource administrator\r\n* Management Analyst\r\n* EEO officer\r\n* Regional operations manager\r\n* Production manager\r\n* Retail store manager\r\n* Territory sales manager\r\n* Hospitality manager\r\n',19,'row1',0),(227,'h1. Badgers in Grad School\r\n\r\n* Louisiana State University\r\n* University of Missouri\r\n* University of Miami (Fla.)\r\n* University of Alabama',19,'row1',1),(228,'notextile.. <div class=\"fastfacts\">\r\n\r\nh1. Fast Facts\r\n\r\n* *Faculty:* 8\r\n* *Emphasis within the major:* Management, Marketing\r\n* *Popular minors:* Public relations and advertising \r\n* *Honor Societies:* Omicron Delta Epsilon, Sigma Beta Delta\r\n\r\nnotextile.. </div>',19,'row2',0),(229,'h1. Where We Work\r\n\r\n* Televox\r\n* Regions Bank\r\n* PNC Bank\r\n* World Omni\r\n* Southern Light Fiber\r\n\r\n<br class=\"more\"/>\r\n\r\n* State of Alabama\r\n* CTS, Inc.\r\n* CPSI, Inc.\r\n* SSI, Inc.\r\n* STI, Inc.\r\n* University of South Alabama',20,'row1',0),(230,'h1. Where We Intern\r\n\r\n* CTS, Inc.\r\n* Corp of Engineers\r\n* Spring Hill College IT Help Desk\r\n* NASA',20,'row1',1),(231,'notextile.. <div class=\"fastfacts\">\r\n\r\nh1. Fast Facts\r\n\r\n* *Faculty:* 3\r\n* *Popular second majors:* Accounting, Mathematics, Management/Marketing, Graphic Design\r\n* *Student Clubs:* Sigma Beta Delta, National Center for Women in Information Technology \r\n* *Honor Societies:* Omicron Delta Epsilon, Sigma Beta Delta\r\n\r\nnotextile.. </div>',20,'row2',0),(232,'h1. Where We Work\r\n\r\n* WWII Museum, New Orleans\r\n* Attorney, Bay St. Louis, Miss\r\n* Historic Locust Grove Museum, Louisville, KY \r\n* Tennessee Temple University',49,'row1',0),(233,'h1. Badgers in Grad School\r\n\r\n* Queen\'s College, Belfast\r\n* Indiana University\r\n* Louisiana State University\r\n* Tennessee Temple University',49,'row1',1),(234,'notextile.. <div class=\"fastfacts\">\r\n\r\nh1. Fast Facts\r\n\r\n* *Number of Faculty:* 10\r\n* *Popular Second Majors:* Education\r\n* *Program Emphasis:* History\r\n\r\nnotextile.. </div>',49,'row2',0),(235,'h1. Our Careers\r\n\r\n* Exhibit Designer\r\n* Gallery Manager\r\n* Entertainment Coordinator\r\n* Executive Director\r\n* Advertising\r\n* Art Law\r\n* Art Director\r\n* Fundraising\r\n* Communications',21,'row1',0),(237,'h1. Where We Work\r\n\r\n* Momentum Worldwide, NY, NY\r\n* SKAGEN Fondene, Norway\r\n* Marse Designs, New Orleans\r\n* Spar Advertising, New Orleans\r\n* Razorfish, Atlanta, Ga.\r\n\r\n<br class=\"more\"/>\r\n\r\n* Hummingbird Ideas, Mobile, Ala.\r\n* Hard Rock Cafe, Biloxi, Miss.\r\n* BG Group, Houston, Texas\r\n* AG Public Relations, Lafayette, La.\r\n* Shive Design, Birmingham, Ala.\r\n* Beau Rivage Resort and Casino, Biloxi, MS\r\n* Thompson Engineering, Albany, Ga.\r\n* TRIS3CT, Chicago, Ill.\r\n* TKML Technologies, LLC, Chicago, Ill.\r\n* The National WWII Museum, New Orleans, La.\r\n* Peter Mayer Advertising, New Orleans, La.\r\n* Xante Corporation, Mobile, Ala.\r\n* Interapt, Louisville, Ky.\r\n* Mobile Bay Magazine, Mobile, Ala.\r\n* Davis South Barnette AND Patrick, Mobile, Ala.\r\n* Center for the Living Arts, Mobile, Ala.\r\n* Mudbug Media, Inc., New Orleans, La.\r\n* Spire Advertising, Mobile, Ala.\r\n* GRAPHICLARK, Houston, Texas\r\n',23,'row1',0),(238,'h1. Where We Intern\r\n\r\n* Penguin Group USA, New York, NY\r\n* Masterpiece Graphix, Fenton, Mo.\r\n* Pedal the Cause, St. Louis, Mo.\r\n* Mindclay Creative, Tampa, Fla.\r\n* Surfing Magazine, Long Beach, Calif.\r\n\r\n<br class=\"more\"/>\r\n\r\n* Red Square Agency, Mobile, AL\r\n* Lewis Communications, Mobile, AL\r\n* Crown Products, Mobile, AL\r\n* Center for the Living Arts, Mobile, AL',23,'row1',1),(239,'notextile.. <div class=\"fastfacts\">\r\n\r\nh1. Fast Facts\r\n\r\n* *Number of Faculty:* 4 full time, 3 adjunct\r\n* *Clubs:* Student Art League, AdPro, Film Club, SHC Creatives\r\n* *Scholarships:* Mitchell Scholarship\r\n\r\nnotextile.. </div>',23,'row2',1),(240,'h1. Badgers in Grad School\r\n\r\n* Pratt Institute\r\n* Savannah College of Art and Design\r\n* Portfolio Center, Atlanta, Georgia\r\n* Creative Circus, Atlanta, Georgia\r\n* Texas State University-San Marcos\r\n* Indiana University\r\n* Louisiana State University\r\n* Louisiana State University School of Architecture\r\n* University of Louisiana at Lafayette',23,'row2',0),(241,'h1. Where We Work\r\n\r\n* New Orleans Jazz Music Festival\r\n* CNN Travels\r\n* X Factor \r\n* Comcast Xfinity\r\n* Convergence, LLC\r\n\r\n<br class=\"more\"/>\r\n\r\n* Lasser Productions South LLC\r\n* Ralph Madison Productions\r\n* FusionPoint Media\r\n* Jack Link’s Beef Jerky',24,'row1',0),(243,'h1. Where We Intern\r\n\r\n* Clear Channel\r\n* FusionPoint Media\r\n* Merge Studios',24,'row1',1),(245,'h1. Where We Work\r\n\r\n* HGTV Magazine\r\n* Mobile Bay Magazine\r\n* WALA FOX10\r\n* WPMI\r\n* KTRE-TV\r\n\r\n<br class=\"more\"/>\r\n\r\n* WSVN\r\n* Alabama Media Group (al.com)\r\n* Mobile Press-Register\r\n* Catholic Digest Magazine\r\n* Palencia Belize Tourism Industry Association',25,'row1',0),(246,'h1. Where We Intern\r\n\r\n* Clarion Herald, New Orleans\r\n* WALA FOX10\r\n* WKRG\r\n* Alabama Media Group\r\n* WPMI-TV \r\n\r\n<br class=\"more\"/>\r\n\r\n* Students for Life of America\r\n* Lagniappe\r\n* Catholic Volunteer Network',25,'row1',1),(247,'notextile.. <div class=\"fastfacts\">\r\n\r\nh1. Fast Facts\r\n\r\n* *Faculty:* 4 Full-time, 12 Adjuct\r\n* *Popular Second Majors:* Business, Management/Marketing, Professional Writing, Theology\r\n* *Student Clubs and Honor Societies:* Lambda Pi Eta, ADPRO, Film & Video Club, SHC Creatives Club\r\n* *Scholarships/Awards:* Alabama Broadcasters Association, Association for Women in Sports Media Internship/Scholarship\r\nnotextile.. </div>',25,'row2',0),(248,'h1. Where We Work\r\n\r\n* Lands\' End, Dodgeville, WI\r\n* Emereo Creative, Orlando, FL\r\n* Disney, Orlando, FL\r\n* M Booth, New York\r\n* Blue Sky Marketing, Houston, TX\r\n* Red Square Agency\r\n\r\n<br class=\"more\"/>\r\n\r\n* Crispin Porter + Bogusky, Miami, FL\r\n* Red Square Agency, Mobile, AL\r\n* Cushman/Amberg Communications, Chicago, IL\r\n* St. Louis University\r\n* Loyola University\r\n* Marketing Matters Inbound, St. Louis, MO\r\n* Audubon Institute, New Orleans, LA\r\n* Blick & Staff Communications, St. Louis, MO',26,'row1',0),(249,'h1. Where We Intern\r\n\r\n* Saatchi & Saatchi, New York\r\n* Ocean Drive Magazine, Miami, FL\r\n* WISN 12 News, Milwaukee, WI\r\n* ’stache Media/RED (SONY Music), New York\r\n* Access2Insight, Chicago, IL\r\n\r\n<br class=\"more\"/>\r\n\r\n* The Advertising Department, Ft. Lauderdale, FL\r\n* Access Magazine, Mobile, AL\r\n* Max Borgas Agency, Miami, FL\r\n* Las Vegas Productions\r\n* Wintzell’s Corporate, Mobile, AL\r\n* Gulf Coast Cancer Centers, Foley, AL\r\n* Gambel Communications, New Orleans, LA\r\n* Spectrum Resorts, Orange Beach, AL\r\n* Blue Sky Marketing, Houston, TX\r\n',26,'row1',1),(250,'h1. Badgers in Grad School\r\n\r\n* Georgetown University\r\n* New York University\r\n* University of Chester, England\r\n* Gonzaga University\r\n* St. Louis University\r\n* University of Alabama\r\n* University of Chicago\r\n* Lynchburg College\r\n* DePaul University\r\n* University of Missouri-Saint Louis\r\n* University of South Carolina\r\n* University of South Alabama',26,'row2',0),(251,'notextile.. <div class=\"fastfacts\">\r\n\r\nh1. Fast Facts\r\n\r\n* *Faculty:* 4 full time, 12 adjunct\r\n* *Clubs:* Student Clubs/Honor Societies: Lambda Pi Eta, ADPRO, Film & Video Club, Creatives Club\r\n* *Popular second majors:* Business, Management/Marketing, Writing, Theology\r\n* *Scholarships/Awards:* Public Relations Council of Alabama, Southern Public Relations Federation, Alabama Broadcasters Association, Association for Women in Sports Media Internship/Scholarship\r\n\r\nnotextile.. </div>',26,'row2',1),(252,'h1. Where We Work\r\n\r\n* Nature Publishing Group, NYC\r\n* Texas State Legislature\r\n* Jesuit Volunteers International \r\n* Alabama Coastal Foundation\r\n* Park Crossing High School, Montgomery, Ala. \r\n\r\n<br class=\"more\"/>\r\n\r\n* Spring Hill College \r\n* Published romance novelist\r\n* SHC Emerging Technologies Librarian',27,'row1',0),(253,'h1. Badgers in Grad School\r\n\r\n* Georgetown University Law School\r\n* St. Louis University\r\n* George Washington University\r\n* Indiana University\r\n* Louisiana State University\r\n\r\n<br class=\"more\"/>\r\n\r\n* University of Alabama\r\n* Oklahoma State MFA program\r\n',27,'row1',1),(254,'notextile.. <div class=\"fastfacts\">\r\n\r\nh1. Fast Facts\r\n\r\n* *Faculty:* 11\r\n* *Popular Second Majors:* Writing, Business\r\n* *Student Clubs and Honor Societies:* Sigma Tau Delta, English Club \r\n\r\nnotextile.. </div>',27,'row2',0),(256,'h1. Our Careers\r\n\r\n* Translation\r\n* Interpretation\r\n* Teaching\r\n* Social work\r\n* Linguistics\r\n* Journalism\r\n* Broadcasting\r\n* Finance\r\n* Engineering\r\n* Diplomacy\r\n* Foreign service\r\n* Immigration\r\n* Customs\r\n* Intelligence',29,'row1',0),(257,'notextile.. <div class=\"fastfacts\">\r\n\r\nh1. Fast Facts\r\n\r\n* *Number of Faculty:* 3\r\n* *Emphasis within the major:* Language, Culture\r\n* *Student Clubs and Honor Societies:* Spanish Club and Phi Sigma Iota Honors Society\r\n* *Scholarships:* Nick McGowin Jr. Memorial Scholarship\r\n\r\nnotextile.. </div>',29,'row1',1),(258,'h1. Our Careers\r\n\r\n* Education\r\n* Law\r\n* Government\r\n* Health Care\r\n* Real Estate\r\n* Social Services\r\n* Journalism\r\n* Public Relations\r\n* Advertising\r\n* Sales',30,'row1',0),(260,'h1. Where We Work\r\n\r\n* New Orleans Times-Picayune\r\n* Livestream\r\n* SOMA magazine\r\n* Spring Hill College \r\n* Author',31,'row1',0),(261,'notextile.. <div class=\"fastfacts\">\r\n\r\nh1. Fast Facts\r\n\r\n* *Number of Faculty:* 4\r\n* *Program Emphasis:* English, Communication, Writing\r\n* *Clubs:* Pi Sigma Alpha, Sigma Iota Rho, Student Government Association (SGA), Political Science & International Studies Club, Springhillian Newspaper\r\n\r\nnotextile.. </div>',31,'row2',0),(262,'h1. Badgers in Grad School\r\n\r\n* Oklahoma State University\r\n* The University of Tennessee\r\n* University of North Dakota\r\n* St. Louis University\r\n* University of Alabama',31,'row1',1),(263,'h1. Our Careers\r\n\r\n* Biological Consultant\r\n* Biological or Medical Illustrator\r\n* Biological Photographer\r\n* Cell Culture Operator\r\n* Crime Lab Technician\r\n\r\n<br class=\"more\"/>\r\n\r\n* Dental Hygienist\r\n* Dietician Nurse\r\n* Emergency Medical Technician\r\n* Field Biologist\r\n* Field Ecologist\r\n* Food and Drug Inspector\r\n* Forensic Service Technician\r\n* Human Resources Staff\r\n* Industrial Hygienist\r\n* Industrial Process Manager\r\n* Laboratory Technician\r\n* Licensed Practical Nurse\r\n* Meat and Poultry Food Inspector\r\n* Medical Assistant\r\n* Medical Records Administrator\r\n* Medical Technician\r\n* Medical Writer\r\n* Nutritionist\r\n* Primary or Secondary Teacher\r\n* Radiology Technician\r\n* Science Journalism\r\n* Science Librarian\r\n* University Research Assistant\r\n* Veterinary Technician\r\n* Zoo Assistant\r\n* Zoologist',32,'row1',0),(264,'h1. Badgers in Grad School\r\n\r\n* LSU Shreveport Medical School\r\n* Case Western Reserve Medical School\r\n* Notre Dame\r\n* University of Alabama at Birmingham \r\n* Georgia Institute of Technology \r\n\r\n<br class=\"more\"/>\r\n\r\n* Tulane\r\n* Tuskegee University\r\n* Washington University\r\n* Virginia School of Osteopathic Medicine',32,'row1',1),(265,'notextile.. <div class=\"fastfacts\">\r\n\r\nh1. Fast Facts\r\n\r\n* *Number of Faculty:* 8\r\n* *Popular Second Majors:* Business\r\n* *Clubs:* ACS, The American Chemical Society\r\n\r\nnotextile.. </div>',32,'row2',0),(266,'h1. Our Careers\r\n\r\n* Cytotechnologist\r\n* Bacteriologist\r\n* Forensic Laboratory Analyst\r\n* Microbiologist\r\n* Medical Geneticist\r\n* Veterinarian\r\n',34,'row1',0),(267,'h1. Where We Intern\r\n\r\n* Oregon State University\r\n* University of Colorado\r\n* University of South Alabama',34,'row1',1),(268,'notextile.. <div class=\"fastfacts\">\r\n\r\nh1. Fast Facts\r\n\r\n* *Number of Faculty:* 5\r\n* *Popular Second Majors:* Business\r\n* *Clubs:* Beta Beta Beta, Biological Honor Society\r\n\r\nnotextile.. </div>',34,'row2',1),(269,'notextile.. <div class=\"fastfacts\">\r\n\r\nh1. Fast Facts\r\n\r\n* *Faculty:* 1\r\n* *Popular Second Majors:* English, Writing\r\n* *Emphasis within the major:* Humanities\r\n\r\nnotextile.. </div>',30,'row1',1),(270,'h1. Where We Work\r\n\r\n* NOAA\r\n* Naval Oceanographic Office\r\n* Shedd Aquarium, Alaska\r\n* Mississippi Dept. of Marine Fisheries\r\n* Sea School',35,'row1',0),(271,'h1. Badgers in Grad School\r\n\r\n* University of Rhode Island\r\n* George Mason University\r\n* University of South Carolina\r\n* Nova Southeastern University\r\n* University of Alaska',35,'row1',1),(272,'notextile.. <div class=\"fastfacts\">\r\n\r\nh1. Fast Facts\r\n\r\n* *Number of Faculty:* 5\r\n* *Program Emphasis:* Marine Biology\r\n* *Clubs:* Beta Beta Beta, Biological Honor Society\r\n\r\nnotextile.. </div>',35,'row2',1),(273,'h1. Where We Intern\r\n\r\n* Dauphin Island Sea Lab\r\n* Bermuda Institute of Ocean Sciences (BIOS)\r\n* The Nature Center',35,'row2',0),(274,'h1. Our Careers\r\n\r\n* Algorithm Designer\r\n* Cryptanalyst\r\n* Cryptologist\r\n* Econometrician\r\n* Financial Analyst\r\n* Mathematical Modeller\r\n',41,'row1',0),(275,'notextile.. <div class=\"fastfacts\">\r\n\r\nh1. Fast Facts\r\n\r\n* *Number of Faculty:* 4\r\n* *Program Emphasis:* Math\r\n* *Clubs:* Math Club\r\n\r\nnotextile.. </div>',41,'row1',1),(276,'h1. Where We Work\r\n\r\n* St. Jude Children’s Research Hospital\r\n* Mobile Infirmary\r\n* Providence Hospital\r\n* Springhill Medical Center\r\n* USA Medical Center\r\n\r\n<br class=\"more\"/>\r\n\r\n* USA Children’s and Women’s Hospital\r\n* Thomas Hospital',42,'row1',0),(277,'h1. Clinical Partners \r\n\r\n* Altapointe Outpatient Clinic\r\n* Springhill Medical Center\r\n* E. R. Roberts Alzheimer’s Center\r\n* Greater Mobile Urgent Care\r\n* Mobile County Public Health Department\r\n\r\n<br class=\"more\"/>\r\n\r\n* Springhill Medical Center\r\n* The Learning Tree\r\n* Victory Health Partners\r\n* Wound Care Center at Providence Hospital\r\n* Hospice\r\n',42,'row1',1),(278,'notextile.. <div class=\"fastfacts\">\r\n\r\nh1. Fast Facts\r\n\r\n* *Faculty:* 6\r\n* *Clubs:* Student Nurses Association, Sigma Theta Tau International Honor Society of Nursing\r\n* *Scholarship:* Kelley Powell Scholarship\r\n\r\nnotextile.. </div>',42,'row2',1),(279,'h1. Badgers in Grad School\r\n\r\n* University of Alabama\r\n* University of South Alabama\r\n* Spring Hill College\r\n',42,'row2',0),(280,'h1. Other Study Abroad Programs',8,'main',5),(281,'h1. Italy Center in Bologna',8,'main',2),(282,'h1. Where We Work\r\n\r\n*  Investigator\r\n* Researcher\r\n* Crime Analyst\r\n* Probation Officer\r\n* Victim Advocate\r\n* Law Enforcement\r\n* Professor\r\n* Consultant\r\n* Corrections Officer\r\n',43,'row1',0),(283,'notextile.. <div class=\"fastfacts\">\r\n\r\nh1. Fast Facts\r\n\r\n* *Number of Faculty:* 2\r\n* *Popular second majors:* Psychology, Business\r\n* *Clubs:* Sociology Club\r\n\r\nnotextile.. </div>',43,'row1',1),(284,'h1. Our Careers\r\n\r\n* Archivist\r\n* Cultural Heritage Officer\r\n* Cultural Interpreter\r\n* Diplomat / Foreign Affairs and Trade Officer\r\n* Historian\r\n* Intelligence Officer\r\n* Librarian\r\n* Museum/Art Gallery Curator\r\n* Museum Publications Officer/Editor\r\n* History Teacher\r\n* Tour Guide\r\n* Tourism Manager\r\n* Visitor/Tourism Information Officer',44,'row1',0),(285,'notextile.. <div class=\"fastfacts\">\r\n\r\nh1. Fast Facts\r\n\r\n* *Number of Faculty:* 5\r\n* *Popular Second Majors:* Education, Business\r\n* *Clubs:* History Club\r\n\r\nnotextile.. </div>',44,'row1',1),(286,'h1. Where We Work\r\n\r\n* Committee on Foreign Affairs, U. S. House of Representatives\r\n* United States Magistrate Judge, Southern District of Alabama\r\n* Intelligence Analyst, SRA International\r\n* Senior Director for Community Affairs, City of Mobile, Ala.\r\n* Louisiana Fifth Circuit Court of Appeals\r\n\r\n<br class=\"more\"/>\r\n\r\n* National Society of High School Scholars, Boston, Ma.\r\n* Commercial Litigation, Tampa, Fla.\r\n* Veracity Technologies Inc., Minnetonka, MN\r\n* Projects with Purpose in New Orleans, La.\r\n* Axial Human Resources Agency, Prague, Czech Republic\r\n* St. Paul\'s Episcopal School',47,'row1',0),(287,'h1. Badgers in Grad School\r\n\r\n* Tulane University School of Law\r\n* American University\r\n* Florida State University\r\n* George Washington School of Law\r\n* University of Alabama School of Law\r\n* University of Florida School of Law\r\n* University of Mississippi School of Law\r\n\r\n<br class=\"more\"/>\r\n\r\n* Mississippi College School of Law',47,'row1',1),(288,'notextile.. <div class=\"fastfacts\">\r\n\r\nh1. Fast Facts\r\n\r\n* *Number of Faculty:* 5\r\n* *Popular Second Majors:* Business, Philosophy\r\n* *Clubs:* Pi Sigma Alpha, Sigma Iota Rho, Student Government Association (SGA), Political Science & International Studies Club, Springhillian Newspaper\r\n\r\nnotextile.. </div>',47,'row2',0),(289,'h1. Our Careers\r\n\r\n* Actuary\r\n* Actuarial Analyst\r\n* Actuarial Associate\r\n* Actuarial Technician\r\n* Consultant\r\n* Graduate Student',38,'row1',0),(290,'notextile.. <div class=\"fastfacts\">\r\n\r\nh1. Fast Facts\r\n\r\n* *Number of Faculty:* 4\r\n* *Popular Second Majors:* Business\r\n* *Clubs:* Math Club\r\n\r\nnotextile.. </div>',38,'row1',1),(291,'h1. Our Careers\r\n\r\n* IT analyst\r\n* Mathematics Teacher\r\n* Systems Engineer\r\n* Computer Programmer\r\n* Actuarial Analyst\r\n* Software Quality Assurance Engineer\r\n* Network Manager\r\n\r\n',40,'row1',0),(292,'notextile.. <div class=\"fastfacts\">\r\n\r\nh1. Fast Facts\r\n\r\n* *Number of Faculty:* 4\r\n* *Popular Second Majors:* Business\r\n* *Clubs:* Math Club\r\n\r\nnotextile.. </div>',40,'row1',1),(293,'h1. Our Careers\r\n\r\n* Management\r\n* Human Resources\r\n* Labor Relations Manager\r\n* Banking and Finance Executive \r\n* Sales & Marketing\r\n* Product Management\r\n* Agricultural Economics Advisor\r\n* Travel Coordinator\r\n\r\n    \r\n',45,'row1',0),(294,'notextile.. <div class=\"fastfacts\">\r\n\r\nh1. Fast Facts\r\n\r\n* *Number of Faculty:* 5\r\n* *Emphasis of Program:* Culture, Language, Business\r\n* *Clubs:* Student Government Association (SGA), Political Science & International Studies Club, Springhillian Newspaper\r\n\r\nnotextile.. </div>',45,'row1',1),(296,'h1. Our Field Experience\r\n\r\n* Phillips Preparatory School, Mobile, Ala.\r\n* Mary G. Montgomery High School, Mobile, Ala.\r\n* St. Luke\'s Episcopal School, Mobile, Ala.\r\n* St. Paul\'s Episcopal School, Mobile, Ala.\r\n* McGill-Toolen Catholic High School, Mobile, Ala.\r\n',51,'row2',0),(297,'notextile.. <div class=\"fastfacts\">\r\n\r\nh1. Fast Facts\r\n\r\n* *Number of Faculty:* 9\r\n* *Popular Second Majors:* Business Management and Marketing, Studio Art\r\n* *Scholarships:* Mitchell Scholarship\r\n* *Student Clubs and Honor Societies:* Student Art League \r\n\r\nnotextile.. </div>',21,'row1',1),(298,'notextile.. <div class=\"fastfacts\">\r\n\r\nh1. Fast Facts\r\n\r\n* *Faculty:* 4 Full-Time, 12 Adjunct\r\n* *Popular second majors:* Business, Management/Marketing, Professional Writing\r\n* *Student Clubs and Honor Societies:* Lambda Pi Eta, ADPRO, Film & Video Club, Creatives Club\r\n* *Scholarships/Awards:* Alabama Broadcasters Association, Association for Women in Sports Media Internship/Scholarship\r\n\r\nnotextile.. </div>',24,'row2',0),(299,'notextile.. <div class=\"fastfacts\">\r\n\r\nh1. Fast Facts\r\n\r\n* *Faculty:* 1\r\n* *Emphasis within the major:* Humanities \r\n* *Popular minors:* Spanish, French, Women\'s Studies\r\n\r\nnotextile.. </div>',28,'row1',1),(300,'h1. Badgers in Grad School\r\n\r\n* University of Alabama\r\n* University of Colorado\r\n* University of South Alabama\r\n* Mississippi State University College of Veterinary Medicine',34,'row2',0),(301,'notextile.. <div class=\"fastfacts\">\r\n\r\nh1. Fast Facts\r\n\r\n* *Number of Faculty:* 5\r\n* *Program Emphasis:* Biology, Health\r\n* *Clubs:* Beta Beta Beta, Biological Honor Society\r\n\r\nnotextile.. </div>',36,'row2',1),(302,'h1. Careers\r\n\r\n* Physician\r\n* Dentist\r\n* Veterinarian\r\n* Pharmacist\r\n* Nurse Practitioner\r\n* Physician Assistant',36,'row2',0),(303,'First-year Honors Program students are placed in a freshman seminar group specifically designed to assist with adjusting successfully to college life at Spring Hill. \r\n\r\nThe honors freshman seminar includes opportunities for leadership development, volunteer work, and social interactions (movie nights and book clubs).\r\n\r\nSenior year honors program students participate in an honors senior seminar, which includes career and graduate school workshops and opportunities for service and leadership. ',10,'main',5),(305,'- 4 courses in English := Articulate your ideas with precision and force.\r\n- 2 courses in history := The past tells us who we are, where we are going, and why we do what we do.\r\n- 3 courses in theology := Faith and religion are a part of every people and culture.\r\n- 3 courses in philosophy := Hone your critical thinking, argumentation, and ethical reasoning skills.\r\n- 2 courses in the social sciences := Understanding people is essential for successful relationships.\r\n- 2 courses in foreign language := Understand and to communicate with other cultures.\r\n- 3 courses in math, science, and CIS := Gain technological fluency and scientific competence.\r\n- 1 course in fine or performing arts := Art opens our eyes and minds to worlds old and new.\r\n- 4 cross-curricular courses := 1 in cultural diversity and 3 in writing',7,'main',3),(306,'\"*Barnes and Noble Bookstore*\":http://www.shc.edu/bookstore/\r\n\r\n\"*Burke Memorial Library* (The Marnie and John Burke Memorial Library)\":http://library.shc.edu/\r\n\r\n\"*Career Services*\":http://departments.shc.edu/careerservices/\r\n\r\n\"*Center for Academic Excellence*\":http://sites.google.com/a/shc.edu/cae\r\n\r\n\"*Center for Academic Support and Advising*\":https://sites.google.com/a/shc.edu/casa\r\nThe Center for Academic Support and Advising (CASA) provides services for students from the moment they first enroll at Spring Hill College until they graduate, assisting them as they find and follow their unique path toward degree completion. Through seamless services, the Center helps students select majors, register for classes, complete programs of study, and succeed in their chosen fields and disciplines.\r\n\r\n\"*Information Technology*\":https://sites.google.com/a/shc.edu/office-of-information-technology/\r\nHome site for the Office of Information Technology. Information on computer and network resources at Spring Hill College.\r\n\r\n\"*Student Academic Services*\":http://departments.shc.edu/sas\r\n\r\n\"*Undergraduate Research Symposium* (SHCURS)\":http://kudzu.shc.edu/urs/\r\n\r\n\"*Veterans and Active Duty Military*\":http://badgerweb.shc.edu/ICS/Admissions/Military/',56,'main',0),(309,'notextile.. <div class=\"fastfacts\">\r\n\r\nh1. Fast Facts\r\n\r\n* *Number of Faculty:* 2 full time\r\n* *Clubs:* Student Government Association, Political Science and International Studies Club, Springhillian Newspaper\r\n* *Honor Societies:* Pi Sigma Alpha, Sigma Iota Rho\r\n\r\nnotextile.. </div>',62,'row2',1),(310,'h1. Required Courses (12 Credits)\r\n\r\n* CMM 150 Introduction to Public Speaking OR\r\n* BUS 210 Business Communication \r\n* POL 112 Introduction to American Politics\r\n* POL 340 Constitutional Law OR\r\n* POL 342 Civil Liberties and Civil Rights \r\n* POL 381/351 or Western Political Philosophy I OR\r\n* POL 382/352 Western Political Philosophy II \r\n',62,'row1',0),(312,'h1. Electives (Choose 3)\r\n\r\n* ACC 201 Principles of Accounting I \r\n* BUS 301 Business Law I \r\n* PHL 316 Justice \r\n* PHL 350 Philosophy of Law \r\n* POL 283 American Political Thought \r\n* POL 341 Judicial Process and Procedures \r\n* SAS 303 Pre-Law Internship\r\n* SOC 353 Criminology \r\n\r\n<br class=\"more\"/>\r\n\r\n* POL 393 Internship in Government and Politics \r\n* SOC 483 Sociology of Law ',62,'row1',1),(313,'h1. Factors to Consider in Preparation for Law School\r\n\r\n* Leadership experience\r\n* Achieving a high GPA\r\n* Scoring well on the LSAT\r\n* Securing faculty recommendation letters\r\n* Personal essay & writing skills',62,'row2',0),(314,'A pre-law minor from Spring Hill College is great preparation for any student considering going to law school. Explore courses in justice, American political thought, and civil liberties. Participate in Supreme Court simulations with practicing attorneys and judges from around the Gulf Coast area.\r\n',62,'main',1),(315,'This SHC minor is designed to enhance the three basic skills needed to succeed in law school: creative and analytical thinking, understanding governmental and societal institutions, and the comprehension and use of language.\r\n\r\nStudents who graduate with a minor in pre-law complete 4 required courses and 3 electives for a total of 21 credit hours.\r\n',62,'main',2),(316,'h1. Career Options\r\n\r\n* Criminal investigation \r\n* Pathology\r\n* Physical anthropology\r\n* Toxicology\r\n* Behavioral sciences\r\n* Public health\r\n* Law',58,'row2',0),(317,'notextile.. <div class=\"fastfacts\">\r\n\r\nh1. Fast Facts\r\n\r\n* *Number of Faculty:* 14\r\n* *Emphasis within minor:*  psychology, sociology, biology, chemistry\r\n* *Clubs:* chemistry club, psychology club\r\n\r\nnotextile.. </div>',58,'row2',1),(318,'h1. Required Courses\r\n\r\n* BIO 117 Forensic Biology\r\n* CHM 102 Forensic Sciences\r\n* PSY 263 Statistics for the Social Sciences\r\n* POL 341 Judicial Process and Procedures \r\n* SOC 353 Criminology ',58,'row1',0),(319,'h1. Electives (Choose 2)\r\n\r\n* PSY 225 Abnormal Psychology \r\n* PSY 374 Drugs, Brain, and Behavior \r\n* PSY 472 Forensic Psychology \r\n* SOC 256 Cultural Anthropology \r\n* SOC 314 Deviant Behavior \r\n\r\n<br class=\"more\"/>\r\n\r\n* BIO 231 & 233 Anatomy and Physiology I and Laboratory \r\n* BIO 232 & 234 Anatomy and Physiology II and Laboratory \r\n* BIO 301 & 302 Genetics and Laboratory \r\n* BIO 360 & 362 Cell Biology and Molecular Laboratory \r\n* CHM 231 & 233 Organic Chemistry I and Laboratory \r\n* CHM 251 & 253 Analytical Chemistry and Laboratory \r\n* CHM 302 & 304 Instrumental Analysis and Laboratory ',58,'row1',1),(320,'Intrigued with criminal investigation, working in a forensic lab, or providing intelligence support for a police force? Explore the different components of forensics through the interdisciplinary study of biology, psychology, sociology, and justice at Spring Hill College.',58,'main',1),(321,'According to the American Academy of Forensic Science, there is an increasing demand for individuals trained in forensic science, who specifically can apply advances in science and technology to criminal investigation with the purpose of solving crimes.\r\n\r\nStudents who graduate with a minor in forensics complete 5 required courses and 2 electives for a minimum of 21 credit hours.',58,'main',2),(322,'As our country’s Spanish-speaking population continues to grow, so does demand for people who can read, write, and translate the language. \r\n\r\nThe Spanish minor at Spring Hill College provides students with valuable working knowledge of Spanish language, cultures, literature and philosophy. Our expert faculty provide you with a learning experience that can sharpen your speaking, writing and conversation skills. Smaller class sizes mean you get to know your professors, and ensures you will receive focused, one-on-one attention from them.\r\n\r\n',61,'main',1),(325,'h1. Required Courses\r\n\r\n* SPA 101 Elementary Spanish I\r\n* SPA 102 Elementary Spanish II\r\n* SPA 201 Intermediate Spanish I\r\n* SPA 202 Intermediate Spanish II\r\n',61,'row1',0),(326,'h1. Electives (Choose 4-6 Courses)\r\n\r\n* SPA 301 Advanced Spanish Grammar and Composition\r\n* SPA 302 Advanced Spanish Grammar and Composition II\r\n* SPA 303 Advanced Conversation\r\n* SPA 450 Senior Seminar\r\n* SPA 310 Survey of Spanish Literature I\r\n\r\n<br class=\"more\"/>\r\n\r\n* SPA 312 Survey of Spanish-American Literature I \r\n* SPA 313 Survey of Spanish-American Literature II \r\n* SPA 314 Cervantes \r\n* SPA 315 Nineteenth-Century Spanish Literature \r\n* SPA 320 Latin American Poetry: Modernism to 21st Century \r\n* SPA 381 Selected Studies \r\n* SPA 401 Independent Study',61,'row1',1),(327,'h1. Career Options\r\n\r\n* Translation\r\n* Interpretation\r\n* Teaching\r\n* Social work\r\n* Linguistics\r\n* Journalism\r\n',61,'row2',0),(328,'notextile.. <div class=\"fastfacts\">\r\n\r\nh1. Fast Facts\r\n\r\n* *Number of Faculty:* 3\r\n* *Emphasis within the major:* Language, Culture, Literature, Grammar\r\n* *Student Clubs and Honor Societies:* Spanish Club, Phi Sigma Iota\r\n* *Scholarships:* Nick McGowin Jr. Memorial Scholarship\r\n\r\nnotextile.. </div>',61,'row2',1),(329,'Whether you are following your dream of owning a small business, managing people, or overseeing the finances of a start-up company, our minor will help you accomplish your goals.\r\n\r\nYou’ll gain insight into management, marketing, and accounting, as well as learn how the economy and the global financial systems work and interact. At Spring Hill College, you’ll gain the basic analytical tools and insights needed in today’s competitive marketplace.',63,'main',1),(330,'h1. Required Courses\r\n\r\n* ECO 101 Principles of Macroeconomics\r\n* ECO 102 Principles of Microeconomics\r\n* ACC 201 Principles of Accounting I \r\n* ACC 202 Principles of Accounting II\r\n* BUS 263 Business Statistics\r\n* MGT 301 Management Principles\r\n* MKT 311 Marketing Principles\r\n* FIN 301 Financial Management',63,'row1',0),(331,'notextile.. <div class=\"fastfacts\">\r\n\r\nh1. Fast Facts\r\n\r\n* *Number of Faculty:* 8\r\n* *Popular Majors:* Public Relations and Advertising, Graphic Design, Political Science\r\n* *Emphasis within minor:*  economics, accounting, management, marketing\r\n* *Clubs:* National Organization of Leadership, Student Government Association\r\n\r\nnotextile.. </div>',63,'row2',1),(334,'h1. Career Options\r\n\r\n* Entrepreneur\r\n* Management Consultant\r\n* Corporate Trainer\r\n* Banker\r\n* Sales Associate\r\n* MBA Candidate',63,'row1',1),(335,'Enhance your career prospects through an in-depth knowledge of Latin American languages and culture. A minor in Latin American studies is an excellent option for students who wish to concentrate their work in a specific discipline yet maintain a Latin American focus in their coursework. \r\n\r\nThe minor in Latin American Studies is an interdisciplinary course of study that provides a comprehensive understanding of Latin America through the fields of business, economics, foreign language, history, political science, and sociology.',60,'main',1),(336,'h1. Required Courses (3)\r\n\r\n* SPA 201-202 or Intermediate Spanish I-II OR\r\n* SPA 203-204 Intensive Cultural Spanish III-IV\r\n* POL 365 Latin American Politics ',60,'row1',0),(337,'h1. Electives (Choose 5)\r\n\r\n* HIS 301 Modern Latin America\r\n* ENG 246 Introduction to Hispanic-American Literature\r\n* SPA 313 Survey of Spanish-American Literature II\r\n* LAN 305 The Latin American Heritage\r\n* POL 151 Introduction to Comparative Politics \r\n\r\n<br class=\"more\"/>\r\n\r\n* POL 161 Introduction to International Relations \r\n* SOC 256 Cultural Anthropology \r\n* POL 495 Study abroad experience in Latin America ',60,'row1',1),(338,'notextile.. <div class=\"fastfacts\">\r\n\r\nh1. Fast Facts\r\n\r\n* *Number of Faculty:* 8\r\n* *Emphasis within the major:* Language, History, Political Science\r\n* *Student Clubs and Honor Societies:* Spanish Club, Political Science and International Studies Club\r\n\r\nnotextile.. </div>',60,'row2',1),(339,'h1. Career Options\r\n\r\n* Translation\r\n* Interpretation\r\n* Teaching\r\n* Social work\r\n* Linguistics\r\n* Foreign service\r\n* Immigration\r\n* Customs\r\n',60,'row2',0),(340,'Learn how the stock market works and study how real estate markets function. Examine how companies make financial decisions and research the work that goes into managing a small company. \r\n\r\nFinance is a critical part of all organizations and is used by individuals, governments, businesses, schools and not-for-profits. By completing this minor at SHC, you\'ll be able to demonstrate focused skills in finance, while at the same time earning a broader degree. ',64,'main',1),(341,'h1. Required Courses\r\n\r\n* ACC 201 Principles of Accounting I \r\n* ACC 202 Principles of Accounting II \r\n* ECO 102 Principles of Microeconomics \r\n* BUS 263 Business Statistics\r\n* FIN 301 Financial Management \r\n* FIN 321 Money & Capital Markets',64,'row1',0),(342,'h1. Electives (Choose 2)\r\n\r\n* FIN 310 Financial Planning \r\n* FIN 401 Intermediate Financial Management \r\n* FIN 410 Investments \r\n* FIN 495 Special Topics in Financial Economics',64,'row1',1),(343,'notextile.. <div class=\"fastfacts\">\r\n\r\nh1. Fast Facts\r\n\r\n* *Faculty:* 8\r\n* *Popular second majors:* Accounting, Business Management and Marketing\r\n* *Clubs:* Math Club, Student Government Association\r\n\r\nnotextile.. </div>',64,'row2',1),(344,'h1. Career Options\r\n\r\n* Commercial & Retail Banking\r\n* Corporate Finance\r\n* Financial Planning \r\n* Insurance \r\n* Investment Banking\r\n* Money Management\r\n* Real Estate',64,'row2',0),(345,'Do you dream about living in Paris and adore the art of Monet, Cezanne, and Renior? Have you studied foreign films like Les Misérables, Diabolique, and Amelie? Do you find yourself fascinated by French fashion, food, and culture? \r\n\r\nIf your answer is an enthusiastic “Oui!” then Spring Hill College’s minor in French is the perfect program for you. \r\n',59,'main',1),(346,'h1. Required Courses\r\n\r\n* FRE 101 Elementary French I\r\n* FRE 102 Elementary French II\r\n* FRE 201 Intermediate French I \r\n* FRE 202 Intermediate French II ',59,'row1',0),(347,'h1. Electives (Choose 4-6)\r\n\r\n* FRE 301 Advanced French Grammar and Composition \r\n* FRE 303 Advanced French Conversation \r\n* FRE 310 Survey of French Literature I \r\n* FRE 311 Survey of French Literature II\r\n* FRE 315 Survey of French Cinema\r\n* FRE 381 Selected Studies \r\n* FRE 401-402 Independent Study ',59,'row1',1),(348,'h1. Career Options\r\n\r\n* Teaching\r\n* Translation\r\n* Social work\r\n* Bilingual services\r\n* Foreign services\r\n* Editors/Journalists\r\n* Travel/Hospitality',59,'row2',0),(349,'notextile.. <div class=\"fastfacts\">\r\n\r\nh1. Fast Facts\r\n\r\n* *Number of Faculty:* 1\r\n* *Emphasis within minor:* Language, History, Literature\r\n* *Honor Society:* Phi Sigma Iota\r\n* *Clubs:* French Club, International Studies Club\r\n\r\nnotextile.. </div>',59,'row2',1),(350,'Students who graduate with a minor in business administration complete 8 required courses for a total of 24 credit hours.',63,'main',2),(351,'Students who graduate with a minor in Latin American studies complete 3 required courses and 5 electives for a minimum of 24 credit hours.',60,'main',2),(352,'Students who graduate with a minor in finance complete 6 required courses and 2 electives for a minimum of 24 credit hours.',64,'main',2),(353,'h1. Why Get a Business Minor?\r\n\r\n* Increase your marketability to employers\r\n* Follow your passion\r\n* To explore something new\r\n* Complement your major\r\n* Develop an extra skill set\r\n',63,'row2',0),(354,'Live and study like a local at Spring Hill College Italy Center. Visit for a semester, a summer, winter break, or a full year. It’s your choice.\r\n\r\n* Live in a state-of-the-art residence hall with 100 Italian students\r\n* Travel throughout Eastern Europe, The Balkans and North Africa\r\n* Learn from business, political, and religious leaders\r\n* Deepen your studies in human rights, peace studies and global issues\r\n* Intern and cultivate extraordinary leadership skills\r\n\r\n\"(button) Visit the Italy Center Website\":http://www.shc.edu/italy',1,'main',4),(355,'The nature of business management and leadership in the 21st century is changing. Organizations seek leaders who generate trust, empower others, and find innovative answers to problems and challenges.\r\n\r\nThe skills you’ll gain through Spring Hill College’s Master of Business Administration will help you accelerate your career path at your current organization—or chart a brand new direction for your future.\r\n\r\nSHC’s MBA degree program fosters a team environment that embraces diversity--one in which experienced professionals thrive on exchanging new ideas and perspectives.',67,'main',1),(356,'h1. Where Our Graduates Work\r\n\r\n* PNC Bank\r\n* Hancock Bank\r\n* Airbus\r\n* Goodwill Easter Seals\r\n* Mobile Gas\r\n\r\n<br class=\"more\"/>\r\n\r\n* BP\r\n* Monarch General Transport\r\n* Deerfield Media Inc.\r\n* Teledine Continental Motors\r\n',67,'row1',0),(357,'h1. Class profile\r\n\r\n* Class size: 10-15\r\n* Male/Female Ratio: 60/40\r\n* International students: 4\r\n* GRE/GMAT/etc score: 500-520\r\n* Undergraduate GPA: 3.5\r\n',67,'row1',2),(358,'h1. Benefits of SHC Graduate Degree:\r\n\r\n* Small, interactive classes\r\n* Modern academic facilities\r\n* Exemplary, experienced faculty\r\n* Personalized, supportive environment\r\n* Schedule flexibility\r\n',67,'row1',1),(359,'h1. FAQs\r\n\r\n* What are the test requirements for admission?  GMAT - minimum score 440\r\n* How many students are working professionals? 95%\r\n* May I use CLEP or DANTES to fulfill prerequisites? Yes\r\n* Will this degree fit my schedule? Evening classes offered during the fall and spring semester, online and hybrid courses during the summer term\r\n* How many credit hours are needed to complete the degree? 30 credit hours (10 courses, 8 core classes, 2 electives).\r\n\r\n',67,'row2',1),(361,'Spring Hill College’s master of pastoral studies is designed for a broad range of students — from those wishing to develop deeper biblical understanding to those called to be on the pastoral staff. \r\n\r\nThe program is designed to develop the student’s theological and ministerial competency through academic study, reflection on ministerial practice, and the student’s personal experiences as a person of faith. \r\n\r\n',66,'main',1),(363,'h1. Benefits of SHC Graduate Degree\r\n\r\n* Personalized work with Thesis director\r\n* Wide range of Topics for Focus\r\n* Great research libraries in Mobile and Atlanta\r\n* Small class sizes',68,'row1',0),(364,'h1. Class Profile\r\n\r\n* Average class size: 15\r\n* Approximate Male/Female Ratio: 35%/65%\r\n* Average number of international students: 3\r\n* Average undergraduate GPA: 3.6\r\n* Average years of work experience: 20',68,'row1',1),(365,'Explore the depth and breadth of Christian Theology in a program designed on the principle of “faith seeking understanding.”  The program recognizes that Theology is a true science with its own criteria of analysis and critical reflection, which at the same time is based on faith, the human encounter with the mystery of God. \r\n \r\nThe MTS program is designed primarily for adult students who are working full-time in their professions or homes and is designed to give students the tools for practical application of theological knowledge. \r\n\r\n\r\n\r\n',68,'main',1),(367,'h1. Tuition Reduction\r\n\r\nBecause Spring Hill offers its theology programs as a service to the region’s community of faith and as an expression of its basic mission, the cost per credit hour reflects a generous tuition reduction which is applied toward all students; the same fee applies to graduate, undergraduate, and audit levels.\r\n\r\n',68,'row2',0),(368,'h1. FAQs\r\n\r\n* What are the test requirements for admission? Completion of MTS\r\n* How many students are working professionals? 30% in field of Theology\r\n* Will this degree fit my schedule?  graduate theology courses are taught online, or in six-hour (Saturdays) or three-hour (week night) segments\r\n* How many credit hours are needed to complete the degree? 48 total. 15 beyond the 33 of the MTS\r\n\r\n\r\n',68,'row1',2),(369,'h1. FAQs\r\n\r\n* What are the requirements for admission? 6 hours of undergraduate theology\r\n* How many students are working professionals?  30% in field of theology or ministry\r\n* How many credit hours are needed to complete the degree? 33',66,'row2',0),(370,'h1. Class profile\r\n\r\n* Class size: 15\r\n* Male/Female Ratio: 35%/65%\r\n* Number of international students: 3\r\n* Undergraduate GPA: 3.4\r\n* Years of work experience: 20\r\n',66,'row1',1),(371,'Explore the depth and breadth of Christian Theology in a program designed on the principle of “faith seeking understanding.”  The program recognizes that Theology is a true science with its own criteria of analysis and critical reflection, which at the same time is based on faith, the human encounter with the mystery of God. \r\n \r\nThe MTS program is designed primarily for adult students who are working full-time in their professions or homes and is designed to give students the tools for practical application of theological knowledge. \r\n\r\n',69,'main',1),(372,'notextile.. <div class=\"fastfacts\">\r\n\r\nh1. Fast Facts\r\n\r\n* *Average salary at graduation:* $30,000-60,000\r\n* *Job placement rate (2014):* 30%. Most take the program for personal enrichment or furthering their competence in the current job\r\n* *Number of Faculty:*  6\r\n* *Certificate options:* Yes, Spiritual Direction; Theological Studies\r\n* *Program duration:* 3 years part-time\r\n\r\nnotextile.. </div>\r\n',69,'row1',3),(373,'h1. Benefits of SHC Graduate Degree\r\n\r\n* Regional\r\n* Small Classes\r\n* Mostly online\r\n* Intensive classroom meetings\r\n* Availability of professors\r\n\r\n',69,'row1',0),(374,'h1. Class Profile\r\n\r\n* Average class size: 15\r\n* Approximate Male/Female Ratio: 35%/65%\r\n* Average number of international students: 3\r\n* Average undergraduate GPA: 3.4\r\n* Average years of work experience: 20\r\n',69,'row1',1),(375,'h1. Tuition Reduction\r\n\r\nBecause Spring Hill offers its theology programs as a service to the Southeast’s community of faith and as an expression of its basic mission, the cost per credit hour reflects a generous tuition reduction which is applied toward all students; the same fee applies to graduate, undergraduate, and audit levels.',69,'row2',0),(376,'h1. FAQs\r\n\r\n* Admission requirement? 6 credits of undergraduate theology\r\n* GPA requirement? GPA of 3.0 and above\r\n* How many students are working professionals? 90%\r\n* Will this degree fit my schedule? Online courses, 6 on-site meetings\r\n* How many credit hours are needed to complete the degree? 33\r\n',69,'row1',2),(377,'A master’s degree in education underscores your commitment to your students and your own professional development. Work with our experienced and dedicated faculty, who will challenge you with opportunities to expand your knowledge and develop your leadership skills. \r\n\r\nSpring Hill College’s master of science in education program students specialize in one of three areas of study—early childhood education,elementary education, and secondary education (in the teaching areas of English language arts, general social science, and history). \r\n\r\nEach concentration in this degree program aligns closely with state and national standards and emphasizes academic excellence, professional development, the needs of diverse learners, educational technology, and the role of educators as change agents.\r\n',70,'main',1),(378,'notextile.. <div class=\"fastfacts\">\r\n\r\nh1. Fast Facts\r\n\r\n* *Average salary at graduation:* $ 52,723\r\n* *Job placement rate (2014):* 100%\r\n* *Number of Faculty:* 4\r\n* *Certificate options:* Class A\r\n* *Program duration:* 1 year + one term\r\n\r\nnotextile.. </div>',70,'row1',3),(379,'h1. Where Our Graduates Work\r\n\r\n* Mobile County public schools\r\n* Baldwin County public schools\r\n* Various private and parochial schools \r\n',70,'row1',0),(380,'h1. Class profile\r\n\r\n* Class size: 8\r\n* Male/Female Ratio: 100% female\r\n* GRE/GMAT/etc score: 295\r\n* Undergraduate GPA:  3.0\r\n* Years of work experience: 3-5\r\n',70,'row1',1),(381,'h1. Benefits of SHC Graduate Degree:\r\n\r\n* Fully accredited\r\n* Small, interactive classes\r\n* Modern academic facilities\r\n* Exemplary, experienced faculty, award-winning faculty with terminal degrees\r\n* Personalized, supportive environment\r\n',70,'row2',0),(382,'h1. FAQs\r\n\r\n* What are the test requirements for admission? GRE 295 or  MAT 375\r\n* How many students are working professionals?  90%\r\n* Will this degree fit my schedule?  Classes offered evenings, online, or hybrid\r\n* How many credit hours are needed to complete the degree? 33 hours\r\n* May I use CLEP to fulfill prerequisites? Yes\r\n',70,'row1',2),(386,'h1. Tuition Reduction\r\n\r\nBecause Spring Hill offers its theology programs as a service to the region’s community of faith and as an expression of its basic mission, the cost per credit hour reflects a generous tuition reduction which is applied toward all students.\r\n\r\nThe same fee applies to graduate, undergraduate, and audit levels.',66,'row1',2),(387,'notextile.. <div class=\"fastfacts\">\r\n\r\nh1. Fast Facts\r\n\r\n* *Average salary (or salary range) at graduation:* $30-$60,000\r\n* *Number of Faculty:* 6\r\n* *Certificate options:* Yes Spiritual Direction; Pastoral Ministry\r\n* *Program duration:* 3 years part-time\r\n* *Program Stucture:* Mostly online; Six intensive weekend classes and seminars\r\n\r\nnotextile.. </div>\r\n',66,'row1',3),(389,'h1. Degree Requirements\r\n\r\nThe master of theological studies degree requires thirty credit hours from the following categories: historical, systematic, Biblical, moral, and pastoral. Courses offer the challenge of serious theological reflection as a preparation for ministry or as professional updating and personal enrichment. ',69,'row2',1),(390,'Establish yourself as a highly qualified expert. Gain real-world skills. Work with accomplished faculty. \r\n\r\nIf you are serious about excelling, passionate about making change, and committed to furthering your studies, Spring Hill College offers an exceptional graduate level program in three areas of focus:\r\n\r\n* Early Childhood Education\r\n* Secondary Education\r\n* Elementary Education\r\n\r\nSHC graduates place themselves further along the pay scale and are in position to take on new professional roles. Our fully-accredited program is fun, challenging, and designed to meet the needs of your busy schedule. Take classes on campus, in the evenings, or enroll in distance learning courses.\r\n',71,'main',1),(391,'h1. Degree Requirements\r\n\r\nh2. Master of Arts in Teaching in Early Childhood Education \r\n\r\n* EDU 501 Strategies for Creative Classroom Management\r\n* EDU 504 Issues and Innovations in Early Childhood Education\r\n* EDU 514 Psychological Interpretations of Learning and Development\r\n* EDU 517 Survey of Exceptionality\r\n* EDU 520 Computer-Based Instructional Technologies\r\n* EDU 526 Research Methodology and Evaluation in Education Reading \r\n* EDU 562 Trends and Practices in the Total Reading Program Teaching Field \r\n* EDU 530 Teaching Social Concepts in Early Childhood Education\r\n* EDU 531 Language Development and Activities for Early Childhood Education or\r\n* EDU 552 Creative and Critical Thinking Approaches to Teaching Science\r\n* EDU 553 Mathematics Education: A Problem-Solving Approach\r\n* EDU 558 Fine Arts in the Elementary Classroom\r\n* EDU 563 Analysis and Correction in Reading Internship \r\n* EDU 595 Internship in Early Childhood Education\r\n\r\nh2. Master of Arts in Teaching in Elementary Education\r\n\r\n* EDU 501 Strategies for Creative Classroom Management\r\n* EDU 502 Curriculum and Instruction for the Elementary School Professional Studies \r\n* EDU 514 Psychological Interpretations of Learning & Development Special Education \r\n* EDU 517 Survey of Exceptionality Technology \r\n* EDU 520 Computer-Based Instructional Technologies \r\n* EDU 526 Research Methodology and Evaluation in Education\r\n* EDU 562 Trends and Practices in the Total Reading Program\r\n* EDU 540 Problems in the Social Studies Program\r\n* EDU 541 Issues in the Language Arts Program\r\n* EDU 552 Creative and Critical Thinking Approaches to Teaching Science or\r\n* EDU 553 Mathematics Education: A Problem-Solving Approach\r\n* EDU 558 or Fine Arts in the Elementary Classroom or\r\n* EDU 563 Analysis and Correction in Reading Internship \r\n* EDU 596 Internship in Elementary Education\r\n\r\nh2. Master of Arts in Teaching in Secondary Education\r\n\r\n*Choose one teaching field: History, English Language Arts, or General Social Science. \r\n\r\n* EDU 501 Strategies for Creative Classroom Management\r\n* EDU 505 Curriculum, Instruction, and Teaching Methodology for the Secondary School EDU 506 or Lab: Curriculum, Instruction, and Teaching Methodology in Social Science/History or\r\n* EDU 507 Lab: Curriculum, Instruction, and Teaching Methodology in English Language Arts \r\n* EDU 514 Psychological Interpretations of Learning & Development\r\n* EDU 517 Survey of Exceptionality Technology\r\n* EDU 520 Computer-Based Instructional Technologies\r\n* EDU 526 Research Methodology and Evaluation in Education Reading \r\n* EDU 565 Reading in the Content Areas\r\n',71,'row2',1),(392,'h1. Where Our Graduates Work\r\n\r\n* Mobile County public schools\r\n* Baldwin County public schools\r\n* St. Luke’s Episcopal School\r\n* McGill-Toolen High School\r\n* Various parochial schools \r\n',71,'row1',0),(393,'h1. Class profile\r\n\r\n* Average class size: 8\r\n* Approximate Male/Female Ratio: 25% male/75% female\r\n* Average GRE score: 295\r\n* Average undergraduate GPA: 3.0\r\n* Average years of work experience: 3-5\r\n',71,'row1',1),(394,'h1. Benefits of SHC Graduate Degree\r\n\r\n* Fully accredited\r\n* Small, interactive classes\r\n* Modern academic facilities\r\n* Exemplary, award winning, experienced faculty with terminal degrees\r\n* Personalized, supportive environment\r\n\r\n',71,'row2',0),(395,'h1. FAQs\r\n\r\n* What are the test requirements for admission? GRE 295, MAT 375\r\n* How many students are working professionals? 90%\r\n* Will this degree fit my schedule?  SHC offers evening, online, & hybrid classes\r\n* How many credit hours are needed to complete the degree? 39 hours, including internship\r\n* May I use CLEP to fulfill prerequisites? Yes\r\n',71,'row1',2),(398,'h1. Where Our Graduates Work\r\n\r\n* Grove Hill Memorial Hospital\r\n* Mobile Infirmary Health System\r\n* Mobile Infirmary Medical Center\r\n* Thomas Hospital\r\n* Monroe County Hospital\r\n* Providence Hospital\r\n* Saint Joseph’s Hospital of Atlanta\r\n* Springhill Medical Center\r\n* Southeast Alabama Medical Center',72,'row1',0),(400,'h1. Benefits of SHC Graduate Degree\r\n\r\n* Eligible to take the Clinical Nurse Leader Certification Exam\r\n* Small, interactive classes\r\n* Modern academic facilities\r\n* Exemplary, experienced faculty\r\n* Personalized, supportive environment',72,'row2',0),(401,'h1. Requirements for Application\r\n\r\n* Hold a RN license in the state where he or she practices nursing\r\n* Have a minimum of one year of clinical experience\r\n* Currently works in a clinical setting access to a health care facility\r\n* Meet admissions criteria appropriate for the academic degree',72,'row1',2),(402,'The demand for qualified nurses has never been greater. The U.S. Department of Labor predicts 1 million new and replacement nurses will be needed by 2016 to fill the projected nursing shortage. \r\n\r\nGain the knowledge and skills you need  to influence the quality of patient care, innovate healthcare practices through technology, and gain autonomy in your career with a graduate degree from Spring Hill College. Four degree options are available, including:\r\n\r\n* RN with Bachelor of Science in Nursing to MSN Program\r\n* RN with Non-Nursing Baccalaureate\r\n* RN with Master’s Degree in Nursing Post-Master’s Certificate \r\n* RN with Associate Degree in Nursing/Nursing Diploma to MSN Program\r\n',72,'main',1),(403,'notextile.. <div class=\"fastfacts\">\r\n\r\nh1. Fast Facts\r\n\r\n* *Average salary at graduation:* $60-90,000 or greater\r\n* *Job placement rate (2014):* 100%\r\n* *Number of Faculty:* 3\r\n* *Program duration (full-time student):*  2 years\r\n* *Credit hours are needed to complete the degree?* 37\r\n* *May I use CLEP or DANTES to fulfill prerequisites?* Yes\r\n* *Will this degree fit my schedule?* We recognize that students have other responsibilities and busy lifestyles. Coursework is offered in convenient 8-week online terms.\r\n\r\nnotextile.. </div>',72,'row1',3),(405,'h1. Class profile:\r\n\r\n* Average class size: 10\r\n* Approximate Male/Female Ratio: 20%/80%\r\n* Average undergraduate GPA: 3.75\r\n* Average years of work experience: 5\r\n* How many students are working professionals? 100%\r\n',72,'row1',1),(409,'Whether you are seeking a career change, job advancement, or the opportunity to pursue a lifelong passion, consider enrolling in Spring Hill College’s Master of Liberal Arts degree \r\n\r\nWhereas most graduate programs ask you to become more and more specialized, the MLA at Spring Hill College helps you to both broaden and deepen your educational and professional experience. \r\n\r\nWork with your own personal Spring Hill College advisor to tailor the graduate program to your own professional and intellectual interests. Explore topics including history, religion, literature, philosophy, leadership, and fine arts.',74,'main',1),(410,'h1. Concentrations:  \r\n\r\n* Literature\r\n* Fine Arts\r\n* History & Social Sciences\r\n* Leadership & Ethics',74,'row1',2),(412,'h1. Where Our Graduates Work\r\n\r\nOur students come from many professional backgrounds, some look for a position after getting the MLA, but many already have established professional careers (such as in the U.S. Coast Guard or in Gulf Coast area professions, organizations and businesses).',74,'row1',3),(413,'h1. Class profile\r\n\r\n* Average class size: 12\r\n* Approximate Male/Female Ratio: 35/65\r\n* Working professionals: 75%\r\n\r\nh1. Certificate options:\r\n\r\n* Leadership & Ethics \r\n* Studio Arts  ',74,'row1',0),(414,'h1. Benefits of SHC Graduate Degree:\r\n\r\n* Our coursework can be customized to fit your intellectual goals\r\n* Offers a broad-based cultural and intellectual curriculum\r\n* Core classes feature small, seminar-style instruction\r\n* Faculty are drawn from departments from all corners of the College\r\n* Exceptional faculty\r\n',74,'row1',1),(415,'h1. FAQs\r\n\r\n* What are the test requirements for admission? Undergraduate GPA of at least 3.0 or MAT score that ranks at least in the 41st percentile in the Humanities\r\n* Will this degree fit my schedule? All classes needed to complete the degree are available in evening classes (most of them on a one night per week schedule, with some online and hybrid courses offered in both Summer and regular Fall/Spring sessions)\r\n* How many credit hours are needed to complete the degree? 30 credit hours  to complete the MLA; 12 credit hours to earn the certificate in Leadership and Ethics offered in the Liberal Studies program; 18 credit hours to earn the Graduate Certificate in Studio Art\r\n',74,'row2',1),(418,'h1. Required Courses\r\n\r\nh2. Master of Science in Early Childhood Education\r\n\r\n* EDU 520 Computer-Based Instructional Technologies\r\n* EDU 531 Language Development and Activities for Early Childhood Education\r\n* EDU 517 Survey of Exceptionality \r\n* EDU 501 Strategies for Creative Classroom Management\r\n* EDU 504 Issues and Innovations in Early Childhood Education\r\n* EDU 514 Psychological Interpretations of Learning & Development\r\n* EDU 526 Research Methodology and Evaluation in Education\r\n\r\nh2. Master of Science in Elementary Education\r\n\r\n* EDU 520 Computer-Based Instructional Technologies\r\n* EDU 562 Trends and Practices in the Total Reading Program\r\n* EDU 517 Survey of Exceptionality\r\n* EDU 501 Strategies for Creative Classroom Management\r\n* EDU 502 Curriculum and Instruction for the Elementary School\r\n* EDU 514 Psychological Interpretations of Learning and Development\r\n* EDU 526 Research Methodology and Evaluation in Education\r\n\r\nh2. Master of Science in Secondary Education\r\n\r\n* Choose one teaching field: History, English Language Arts, or General Social Science. \r\n\r\n* EDU 517 Survey of Exceptionality \r\n* EDU 501 Strategies for Creative Classroom Management\r\n* EDU 503 Curriculum, Instruction, and Teaching Methodology for the Secondary School\r\n* EDU 514 Psychological Interpretations of Learning & Development\r\n* EDU 520 Computer-Based Instructional Technologies\r\n* EDU 526 Research Methodology and Evaluation in Education\r\n* EDU 565 Reading in the Content Areas',70,'row2',1),(420,'notextile.. <div class=\"fastfacts\">\r\n\r\nh1. Fast Facts\r\n\r\n* *Average salary (or salary range) at graduation:* $52,723\r\n* *Job placement rate (2014):* 100% \r\n* *Number of Faculty:*  4\r\n* *Certificate options:* (Y/N)  Yes, Class A\r\n* *Program duration (full-time student):* 2 years\r\n\r\nnotextile.. </div>',71,'row1',3),(423,'h1. Degree Requirements\r\n\r\nThe Master of Arts in Theology degree program requires forty-five credit hours: thirteen graduate-level courses and a research thesis. This degree allows for further concentration beyond the MTS degree in one particular area chosen by the student (e.g., Biblical, Spiritual, Moral) and includes an extensive research project concluding in a thesis paper (75-100 pages long). ',68,'row2',1),(424,'h1. Degree Requirements (for Associate or Diploma RNs)\r\n\r\nh2. General Studies\r\n\r\n* ENG English Composition I and II \r\n* THL Theology \r\n* PHL Philosophy \r\n* MTH Statistics \r\n* BIO 231-232 Anatomy and Physiology I & II \r\n* BIO 233-234 Anatomy and Physiology I & II Lab \r\n* BIO 136/138 Microbiology plus Lab \r\n* CHM Chemistry and Social Sciences \r\n\r\nh2. The MSN Curriculum\r\n\r\n* NUR 513 Theoretical Foundations for Leadership \r\n* NUR 514 Applied Research & Evidence-Based Practice \r\n* NUR 515 Advanced Pharmacology \r\n* NUR 516 Advanced Health Assessment \r\n* NUR 517 Pathophysiology for Advanced Nursing Practice \r\n* NUR 518 Health Policy \r\n* NUR 520 Clinical Outcomes Management \r\n* NUR 521 Care Environment Management \r\n* NUR 522 Academic Clinical Residency \r\n* NUR 523 The Clinical Nurse Leader Project \r\n* PHL 501 Graduate Philosophy/Ethics Elective \r\n\r\nh2. Clinical Nurse Leader (CNL) Post-Master’s Certificate\r\n\r\n* NUR 513 Theoretical Foundations for Leadership \r\n* NUR 520 Clinical Outcomes Management \r\n* NUR 521 Care Environment Management \r\n* NUR 522 Academic Clinical Residency \r\n* NUR 523 The Clinical Nurse Leader Project \r\n',72,'row2',1),(425,'h1. Program Requirements\r\n\r\n* LIS 503 Modernity \r\n* LIS 501 or Classical Antiquity or\r\n* LIS 502 or The Medieval World or\r\n* LIS 505 The Scientific Revolution\r\n* ENG 5xx or ARH 501 or ART 5xx\r\n* HIS 5xx/ECO 5xx/POL 5xx/SOC 5xx/PSY 5xx\r\n* LIS 504 or Non-Western Culture or\r\n* LIS 580 or Women’s Studies or\r\n* LIS 585 Studies in Cultural Diversity\r\n* LIS 592 or Master’s Project or\r\n* LIS 595 Seminar in Liberal Arts\r\n\r\nh1. CERTIFICATE IN LEADERSHIP AND ETHICS\r\n\r\n* LIS 571/BUS 520 Organizational Behavior \r\n* LIS 572/BUS 525 Leadership \r\n* LIS 573/BUS 530 Business Ethics and Social Responsibility \r\n* LIS 574/BUS 592 Conflict Management \r\n',74,'row2',0),(426,'h1. Where Our Graduates Work\r\n\r\n* Mobile Infirmary\r\n* Providence Hospital\r\n* Diocese of Jackson, MS',66,'row1',0),(427,'h1. Degree Requirements\r\n\r\nThe Master of Pastoral Studies degree program requires thirty-three credit hours: twenty-one hours of theology courses from the master of theological studies program, as well as classes focusing on Biblical, historical, and moral issues.',66,'row2',1),(428,'notextile.. <div class=\"fastfacts\">\r\n\r\nh1. Fast Facts\r\n\r\n* *Job placement rate (2014):* 100%\r\n* *Number of Faculty:* 7\r\n* *Program duration (full-time student):* 12 months\r\n\r\nnotextile.. </div>',67,'row1',3),(430,'h1. Required Courses -  (24 semester hours)\r\n\r\n* ACC 530 Accounting for Management Control \r\n* BUS 520 Organizational Behavior \r\n* BUS 530 Business Ethics and Social Responsibility \r\n* BUS 540 Quantitative Business Analysis \r\n* BUS 550 Managerial Economics \r\n* BUS 560 Management of Financial Resources \r\n* BUS 570 Marketing Management \r\n* BUS 599 Business Strategy and Policy \r\n\r\nIn addition to this common core, students will take two electives (6 semester hours), normally two business courses. Both electives (6 hours) must carry a BUS designation 521 or higher. ',67,'row2',0),(431,'notextile.. <div class=\"fastfacts\">\r\n\r\nh1. Fast Facts\r\n\r\n* *Average salary (or salary range) at graduation:* $30-60,000\r\n* *Number of Faculty:* 6\r\n* *Program duration:* 3 years part-time\r\n\r\nnotextile.. </div>\r\n',68,'row1',3),(432,'Understanding that education is a lifelong pursuit, our graduate programs are specially designed for working adults. Spring Hill\'s faculty provide the highest quality classroom instruction, with our small classes allowing for individual attention and interaction with professors and students.\r\n\r\nCourses are offered on a semester basis, with students generally taking one or two courses per semester. Classes are offered in the evenings to allow working students to attend class and on Saturdays for Theology classes.',65,'main',0),(433,'Admission to the MBA program is open to qualified applicants who hold a bachelor\'s degree or equivalent from any accredited college or university. The Graduate Management Admission Test (GMAT) is required unless the student possesses an existing degree beyond the bachelor\'s level.  Applicants must complete the admission process one month prior to the intended term of entry. \r\n\r\nh1. Admission Standards\r\n\r\nStudents may achieve full standing through admission at one of the following two levels:\r\n\r\n* Unconditional admission requires 1,000 points based on the formula: (undergraduate GPA x 200) + GMAT score. A minimum test score of 440 is required.\r\n* Conditional admission is granted to students who hold degrees beyond the bachelor\'s level (master\'s or above) and have not taken the GMAT examination.\r\n\r\nProvisional admission status is available to students who have not yet submitted official copies of all necessary documentation but are judged likely to achieve unconditional status.',75,'main',0),(434,'h1. Admission for International Students\r\n\r\nAdditional admission documents are required for international applicants.  They include: \r\n\r\n* an official copy of an English proficiency test with an acceptable score (TOEFL:  Internet Based Test - 80, Computer Based Test - 213; IELTS - 6.5; Cambridge Examinations (CPE or CAE) - C;  or the Michigan Test (MELAB) 90)\r\n* an official course by course evaluation by an approved evaluation service like, World Education Service (WES), for course work completed at institutions outside of the U.S.\r\n* proof of financial resources showing student\'s ability to cover expenses for the first academic year, (an affidavit of support and/or a confidential bank statement from student\'s parents, a relative or personal sponsor showing that sufficient funds are available or a sponsorship letter from a government agency, organization, institution or school)\r\n\r\n\"(button) Review the General Admission Requirements for International Students\":http://www.shc.edu/grad/admissions/international\r\n',75,'main',1),(435,'h1. Degree Programs',65,'main',1),(436,'notextile.. <div class=\"fastfacts\">\r\n\r\n<p>Programs in Theology & Ministry are also available in Atlanta, GA; Birmingham, AL; and Jackson, MS.\r\n</p>\r\n<p>The MSN-CNL is an online program and is open to students living in the continental United States.</p>\r\n\r\n<p>Areas of study for the teacher education degrees (MS & MAT) include: Early Childhood Education, Elementary Education, Secondary English Language Arts, Secondary General Social Science, Secondary History.</p>\r\n\r\nnotextile.. </div>',65,'main',3);
/*!40000 ALTER TABLE `page_page_textilepagecontent` ENABLE KEYS */;
UNLOCK TABLES;

--
-- Table structure for table `south_migrationhistory`
--

DROP TABLE IF EXISTS `south_migrationhistory`;
/*!40101 SET @saved_cs_client     = @@character_set_client */;
/*!40101 SET character_set_client = utf8 */;
CREATE TABLE `south_migrationhistory` (
  `id` int(11) NOT NULL AUTO_INCREMENT,
  `app_name` varchar(255) NOT NULL,
  `migration` varchar(255) NOT NULL,
  `applied` datetime NOT NULL,
  PRIMARY KEY (`id`)
) ENGINE=InnoDB AUTO_INCREMENT=23 DEFAULT CHARSET=latin1;
/*!40101 SET character_set_client = @saved_cs_client */;

--
-- Dumping data for table `south_migrationhistory`
--

LOCK TABLES `south_migrationhistory` WRITE;
/*!40000 ALTER TABLE `south_migrationhistory` DISABLE KEYS */;
INSERT INTO `south_migrationhistory` VALUES (1,'medialibrary','0001_initial','2014-08-08 20:26:30'),(2,'page','0001_initial','2014-08-08 20:26:30'),(3,'page','0002_auto__add_textilepagecontent__del_field_page_meta_keywords__del_field_','2014-08-08 20:26:30'),(4,'page','0003_auto__del_field_page_excerpt__add_field_page_excerpt_image__add_field_','2014-08-08 20:26:30'),(5,'page','0004_auto__add_templatecontent','2014-08-08 20:26:30'),(6,'page','0005_auto__del_formcontent__add_formbuildercontent','2014-08-08 20:26:30'),(7,'page','0006_auto__del_formbuildercontent__add_formcontent','2014-08-08 20:26:30'),(8,'page','0007_auto__del_applicationcontent__del_blogentrylistcontent','2014-08-08 20:26:30'),(9,'forms','0001_initial','2014-08-08 20:26:30'),(10,'forms','0002_auto__add_field_field_order','2014-08-08 20:26:30'),(11,'forms','0003_auto__add_field_field_slug','2014-08-08 20:26:30'),(12,'forms','0003_auto__chg_field_fieldentry_value','2014-08-08 20:26:30'),(13,'forms','0004_populate_field_slug','2014-08-08 20:26:30'),(14,'forms','0005_auto__chg_field_fieldentry_value__del_field_field__order__chg_field_fi','2014-08-08 20:26:30'),(15,'forms','0006_auto__del_unique_field_slug_form','2014-08-08 20:26:30'),(16,'page','0008_auto__del_field_page_excerpt_text__del_field_page_excerpt_image','2014-08-12 16:36:32'),(17,'page','0009_auto__add_field_page_page_vars','2014-08-12 16:38:02'),(18,'page','0010_auto__add_directorylistingcontent','2014-08-14 14:41:08'),(19,'testimonials','0001_initial','2014-08-15 14:12:15'),(20,'page','0011_auto__del_field_page_page_vars','2014-08-15 14:12:20'),(21,'page','0012_auto','2014-08-15 14:12:20'),(22,'page','0013_auto__add_mediacategorylistingcontent','2014-09-08 12:06:17');
/*!40000 ALTER TABLE `south_migrationhistory` ENABLE KEYS */;
UNLOCK TABLES;

--
-- Table structure for table `testimonials_testimonial`
--

DROP TABLE IF EXISTS `testimonials_testimonial`;
/*!40101 SET @saved_cs_client     = @@character_set_client */;
/*!40101 SET character_set_client = utf8 */;
CREATE TABLE `testimonials_testimonial` (
  `id` int(11) NOT NULL AUTO_INCREMENT,
  `person_class` varchar(10) NOT NULL,
  `title` varchar(100) NOT NULL,
  `attribution` varchar(100) NOT NULL,
  `image` varchar(100) DEFAULT NULL,
  `content` longtext NOT NULL,
  PRIMARY KEY (`id`)
) ENGINE=InnoDB AUTO_INCREMENT=204 DEFAULT CHARSET=latin1;
/*!40101 SET character_set_client = @saved_cs_client */;

--
-- Dumping data for table `testimonials_testimonial`
--

LOCK TABLES `testimonials_testimonial` WRITE;
/*!40000 ALTER TABLE `testimonials_testimonial` DISABLE KEYS */;
INSERT INTO `testimonials_testimonial` VALUES (8,'fac','Faculty Insight','Wanda Sullivan','images/people/wanda4.jpg','I love teaching at Spring Hill College. Because the school is small, I can really get to know my students. They know I am always here for them and I’m their biggest cheerleader.\r\n'),(9,'alum','From My Perspective','Grant Benoit ’12','images/people/grant_benoit23.jpg','SHC’s focus on service brought new meaning to my art, as well as my view on the larger community. I share this same philosophy with my students today.\r\n'),(10,'alum','From My Perspective','Severin Chambers \'14','images/people/severin.jpg','My psychology field experience at The Little Tree school was an amazing learning opportunity.'),(11,'alum','From My Perspective','Caroline Wilson ’12','images/people/caroline_wilson3.jpg','Spring Hill College is a remarkable community, and the professors here have given me a lot of insight into real issues in the world.'),(12,'fac','Faculty Insight','Dr. Royce Simpson','images/people/royce.jpg','Graduate programs are becoming increasingly competitive, but one way that you can distinguish yourself is by demonstrating the ability to complete a research project. We offer many opportunities for students to gain this valuable experience.'),(13,'stu','From My Perspective','Seth Polansky \'17','images/people/seth2.jpg','The chemistry major requires work and long hours, but I really enjoy my courses, especially since the chemistry professors are all fantastic and supportive of students.'),(14,'fac','Faculty Insight','Dr. Carolyn Simmons','images/people/carolyn_simmons.jpg','As faculty, we try to foster a learning environment that is both challenging and supportive for\r\nour students. We are fiercely dedicated to our students’ learning and success in the classroom,\r\nthe research lab, and in the field.'),(15,'alum','From My Perspective','Caroline Hitt \'13','images/people/Caroline_Hitt.jpg','The faculty at Spring Hill College is great. Getting to know my instructors personally, and having some of the same professors for four years, has helped a lot.'),(16,'alum','From My Perspective','Luke Hayes \'14','images/people/Luke_.jpg','My internship with the Dallas Cowboys was an amazing opportunity. I worked hard and gained real world experience.  I consider myself extremely fortunate to have been a part of the team.'),(17,'fac','Faculty Insight','Dr. Andrew Sharp','images/people/sharpe_1.jpg','It is indeed a rewarding experience to observe the accounting students develop academically and socially during their years at SHC.  '),(18,'alum','From My Perspective','Elizabeth Neal \'14','images/people/eliz_neal2.jpg','Because of my education and my internships at Airbus, Enterprise, and Edward Jones, I’ve had amazing, real-world experience. It’s sure to make a difference standing out from the competition. Spring Hill raises the bar when it comes to preparing students for the work world.'),(19,'alum','From My Perspective','Chris Montgomery \'14','images/people/chris_montgomery.jpg','I love the faculty here. No matter what is going on in your life, no matter how tough your week is, you can always go to your professors and they will work with you.'),(20,'fac','Faculty Insight','Dr. James Larriviere','images/people/drlarivierre.jpg','Graduates of the Financial Economics concentration leave the Hill with an impressive skill set, and continue to hone their skills in a variety of career paths. The accomplishments of Spring Hill College’s Financial Economics majors are extremely impressive.'),(21,'fac','Faculty Insight','Dr. Sergio Castello','images/people/castello2.jpg','My vocation is to encourage students to decide what is good for them and society at large and to help them discover their vocation and purpose in life. SHC develops responsible global citizens who are sensitive to the needs of others and the needs of our time.'),(22,'stu','From My Perspective','Donald Craig \'16','images/people/donald_craig.jpg','Technology is the gateway towards a brighter future, higher pay, and better days. The CIS program at SHC has been such a wonderful and positive experience and has inspired me to continue to further my education and career in computer information systems'),(23,'stu','From My Perspective','Justin Avery \'15','images/people/Justin_Avery2.jpg','The courses are very hands-on and instructional, and most assignments can be compiled into a personal portfolio for job applications.'),(24,'fac','Faculty Insight','Rhonda Lucas','images/people/Rhonda.jpg','My goal is to create critical thinkers, troubleshooters, and real-world problem solvers. As the technology field is never static, I’m passionate about educating students on new tools, cutting-edge applications, and programs.'),(25,'fac','Faculty Insight','Dr. Stephen Campbell, S.J.','images/people/campbell.jpg','Our program gives students the valuable skills and knowledge needed to build independent and sustainable art careers. Through the study of key business and marketing principles, our students gain the skills necessary to successfully run galleries, museums, auction houses, storefront community space, or online art markets.'),(26,'alum','From My Perspective','Michael Getto \'00','images/people/michael_getto2.jpg','Studying theater at Spring Hill was amazing, and it gave me an invaluable skill set in the world of TV. Acting, directing -- it\'s all really about storytelling.'),(27,'alum','From My Perspective','Ryan Nocito \'12','images/people/ryan_nocito.jpg','As a theater major, I was exposed to a wide diversity of plays both in the classroom and on stage, which allowed me to broaden, as well as, sharpen my skills as an actor. It also afforded me the chance to work as director, which deepened my knowledge of stagecraft.'),(28,'alum','From My Perspective','Seth Taylor \'11','images/people/seth2_1.jpg','Theater at Spring Hill is a fun, open, engrossing experience. The rehearsals and shows became a huge part of my college life.'),(29,'alum','From My Perspective','Frederick Norfleet \'12','images/people/frederick_norfleet2.jpg','At SHC, I was given opportunities to work with clients, tour agencies and printers, intern, and speak with successful designers. That combination of career advice and experience, in addition to classroom knowledge, really prepared me to step in and get right to work.'),(30,'alum','From My Perspective','Abbey Roam \'13','images/people/AbbeyRoam2.jpg','The graphic design program at Spring Hill doesn\'t just teach you skills, it gives you hands-on experience through working with non-profit organizations on real projects.'),(31,'fac','Faculty Insight','Janden Richards','images/people/Copy_of_Janden_Richards_1.jpg','We prepare our students to compete and succeed by exposing them to ideas and knowledge beyond the technical skills taught in a four-year design school. We encourage curiosity about the world, engage students in problem solving, and allow them to design more precisely for clients’ specific needs.'),(32,'alum','Alumni Perspective','Seth Laubinger ’02','images/people/seth_l2.jpg','Spring Hill College offers a multi-dimensional program that combines creative expression with critical thinking. Students are held to high standards, expected to push boundaries, and develop work that stirs emotion and sparks the imagination.'),(33,'fac','Faculty Insight','Ryan Noble, MFA','images/people/ryannoble.jpg','For my entire adult life, film and digital video production has been my full-time job, hobby and passion. Sharing these experiences with students, mentoring budding video and filmmakers, and to working alongside like-minded people is a dream for me.'),(34,'alum','From My Perspective','Doug Bruce \'10','images/people/doug_bruce.jpg','My SHC professors both helped and encouraged me to find hands-on experiences in the communications field while challenging me in the classroom. They never accepted the minimum, constantly pushing me to do better work. I\'m confident that Spring Hill College has had a paramount role in the success of my career so far. '),(35,'alum','Alumni Perspective','Emily Hill \'14','images/people/EmilyHill2_1.jpg','My FOX10 News internship was definitely the most challenging hands-on experience I’ve had. I went out with reporters, contacted sources, and set up interviews. They let me shoot and edit my own video, as well as allowed me to help produce some of the shows.'),(36,'alum','From My Perspective','Eugene Ramirez ’05','images/people/Eugener.jpg','As a broadcast journalist, I often need to quickly learn a little about a lot of things! My communication arts courses, internships, and involvement with the Springhillian are what really shaped me to be a successful storyteller.'),(37,'fac','Faculty Insight','Bob Grip','images/people/bobgrip.jpg','I\'m always restructuring content of my course to stay current with the technological and story-telling needs of the industry. After all, my students can check out my work on a daily basis by just turning on their TV or watching me on the web.'),(38,'fac','Faculty Insight','Dr. Stuart Babington','images/people/stu.jpg','When I was a student, I was blessed to have relationships with professors who took an interest in my development as a professional communicator. Today, it’s my mission to serve in that role for my students–encouraging them, empowering and, on a good day–inspiring them as they pursue their dreams.'),(39,'alum','Alumni Perspective','Alyse (Granier) Quinn ’10','images/people/Alyse_Quinn2.jpg','Spring Hill College and its professors in the Communications Department gave me a strong education and a drive for leadership that influenced where I am today - launching Emereo Creative, a full-service marketing agency in downtown Orlando.'),(40,'fac','Faculty Insight','Dr. Sharee Broussard','images/people/Sharee.jpg','In our highly competitive field, the traits of initiative, resourcefulness, time management and teamwork are prized. As such, I challenge our students to do their best by providing a safe environment where they can improve and by always pushing them toward excellence. '),(41,'alum','Alumni Perspective','Gabrielle Edgerson ’13','images/people/gabrielle_e1.jpg','I gained incredible advertising and PR experience working for Red Square Agency and wellbornIdeas, which helped land me my current position at the American Advertising Federation in Washington, D.C.'),(42,'alum','From My Perspective','Alyse (Granier) Quinn ’10','images/people/Alyse_Quinn.JPG','Spring Hill College gave me access to a full range of opportunities to better myself through scholarships, internships, association memberships, volunteerism, and community connections that have shaped who I am today.'),(43,'alum','Alumni Perspective','Katie Nores ','images/people/katie_nores__1.jpg','In four years, I have grown to love and admire each of the men and women who serve in our English Department. They have been the impact on my education. Through their challenges, laughter, and encouragement, I have had the courage and insight to take chances, ask questions, and discover my potential.\r\n\r\n'),(44,'alum','From My Perspective','Katie Nores','images/people/katie_nores_.jpg','It is ultimately the professors who have made the greatest impact on my personal and intellectual growth.  At the end of the day, no literature class could truly thrive without our mentors there to guide us along this path to self-revelation and understanding.'),(45,'alum','From My Perspective','Kate Flukinger ‘08','images/people/kate_flukinger2.jpg','One of my biggest realizations has been that we are majoring in critical thinking. That is what English classes do—they teach you how to think. \r\n'),(46,'fac','Faculty Insight','Dr. Catherine Swender','images/people/swender_5.jpg','My vocation for the teaching profession began with my love of learning, and I have come to see that nurturing a similar love in my students is a fundamental goal of my work here at Spring Hill College.'),(47,'fac','Faculty Insight','Dr. Catherine Swender','images/people/swender_4.jpg','Because literary study engages the imagination, it holds great potential for combining critical thinking with the discovery of time periods, cultures, worldviews and experiences outside our own realms of familiarity. I greatly enjoy sharing these moments of discovery with my students.\r\n'),(48,'fac','Faculty Insight','Dr. Catherine Swender','images/people/swender_3.jpg','I believe that students are best served when the classroom becomes a dynamic space where ideas are exchanged freely and where interdisciplinary learning is encouraged. This approach encourages students to see the wider implications of reading and writing, helps them to investigate issues and problems in society, and makes their studies more relevant to their individual lives and educational goals.'),(49,'fac','Faculty Insight','Dr. George Gilmore','images/people/gilmore.jpg','The General Studies major emphasizes a wide distribution of courses rather than a concentration within a specific area. You’ll have the freedom to select courses according to your own needs, interests and career goals. This flexibility provides a well-rounded, liberal arts education in a number of areas targeted toward your professional and/or personal interests.'),(50,'stu','Student Spotlight','Melin Portillo ‘15','images/people/Melin_Portillo2.jpg','I chose to major in Hispanic Studies because I feel I owe it to my heritage to know the history and language, in order to pass it to my family and friends. So far, I\'ve learned so much that I wouldn\'t have gotten anywhere else but Spring Hill College.\r\n'),(51,'alum','From My Perspective','Chelsea Audibert \'13','images/people/Chelsea_1.jpg','My experience with the Hispanic Studies program at Spring Hill College took me beyond the language and into the poetic, political, and often complex dynamics of the Hispanic world.'),(52,'alum','From My Perspective','Chelsea Audibert \'13','images/people/Chelsea.jpg','Through the Hispanic Studies program, learning the Spanish language became a way of life.  The program gave me the background I needed to work with in situations involving intercultural communications, such as teaching English to immigrants and traveling to Mexico for educational conferences.'),(53,'fac','Faculty Insight','Dr. Fabian Balmori','images/people/balmori_1.jpg',' I believe students come to Spring Hill with the intention of using their education to make the world a better place, and I love knowing that learning a language will help them do that.\r\n'),(54,'fac','Faculty Insight','Dr. Fabian Balmori','images/people/balmori.jpg','Seeing my students make connections, in regards to language or culture, is the most rewarding part of my job. I hope that any class I teach does something to help students gain a new perspective on the way they communicate and their role within a larger global community.'),(55,'stu','Student Spotlight','Astrid Torres ’15','images/people/Astrid_Torres2.jpg','My professors expect me to not only speak the language, but to be able to think critically and appreciate the many different ways the Spanish culture influences society. I’m constantly challenged and encouraged to become a more well-rounded student.\r\n'),(56,'fac','Faculty Insight','Dr. Colette Windish','images/people/windish2.jpg','Spring Hill’s program in interdisciplinary humanities allows students to explore research topics that bring together ideas, methods and material from two or more academic disciplines. Students graduate from the program being able to synthesize, interpret, and communicate knowledge and experience through writing, speaking, and creative expression in a variety of media.\r\n'),(57,'fac','Faculty Insight','Dr. Michael Piafsky','images/people/piafsky2_2.jpg','What sets SHC apart from larger research schools is our ability to work very closely with our students, both in each semester and over their careers at Spring Hill.  I’ve watched students develop from their first days in Freshman Composition into skilled poets and fiction writers by their graduating semester.  \r\n'),(58,'fac','Faculty Insight','Dr. Michael Piafsky','images/people/piafsky2_1.jpg','Because we have a smaller cohort, we offer a very wide variety of classes—in the past few years we’ve explored Young Adult fiction, genre fiction, various literary forms, written about travel and sport, even delving into television (Arrested Development) and film (the Coen Brothers). '),(59,'fac','Faculty Insight','Dr. Michael Piafsky','images/people/piafsky2.jpg','Like all writing programs, we stress critical writing and critical thinking, skills imperative to any future endeavor, but here at Spring Hill we’ve been given full license to consider the landscape of the written word as broadly as we desire.\r\n'),(60,'stu','Student Spotlight','James Kizziah ’15','images/people/james_kizziah_3.jpg','Biochemistry works for me as a major because it combines the best aspects of chemistry and biology. I learn about anatomy, physiology, and cell biology--alongside organic chemistry, physical chemistry, and analytical. \r\n\r\n\r\n'),(61,'stu','From My Perspective','James Kizziah ’15','images/people/james_kizziah_2.jpg','The classes themselves are awesome, but this would not be the case without the professors. I know my professors exceptionally well, and I haven’t had an instructor yet in any of my major-related classes whose teaching I did not really enjoy.'),(62,'fac','Faculty Insight','Dr. Lesli Bordas','images/people/lesli2.jpg','Every faculty member is personally interested in the success of our students. We tailor assignments and class requirements according to the needs and growth of each individual. This is a priority--over and above research and the success of our department.\r\n'),(63,'fac','Faculty Insight','Dr. Don Culberson','images/people/don4.jpg','I love teaching at SHC because of the opportunity to really get to know students, many of whom are eager to remain in touch as they proceed on through life, getting higher degrees and starting families. They become part of our lives and we become part of theirs!'),(64,'alum','From My Perspective','Ryan Wattam ‘05','images/people/ryanwattam.jpg','I really appreciated the personal attention I received from my professors. Dr. Charles Chester, in particular, introduced me to many amazing things in the marine environment, and was very passionate about his work and field of study. His courses were some of my most enjoyable and thought-provoking.'),(65,'alum','From My Perspective','Thomas Kinsey \'13','images/people/kinsey22_1.jpg','My time at Spring Hill has been great. I\'ve gained invaluable experience and the professors here have played a big part in that. '),(66,'alum','From My Perspective','Thomas Kinsey \'13','images/people/kinsey22.jpg','My internship with the National Science Foundation at the Bermuda Institute of Ocean Sciences (BIOS) was amazing. We took samples in the open ocean where the water was 5,000 meters deep, with the goal of determining the amount of UV and visible light absorbed by dissolved particles in the water that are produced by bacteria.'),(67,'fac','Faculty Insight','SHC Faculty - Pure Math','','The principal focus of the pure mathematics program is to train students to pursue the study of scientific and technological problems using mathematical methods. Student learning –inside and outside the classroom—is the top priority of our faculty members. We are enthusiastic about sharing our expertise with students.'),(68,'alum','From My Perspective','Tyrone Barnes \'14','images/people/tyrone.jpg','My experiences as a student at Spring Hill College have taught me to be the change I would like to see in the world. There is no future like the present and the time to make a difference in one’s life is now. I believe that these are the sort of leaders that Spring Hill College fashions and puts forth into the world.'),(69,'stu','Student Spotlight','Mary Kate Gallagher ’15','images/people/MK_Gallagher2_2.jpg','I truly feel that Spring Hill\'s Nursing program is really preparing me for my professional career as a nurse. I am currently interning at Northwestern Memorial Hospital in Chicago and have had the opportunity to see first hand how prepared I am at this point in my career. '),(70,'stu','From My Perspective','Mary Kate Gallagher ’15','images/people/MK_Gallagher2_1.jpg','Spring Hill has provided me with the resources and tools to go out into the workforce confidently after graduation to provide the holistic nursing we have learned over the last four years on the Hill.\r\n'),(71,'fac','Faculty Insight','Kelly Walker','images/people/kellywalker3.jpg','Nursing was in my blood due to a handicapped brother who passed away at the age of 13. I love teaching new nurses skills and helping them to think critically and above all pray they are instilled with compassion.\r\n'),(72,'fac','Faculty Insight','Joan Sands','images/people/JoanSands3.jpg','I love teaching at Spring Hill College because we make a commitment to help our students become the best nurses they can be even if this means difficult feedback on their performance. Our students trust us knowing that the feedback they receive, no matter how difficult it is to receive, always focuses on their personal growth.'),(73,'fac','Faculty Insight','Dr. Harold Dorton','images/people/harold_3.jpg','Criminology is best seen as a social science--not to be confused with the science of criminal detection or forensic science. With crime frequently in the news and always an important issue, a degree in Criminology has never been more relevant. At Spring Hill College, students not only examine why people commit crimes and how offenders should be punished--they also look at fundamental questions--how crime is defined, how criminal laws are created, and the ways different cultures view crime and justice.'),(74,'stu','Student Spotlight','Antonio Brito \'16','images/people/antonio_brito2_1.jpg','The courses are interesting, fun, and I really learn something new each time I step foot in the classes. Dr. Dorton and Dr. Bordas are amazing teachers who go through each step with us and makes the class electrifying. \r\n'),(75,'stu','Student Spotlight','Antonio Brito \'16','images/people/antonio_brito2.jpg','The best part about Criminology is you really get to learn all the forensics of case solving, the mind-set of individuals from certain areas and why they commit the crimes they do. This major has been an eye opener for me and it honestly has no dull moments. Get ready for a ride because this major takes you from 0 to 60 as soon as you step foot in the class.'),(76,'alum','From My Perspective','Mark Brink ’13','images/people/Mark_Brink_Web_7.jpg','The professors here are really top notch. I like the individual attention you get here, and I really connected with my history instructors. Spring Hill College, overall, is a great community.'),(77,'stu','Student Spotlight','Raven West ’15','images/people/raven_west.jpg','I chose Spring Hill because of their academic program and small class sizes. I’ve met so many people who have nothing but the best interest in mind for me. You become part of the community when you come to Spring Hill.\r\n'),(78,'stu','Student Spotlight','Jaimie Breitweiser ‘16','images/people/Jaimie2.jpg','I love how the professors get you engaged in the class and in the subject by not only telling us how the mind works but also showing us through videos and demonstrations. I love SHC and everything about it, to me, it fits perfectly with what I was looking for in a college experience. I wouldn\'t change one thing.'),(79,'fac','Faculty Insight','Dr. Tom Ward','images/people/ward.jpg','What makes Spring Hill College unique is our size. With an average of 15 students in a class, we can spend a lot of time with them, developing relationships not just in class, but out of class. Our students also stand out because they really want to be here. They’re enthusiastic about learning. And that makes my job, as a professor, so much more impactful and meaningful.'),(80,'alum','From My Perspective','Eric Vicente ’14','images/people/eric_vincente2.jpg','My senior seminar with Dr. Harding was superb. I chose to research cybernetic warfare and its repercussions on the relations between Beijing and Washington. Throughout my time at SHC, I particularly enjoyed studying the finesse of the American legislative processes and the internal politics of our nation’s capital. Every decision made has a ripple effect in a giant machine powered by individual cogs.'),(81,'fac','Faculty Insight','Dr. Robert Harding','images/people/harding3_1.jpg','Smaller class sizes mean we do more and go further with learning. We push students to do their best—engage in the classroom, probe issues deeply, and actively problem-solve. Our graduates are well-prepared the career field of their choosing.'),(82,'stu','Student Spotlight','Elizabeth Bullock ’15','images/people/liz_bullock2.jpg','Can you express yourself well? Can you eloquently explain what your opponent is saying? Can you connect ideas that have been molded throughout history and filter them through different civilizations? These challenges—and many more—make studying political science at Spring Hill College fascinating and fun.\r\n'),(83,'fac','Faculty Insight','Dr. Kathleen Orange','images/people/kathleenorange2.jpg','In studying politics at Spring Hill College you will prepare to become a citizen of the world and of your country.  You will learn the intricacies of the United States Congress and of international diplomacy, argue Supreme Court cases and issues of justice and fairness in our society and among nations.  You will learn to analyze in depth issues that face decision makers at the state, national and international levels.'),(84,'fac','Faculty Insight','SHC Faculty - Actuarial Math','','The environment at Spring Hill College is wonderfully cooperative and conducive to learning. Our classes are focused on academic success, our faculty members are accessible, and our students help each other. Our department is small enough to allow a great deal of individual attention, yet large enough to foster camaraderie and group study among students.'),(85,'fac','Faculty Insight','SHC Faculty - Computer Analysis','','Mathematics and computer science provide the critical foundation required to answer some of the most complex questions of our time. The curriculum at Spring Hill College stresses problem-solving techniques, logical reasoning, and data analysis, as well as communication and theory. At SHC, we provide a learning environment that encourages both independent thinking and group collaboration.'),(86,'alum','From My Perspective','Taryn Nash ’14','images/people/taryn_.jpg','I’ve always been passionate about international relations, but incorporating the social justice aspect of a Jesuit education has motivated to be an active citizen of the world and to be more knowledgeable of issues that affect its people.'),(87,'fac','Faculty Insight','Dr. Robert Harding','images/people/harding3.jpg','Through intensive study, research, and discussion, our students learn to identify and analyze complex international problems in their historical, technological, and ethical contexts. In addition, our students analyze complex global issues like human rights, poverty, and cultural intolerance, and are then challenged to produce and communicate creative solutions to these problems.\r\n'),(88,'fac','Faculty Insight','Dr. Mark Byrne','images/people/byrne2_1.jpg','We focus on preparing our students for successful careers in engineering, through hands-on laboratories and classroom instruction addressing \'real world\' applications and emphasizing the development of robust problem solving skills and critical thinking. \r\n'),(89,'fac','Faculty Insight','Dr. Mark Byrne','images/people/byrne2.jpg','I would like students to come to Spring Hill and, right away, start developing and enhancing their skills in areas such as robotics and programming. On a personal level, I really enjoy sharing my intrinsic interest in how our universe works within a quantitative framework (teaching Physics) and I find our pre-Engineering students share that same delight.'),(90,'alum','From My Perspective','Michelle Léana Perez ‘14','images/people/MICHELLEPEREZ22.jpg','The campus manages to keep this warm, welcoming environment that can be enjoyed by people of many different backgrounds. I immediately loved the gorgeous setting, Jesuit ideology, and excellent faculty. As a pre-med major, my immersion trips to Jamaica and El Salvador were most impactful. The trips truly grounded me and inspired me to work each day to become a woman in service for others.'),(91,'stu','Student Spotlight','Matthew Keller ‘15','images/people/Matthew_Keller2.jpg','Your professors are an incredible resource—use them! The close student-teacher relationships found here is one of the main reasons I came to Spring Hill.  Our professors have devoted their lives to teaching and they want to get to know you.  When they say that they want you to stop by their office or meet them for coffee, they mean it.  The professors here genuinely care and want you to succeed.'),(92,'fac','Faculty Insight','Dr. Debra Fox','','If you are interested in pursuing a career as a healthcare professional, a strong foundation in the sciences is required. Just as important are solid analytical skills, a passion for problem-solving, and an ability to communicate clearly and effectively. You\'ll find all of that and more at Spring Hill College.\r\n'),(93,'fac','Faculty Insight','Dr. Debra Fox','','At Spring Hill College, students have the unique opportunity to build on their academic experience by taking advantage of hands-on internships and volunteer work that involve the exploration of public health, social justice, and human rights issues.'),(94,'stu','Student Spotlight','Alexis Esneault ‘15','images/people/Alexis9999.jpg','I wouldn’t trade Spring Hill for anything. My professors’ office doors are always open, whether it’s for something related to class, or just talking about life in general. My classes have been incredibly beneficial in teaching me to problem-solve, live with integrity, think critically, and never stop asking questions.\r\n'),(95,'fac','Faculty Insight','Dr. Nate Zuckerman','images/people/DrNate2.jpg','Teaching philosophy at Spring Hill is an especially rewarding experience. We are a small faculty committed to departmental harmony, and it shows in our teaching, our relationships with our students, and the fun we have together as both colleagues and friends.'),(96,'fac','Faculty Insight','Dr. Nate Zuckerman','images/people/nate.jpg','As teachers, we work hard to show students who are new to philosophy not only how philosophical reflection is called for in everyday life experiences and decisions, but also why it really matters that we each learn to think more carefully, express ourselves more clearly and remain open to disagreements that can lead to mutual understanding.'),(97,'fac','Faculty Insight','SHC Faculty - Applied Math','','At Spring Hill College, our applied mathematics majors analyze and view how math can be used to solve problems in the real world. Our students like the challenge of deciding which mathematical tools are appropriate for a particular application, as well as exploring the possibilities of developing brand new mathematical and computational tools.'),(98,'fac','Faculty Insight','Dr. Pat Harrison','images/people/patharrison.jpg','History remains among the most fascinating and best-loved of the social science disciplines, and Spring Hill College’s degree program offers an exceptional and distinctive experience. Our program spans the disciplines of history, sociology and psychology, and offers a broad choice of electives, including criminology, language, statistics, and international business.'),(99,'alum','From My Perspective','Jordan Truxillo ’14','images/people/jordan.jpg','What has impressed me the most about Spring Hill College is how invested the faculty is in the students. They genuinely care about our success and try very hard for us to thrive. I think this is what sets SHC apart. We all get genuine, one-on-one relationships, with not only our professors, but many people in other departments, too.'),(100,'alum','From My Perspective','Olivia Jennings ‘14','images/people/olivia_jennings2_2.jpg','My favorite aspect of my classes in my department is the personal relationships formed with my professors. Classes are small and there is plenty of one on one time, making it easier to grasp the material. '),(101,'alum','From My Perspective','Olivia Jennings ‘14','images/people/olivia_jennings2.jpg','My teachers are passionate about their subjects instilling a desire to learn amongst students rather than just a quest to memorize material to make the grade. In addition, I love the small campus community and rich faith life on campus. It is hard not to fall in love with this campus!'),(102,'fac','Faculty Insight','Dr. Harold Dorton','images/people/harold_2.jpg','Through dynamic coursework, focused research, and thoughtful discussion, our students deepen their understanding of human behavior and learn to evaluate issues that impact culture and diversity. We challenge our students to look at the world objectively, problem-solve creatively, and become staunch advocates for social justice.'),(103,'alum','From My Perspective','Christopher Agee ’07','images/people/chris_agee.jpg','A degree from Spring Hill is the gold standard for education in this region.\r\n'),(104,'alum','Student Spotlight','Andrew Herman ’14','images/people/andrew_herman2_1.jpg','The professors at Spring Hill College gave me all of the tools and resources I needed to help me land my dream teaching job in Nashville.'),(105,'fac','Faculty Insight','Dr. April Sanders','images/people/April_Sanders_1.jpg','I enjoy working with students at Spring Hill College because I am able to challenge them to transform average instructional practices and grow into quality teachers.'),(106,'fac','Faculty Insight','Dr. Lori Aultman','images/people/Lori_Aultman2.jpg','Our students are dedicated and enthusiastic, and because of our small classes, we are able to work with everyone individually. It’s a pleasure to watch them progress into exceptional teachers.'),(107,'stu','Student Spotlight','Meeri Kangas ’15','images/people/meeri.jpg','Being a theology major at Spring Hill is putting yourself in a tight-knit group of people. It is a constant learning experience not only in the classroom, but in the conversations that are constantly held with one another on a daily basis. It is a smaller department, so we are able to become incredibly close to our professors. They understand and cultivate our passion for the subject. I\'m excited to take everything I have learned here and hopefully offer that knowledge to students of my own one day.'),(108,'fac','Faculty Insight','Dr. Steve Wilson','images/people/stevewilson.jpg','What makes teaching theology at Spring Hill College so much fun is that, as a small liberal arts college, we get to interact with students both in and outside the classroom. Put differently, we get to know students, not just as students, but as people. That is especially important for theology. With our majors and minors that allows us to be mentors and not just advisors.'),(109,'stu','Student Spotlight','Madeline LeForge ‘15','images/people/madeline_leforge2.jpg','Our theology department helped marry my passions for academics and my faith. I now know am happiest when the two collide. I’ve learned to seek something greater and to ask big questions. And I eagerly look forward to all that I have left to learn. The theology program here is truly a blessing to all of us involved. It is an undeniably special gift, and I hope to use it as best as I possibly can.'),(110,'stu','Student Spotlight','Haley Troxclair \'15','images/people/haley_troxclair__1.jpg','Being a theology major at Spring Hill is more than I could have ever expected. It’s given me the opportunity to learn about so many different aspects of not only the Catholic faith but other religions as well.  The professors are amazing and so helpful. They are easy to communicate with, always available to chat, and extremely encouraging in times of need, whether it be academically or stress of the future. '),(111,'stu','Student Spotlight','Haley Troxclair ‘15','images/people/haley_troxclair_.jpg','Through different theolory courses, interactions, and observations, I have been impacted in a very positive way. Because of my experience at Spring Hill, I know that I want to continue to study theology and be involved in some form of ministry in the future.'),(112,'alum','From My Perspective','Ally Sloan \'14','images/people/allysloan_1.jpg','My experience as a marketing/management student at SHC has been a challenging and rewarding journey. I am grateful for the classes, experiences, and guidance that the professors provided throughout the four years I spent studying with the business department. '),(113,'alum','Student Spotlight','Ally Sloan \'14','images/people/allysloan.jpg','My studies at Spring Hill have taught me what I need to know for my future in marketing and the business world, and now I can put my skills to the test and prosper with what my professors have taught me through the years with confidence that I will succeed.'),(114,'alum','From My Perspective','Nate Cunningham ‘02','images/people/NateC.jpg','Spring Hill College was a natural fit for me. The school has a great business program and provides an excellent foundation for problem-solving, decision-making, and critical thinking.'),(115,'fac','Faculty Insight','Dr. Charmane May','images/people/may2.jpg','I love watching these young adults change from a student to a contributing adult in the business world.'),(116,'alum','Alumni Perspective','Wyatt Esteves','images/people/wyatt_art_business_1.jpg','The Art Business program at Spring Hill College properly prepared me for a career in the arts. Not only do students learn the skills and techniques of physically making art, but also acquire the knowledge of basic business practices such as accounting, marketing, economics and business law, all under the umbrella of a Jesuit Liberal Arts education. '),(117,'alum','From My Perspective','Wyatt Esteves','images/people/wyatt_art_business.jpg','The Art Business program gave me an advantage entering a Masters in Arts Administration by laying a firm foundation of business practices in which to build upon. I highly recommend this program to everyone considering a career in the art world. '),(118,'alum','Alumni Perspective','Chrissy Baynham \'09','images/people/chrissy33_1.jpg','The guidance the SHC faculty provides and the effort they made to go the extra mile really fueled my interests and eagerness to learn.'),(119,'alum','Alumni Perspective','Chrissy Baynham \'09','images/people/chrissy33.jpg','Classes with Fr. Lewis opened up a new major for me, fostered my curiosity and passion for history, pushed me out of my comfort zone, and eventually set me on my career path.'),(120,'stu','Student Spotlight','Mary Catherine McKinley \'15','images/people/Marykm_1.jpg','I have always loved math and declared my major day one of freshman year. The SHC professors really want to see us succeed and do well. Our small class sizes have enabled us to develop a relationship with our instructors as well as our classmates. \r\n\r\n'),(121,'stu','Student Spotlight','Mary Catherine McKinley \'15','images/people/Marykm.jpg','Being a math major at SHC is amazing because it\'s a small program and you become so close with your fellow classmates and professors. It\'s like a mini-family inside the SHC family. '),(122,'alum','Alumni Perspective','Mark Brink \'13','images/people/Mark_Brink_Web_4.jpg','I have honestly never had a professor or a class that I have not found enriching, challenging and enjoyable in some way, shape or form.'),(123,'alum','Alumni Perspective','Mark Brink \'13','images/people/Mark_Brink_Web_6.jpg','As a student at SHC, I was always challenged to rethink and rework the way I do things in a very positive way.'),(124,'alum','SHC Accolades','Cale Finta \'13','images/people/cale_finta2.jpg','Cale Finta, a senior creative writing major at Spring Hill College, won several awards during his career at SHC, including the Fairhope 2012 Fiction Prize, awarded by the Gulf Coast Association of Creative Writing Teachers.'),(125,'stu','Student Spotlight','Tiffany Thomas \'15','images/people/Tiffany_Thomas2.jpg','In Dr. Piafsky’s \"Very Strange Things\" course, my classmates and I were challenged to write a story that is conceptually different than the standard ink-and-paper, either through form or media. I endeavored to create a new relationship between character and reader; one not based on mutual consent, but instead on immediate infringement. '),(126,'alum','Alumni Perspective','Whitney Webre','images/people/Whitney_Webre_2.jpg','I have always been interested in science and the environment and a biochemistry degree gave me the best of both worlds.  \r\n'),(127,'alum','Alumni Perspective','Javier Portal \'11','images/people/Javier.jpg','My SHC experience has been unbelievable. This school has given me so much more than just an education. SHC is a special place, and every student here would agree with that. I wouldn’t trade my time here for anything else.'),(128,'stu','From My Perspective','Morgan Davis \'17','images/people/morgan_davis_22.jpg','I absolutely love the cell & molecular biology major! The classes are so interesting and all of the science teachers are amazing. They really make an effort to do whatever they can to help prepare you for your future, and they genuinely care about you.'),(129,'alum','From My Perspective','Kevin Jenner','images/people/kevin_jenner2_1.jpg','The Spring Hill biology program offers a wide variety of courses, which allow students to enter\r\nprofessional school and succeed. The program is very challenging and rigorous, yet because of the \r\nsmall class sizes, the professors are always available to answer questions. \r\n\r\n'),(130,'alum','From My Perspective','Kevin Jenner','images/people/kevin_jenner2.jpg','The science courses I took at Spring Hill definitely prepared me to succeed in veterinary school. The program also has a “pre-med” internship program, which allows students to go out into the community and shadow local physicians, veterinarians, and many other health care professions. '),(131,'stu','Student Spotlight','Nicolas Olvera','images/people/nicholasolvera2.png','International Business has always interested me because I have lived in several countries throughout my lifetime. The diversity of the faculty has always made me feel comfortable in working with them.'),(132,'fac','From My Perspective','Dr. Jamie Franco Zamudio','images/people/IMG_1563.jpg','Over the past few years I have incorporated more experiential learning in the classroom via applied projects and service-learning opportunities. I am always impressed with our students dedication to serving the community.  In several classes, students work with non-profits on projects such as creating awareness videos, fundraising websites, volunteer training manuals, and community surveys.'),(133,'fac','From My Perspective','Dr. Jamie Franco Zamudio','images/people/IMG_1563_1.jpg','During their senior year, our students participate in field or research experience classes. Many of these students present their work at outside conferences and express their appreciation of these opportunities, stating: “It was very rewarding to give back to the community, gave us a new perspective on the poverty and struggle outside of our world.” •“I grew academically as well as personally.” •“It showed real-world applications of what we were learning.” •“The team project was very rewarding because it allowed us to give back.”'),(134,'fac','From My Perspective','Dr. Lisa Hager','images/people/Hager2.jpg','We develop relationships with our majors that last for years. I\'ve been to students\' weddings, bought baby gifts, provided advice about teaching or research, and shared many lunches and dinners. We keep in touch and we continue to care about our students long after they have graduated.'),(135,'fac','Faculty Insight','Dr. Sharee Broussard','images/people/IMG_1723.jpg','I love it when I see a concept or skill “click” on a student’s face. I love it when students surprise \r\nthemselves and accomplish more than they thought they could. I love seeing the men and women \r\nour students become and how they positively impact their communities. I love it when students \r\napproach their college years as formative and make solid efforts to become the best possible \r\nversion of themselves.'),(136,'stu','Student Spotlight','Alexis Esnault 15','','I like the idea of helping people understand their constitutional rights, and making sure that everyone has the opportunity for appropriate legal representation.My other coursehave been incredibly beneficial in teaching me to problem-solve, live with integrity, think critically, and never stop asking questions.'),(137,'stu','Student Spotlight','Alexis Esnault \'15','','I wouldn’t trade Spring Hill pre-law experience for anything. My professors’ office doors are always open, whether it’s for something related to class, or just talking about life in general. '),(138,'alum','From My Perspective','Heather Houston \'02','images/people/heatherhouston3_2.jpg','There are so many reasons that I\'m proud to be a Spring Hill College alumna,” says Houston. “When I meet new people and they learn I’m a SHC graduate, they always comment on the academic excellence for which Spring Hill College is known, the beautiful campus that is unsurpassed, or the strength of the Jesuit tradition.'),(139,'alum','From My Perspective','Heather Houston \'02','images/people/heatherhouston3_1.jpg','It was during my years at Spring Hill that I really began to develop a commitment to servant leadership. I hope that no matter how busy I may be building my career as an attorney, I never forget to take the time to help others in need.'),(140,'alum','From My Perspective','Jordan Biggers \'12','','When talking about forming leaders, I believe there is some crossover between learning, faith, justice, and service. From the standpoint of a justice agent, I see students aiding impoverished nations by going on immersion trips or joining a judicial board that adjudicates community problems. These are among a plethora of ways students apply what they have learned in the classroom, campus ministry, and on campu about caring for the individual and serving others.'),(141,'alum','From My Perspective','Jordan Biggers \'12','','St. Ignatius of Loyola once said, ‘Go forth and set the world on fire!’ This means go forth and light a fire of desire in the hearts of others to serve and engage in leadership. This, I believe, is something we all should strive to do if we want to significantly change the world. To that end, Spring Hill College is a wonderful institution for those who wish to be change agents.'),(142,'stu','Student Spotlight','Brianna Weis \'16','images/people/briannaweis_1.jpg','Due to my interest in law and forensics, I\'ve watched a lot of CSI. When I saw that Spring Hill offered a forensics minor, I decided to sign up. The classes are actually much more interesting than the show because not only do we learn the science behind the different tests that we are running, but we also learn how to apply them in court. '),(143,'stu','Student Spotlight','Brianna Weis \'16','images/people/briannaweis.jpg','If you have an interest in law or crime, SHC forensics classes are great to take because they fulfill lab credits and are super fun. Whenever I say I\'m taking forensic science classes, people are always impressed that I can do blood spatter analysis and determine DNA. '),(144,'fac','Faculty Insight','Dr. Lesli Bordas','images/people/bordas_2.jpg','Pursuing a minor in forensic science at Spring Hill College allows students to explore this exciting and expanding field. The diverse coursework in psychology, chemistry, and criminology provides a solid foundation upon which students can pursue professional or graduate training in forensics or related fields.'),(145,'fac','Faculty Insight','Dr. Lesli Bordas','images/people/bordas_1.jpg','Forensics is an ideal minor for students intending to pursue criminology, advanced studies in law and who are concerned with social justice issues.'),(146,'alum','From My Perspective','Jordan Biggers \'12','','St. Ignatius of Loyola once said, ‘Go forth and set the world on fire!’ This means go forth and light a fire of desire in the hearts of others to serve and engage in leadership. This, I believe, is something we all should strive to do if we want to significantly change the world. To that end, Spring Hill College is a wonderful institution for those who wish to be change agents.'),(147,'fac','Faculty Insight','Dr. Matthew Baugh, S.J.','images/people/baugh_162_1.jpg','For students interested in law and government, our pre-law program does more than simply help them develop skills that will be useful in law school.  It lays the essential foundation for legal studies by helping them reflect on justice, which has been recognized since the time of Plato as a virtue not only of the political community but also of the individual.'),(148,'fac','Faculty Insight','Dr. Matthew Baugh, S.J.','images/people/baugh_162.jpg','Our pre-law students have access to resources that some students never see until law school, such as the chance to make an oral argument before a panel of judges at our annual Supreme Court simulation and the interaction with Mobile-area lawyers in the Thomas More Society.'),(149,'stu','Student Spotlight','Dominique Howard \'17','images/people/dominiquehoward.jpg','My interest in language has really been prominent my entire life. Having a Puerto Rican mother, I’ve been surrounded by it. Beginning in high school, though, I really started becoming fond of the Hispanic/Latin American culture beyond just my home life. I knew then that I needed to add Spanish as an area of study in college.'),(150,'stu','Student Spotlight','Dominique Howard \'17','images/people/dominiquehoward_1.jpg','After starting classes at Spring Hill, I soon determined that I had a real passion for education, language, and children. I plan to teach through the Peace Corps or Jesuit Volunteer Corps after graduation, and then later use that experience to instruct inner-city high school students in Spanish language, history, and customs.'),(151,'alum','From My Perspective','Lenna Altamirano \'11','images/people/Lenna2.jpg','Spring Hill has been a great experience. The classes have really prepared me for my future. I am very happy that I chose Spring Hill College.'),(152,'alum','From My Perspective','Becca Van Gelder \'13','','I was very impressed that my professors not only learned my name, but remembered it long after I left their classes. I had some teachers my first semester of freshman year who still greeted me personally around campus when I was a senior, which meant a lot to me.'),(153,'alum','From My Perspective','Deanna Etzold \'14','images/people/deanaetzold.jpg','With my concentration in public relations and a business administration minor, my future goal is to work in the PR and Marketing industry. Having both a Communications major and Business minor will definitely help me to understand the full spectrum of both fields.'),(154,'alum','From My Perspective','Deanna Etzold \'14','images/people/deanaetzold_1.jpg','I am definitely happy with my choice to complete both a public relations major and a business administration minor. My current position in Miami, Fla. utilizes both skill sets, so it was well worth the extra time and effort.'),(155,'fac','Faculty Insight','Dr. Robert Harding','images/people/harding3_2.jpg','Students are introduced to the complex realities that exist throughout the region. Political, economic, social, cultural, linguistic, and humanitarian topics are examined to better understand this diverse part of the world.'),(156,'alum','Alumni Spotlight','Heather Houston \'02','images/people/heatherhouston3.jpg','There are so many reasons that I\'m proud to be a Spring Hill College alumna. When I meet new people and they learn I’m a SHC graduate, they always comment on the academic excellence for which Spring Hill College is known, the beautiful campus that is unsurpassed, or the strength of the Jesuit tradition.'),(157,'stu','Student Spotlight','Alexis Esnault \'15','images/people/Alexis999_1.jpg','I like the idea of helping people understand their constitutional rights, and making sure that everyone has the opportunity for appropriate legal representation. My courses have been incredibly beneficial in teaching me to problem-solve, live with integrity, think critically, and never stop asking questions.'),(158,'alum','From My Perspective','Taylor Hardenstein \'14','images/people/TaylorH.jpg','I really believe that SHC\'s pre-law minor prepared me for my first year of law school. By taking the classes that were offered, I was given a background in the law and all of its inner workings. This helped because while other first year law students were struggling those first few weeks to understand the \"legalese,\" I had already been reading cases for a whole year, thanks mainly to Dr. Baugh and Dr. Hoffman.'),(159,'alum','From My Perspective','Taylor Hardenstein \'14','images/people/TaylorH_1.jpg','I would strongly advise any SHC student interested in attending law school post-grad to minor in pre-law. It is not a large time commitment in terms of what a minor encompasses, but it does provide a great set of skills, from legal briefing to public speaking and debate, to enter one\'s first year of law school confident and as prepared as one can be. '),(160,'alum','From My Perspective','Ashley Sanders \'14','images/people/AshleySanders25.jpg','I began studying French when I was five years old; it’s always been my passion. When it came time to choose college programs, Spring Hill’s minor in French was a great fit for me. Dr. Windish makes it a priority get to know all of her students and engage us in different ways. Her ability to connect with people is genuinely inspiring. I’m excited to apply everything I’ve learned from her in my own classroom.'),(161,'fac','Faculty Insight','Dr. Colette Windish','images/people/windish2_1.jpg','I know my students very, very well. I know what their interests are, and their strengths. We’re so close, almost like a small family. It’s wonderful to have that personal relationship, and watch my students grow and blossom.'),(162,'fac','Faculty Insight','Dr. Tom Hoffman','images/people/tomhoffman.jpg','We\'ve designed the Pre-Law minor to be flexible for students from a wide range of majors and career goals.  Because we\'re Spring Hill, the minor includes some coursework meant to help students think deeply about what the law is, while not forgetting some basic nuts-and-bolts knowledge -- including some business classes -- that will help one succeed in the legal field.'),(163,'alum','Alumni Spotlight','Matthew Burke \'14','images/people/matthewburke3.jpg','Campus life is about as vibrant as I could have hoped for. The people are friendly, the activities are fun, the night life is fun, and the campus is beautiful. The feeling on campus is one where anyone can feel welcome and anyone can find their niche.'),(164,'alum','Alumni Spotlight','Sara Boccardo \'14','images/people/saraboccardo.png','The Latin American Studies Minor was a vehicle through which I pursued my interest in foreign nations and their corresponding economic and political systems. The program’s interdisciplinary nature provided me with a multidimensional understanding of the rich and vibrant fabric of Latin America.'),(165,'stu','Student Spotlight','Jeremy Buckner \'16','images/people/jeremy_buckner.jpg','The English program at Spring Hill College opens your mind to a wealth of different genres and styles of literature and linguistics and encourages you to open your mind to philosophy, history, social issues, language in general, and even science. The English Department offers courses in traditionally studied literature such as American and British literature and specific works by authors like Faulkner and Shakespeare, but it also offers courses in pop culture, linguistics in the contemporary world, women writers, and a variety of special topics. '),(166,'stu','Student Spotlight','Jeremy Buckner \'16','images/people/jeremy_buckner_1.jpg','The professors at Spring Hill College are always open to not only listening to your ideas, but discussing them with you, either to help you with research or to simply have a conversation. A major or minor in English from Spring Hill College helps prepare you to think critically, remain open to new ideas, and effectively communicate your own ideas in a stimulating and productive manner, which is invaluable for almost any career you could pursue.'),(167,'alum','Alumni Perspective','John N. McCain CPA, CGMA ‘14','images/people/mccain_1.JPG','The MBA program at Spring Hill taught me to apply the principles of St. Ignatius to organizational issues.  The courses had an immediate, positive impact on our real world efforts to serve people in our community.'),(168,'stu','Student Perspective','Stephanie Prescott ’15 ','images/people/stephanieprescott_4.jpg','My education has been a large part of my success in the job market. Spring Hill doesn\'t just focus on teaching subject matter relative to a student’s major. My professors really focus on creating well-rounded adults who can think critically, apply concepts, and communicate effectively.'),(169,'stu','Student Perspective','Stephanie Prescott ’15 ','images/people/stephanieprescott_3.jpg','My personal philosophy—with my career and graduate school—is to keep learning and challenging myself to go a little further, do a little more, or raise the bar a little higher. I am a \"no excuses\" kind of girl, and I love to run. I have adopted Nike’s slogan \"Just do it,” and I often say this to myself when I need some extra motivation.'),(170,'stu','Student Perspective','Stephanie Prescott ’15 ','images/people/stephanieprescott_2.jpg','Everyone on the Hill is accessible, friendly, understanding, and compassionate. My professors are willing to work with me to make my education a success—and find solutions when exceptions due to work or family are necessary. It doesn’t feel impossible to earn a degree, even though there are many commitments off campus.'),(171,'alum','Alumni Perspective','Dr. Phillip Madonia - Doctor of Obstetrics and Gynecology','images/people/madonia_1.jpg','The thing that attracted me to SHC is the philosophy of Jesuit education…the rigorous pursuit of truth. I have been overwhelmed with the program. Every class I have taken has been relevant to my business. Each chapter of every book and each lecture has information that is directly applicable to the business of my medical practice.'),(172,'fac','Dr. Sergio Castello','Faculty Insight','','The SHC MBA program provides a foundation of business disciplines,  management, marketing, busines ethics, finance, accounting, quantitative methods, economics, and business strategy, while emphasizing the importance of business leaders to serve others by leading corporations to create good goods, good work, and good wealth for society.'),(173,'alum','Alumni Perspective','Dr. Phillip Madonia - Doctor of Obstetrics and Gynecology','images/people/madonia.jpg','The thing that attracted me to SHC is the philosophy of Jesuit education…the rigorous pursuit of truth. I have been overwhelmed with the program. Every class I have taken has been relevant to my business. Each chapter of every book and each lecture has information that is directly applicable to the business of my medical practice.'),(174,'stu','Student Perspective','Stephanie Prescott ’15 ','images/people/stephanieprescott_1.jpg','Everyone on the Hill is accessible, friendly, understanding, and compassionate. My professors are willing to work with me to make my education a success—and find solutions when exceptions due to work or family are necessary. It doesn’t feel impossible to earn a degree, even though there are many commitments off campus.'),(175,'stu','Student Perspective','Stephanie Prescott ’15 ','images/people/stephanieprescott.jpg','My personal philosophy—with my career and graduate school—is to keep learning and challenging myself to go a little further, do a little more, or raise the bar a little higher. I am a \"no excuses\" kind of girl, and I love to run. I have adopted Nike’s slogan \"Just do it,” and I often say this to myself when I need some extra motivation.'),(176,'alum','Alumni Perspective','John N. McCain CPA, CGMA ‘14','images/people/mccain.JPG','The MBA program at Spring Hill taught me to apply the principles of St. Ignatius to organizational issues.  The courses had an immediate, positive impact on our real world efforts to serve people in our community.'),(177,'stu','Student Perspective','Lydia Johnson \'17','images/people/lydia_johnson_theology_1.jpg','The Graduate Theology program at Spring Hill College has challenged and encouraged me in ways I did not expect. I knew going back to school would tough with a family and full-time job, but I had not expected it to be so enlivening. Professors, assignments, and most often classmates have stretched and deepened my understandings of Christ\'s love and inspired me to consider new ways we can live that love out alongside one another. '),(178,'stu','Student Perspective','Lydia Johnson \'17','images/people/lydia_johnson_theology.jpg','This program is helping me become a better student, Christian, a better Christian Education Director, wife, mommy and friend.'),(179,'fac','Faculty Insight','Dr. John Switzer','images/people/switzer.jpg','Our MPS program was designed to help students who want to serve the church in pastoral work.  It is designed with an option for students to complete a practical project under the supervision of an experienced pastoral leader.  The program combines theological depth with practical pastoral experience.'),(180,'alum','Alumni Perspective','Sam Di Benedetto ’97','images/people/sam_Dib_1.jpg','I returned to Spring Hill to pursue a graduate degree in theology because of the Theology Department’s reputation for academic excellence and my memorable undergraduate theology courses. The Masters of Theological Studies program is designed for full-time working professionals, and the professors challenge the students to accomplish high academic achievements and attain a deeper understanding of our own faith. \r\n'),(181,'alum','Alumni Perspective','Sam Di Benedetto ’97','images/people/sam_Dib.jpg','My theological studies at Spring Hill have already led me to many wonderful events I was unaware that God had planned for me, and I continue to be in awe of his plans for my life as I progress on my journey.'),(182,'fac','Faculty Insight','Fr. Christopher Viscardi, S.J.','images/people/viscardi2.jpg','Our programs aim to be challenging and rigorous, but not narrowly academic.  Our theology is deeply rooted in the Catholic tradition but also seeks to offer an expansive, ecumenical vision that enters into dialogue with the many frontiers and challenges of the 21st century.'),(183,'alum','Alumni Perspective','Deb Madonia','images/people/deborah_madonia.JPG','Over 20 years ago I received the Master of Arts in Theology from Spring Hill College. The positive impact of a Jesuit approach to theological studies cannot be measured.  We learn to talk and think with integrity about theology.  And in doing so, we gain a deep desire to work for the Church, and in the world, for the sake of the kingdom of God.'),(184,'stu','Student Perspective','Bill Harkins ’16','images/people/bill_harkins_2.jpg','I wanted to pursue graduate studies because I knew I was called to be a permanent deacon in the Mobile Archdiocese. Spring Hill College was the perfect place to do that, because of the small class sizes and the personal interest professors have for students here. I have told many people that my Christian faith has been greatly broadened and deepened due to my education at SHC.'),(185,'stu','Student Perspective','Bill Harkins ’16','images/people/bill_harkins_2_1.jpg','Juggling the family, prayer, work, and study schedule has been challenging for me. I couldn’t do it without the prayers and strong support I receive from my family, friends in St. Ignatius parish, the professors and staff at SHC and the folks I work with. These men and their families will be in similar situations and I hope to help them develop their own methods for handling the challenge.'),(186,'fac','Faculty Insight','Dr. Timothy Carmody','images/people/carmody.jpg','For the Theology faculty at Spring Hill the MA program offers an opportunity to work one-on-one with a student doing in-depth research on a particular topic. The MA thesis takes students and MA advisors into research topics and methods way beyond what is normally covered in a regular course. This is a personal and exciting experience for both the student and the faculty. Every time I have been the advisor for an MA thesis the high level of academic mentoring has been a fascinating and enlightening honor.'),(187,'alum','Alumni Perspective','Erica D. Holland ‘13','images/people/ericaholland2.PNG','The Teacher Education Masters Program at Spring Hill College is absolutely amazing! I am an alumnus of the Undergraduate Program, and there is no other program I would have chosen to pursue my Master’s Degree in Education. The close relationship with the professors and the hands-on classroom experiences along with the welcoming personality The Hill is known for puts this program in a category all of its own!'),(188,'stu','Student Perspective','Mark Tenhundfeld ’15','images/people/marktenhundfeld_2.JPG','I was attracted to SHC for two main reasons. First, Spring Hill has a schedule of courses that makes it possible to earn a master’s degree while working full-time. Second, I have the utmost respect for the Jesuit tradition of academic rigor.'),(189,'stu','Student Perspective','Mark Tenhundfeld ’15','images/people/marktenhundfeld_1.JPG','I’ve learned that there is a whole lot more to teaching than just standing in front of a class and bombarding the students with information. My whole concept of teaching has changed dramatically as a result of the classes I’ve taken at Spring Hill. In particular, I am grateful to my professors, who’ve offered wonderful advice on teaching high school students.'),(190,'stu','Student Perspective','Mark Tenhundfeld ’15','images/people/marktenhundfeld.JPG','I’ve always thought of Spring Hill College as a wonderful collection of very bright, motivated people. The fact that the school draws students from so many different parts of the country almost inevitably expands the perspectives and horizons of everyone on campus.'),(191,'fac','Faculty Insight','Dr. Lori Aultman','images/people/Lori_Aultman_head_shot_1.jpg','Spring Hill College students benefit from small classes and small cohorts in that faculty are able to give students one-on-one attention in the classroom and during field experiences.  This mentoring allows our students to excel in the classroom.  P-12 schools in Alabama, Georgia, Ohio, and states along the Gulf Coast recruit our graduates.'),(192,'alum','Alumni Perspective','Eleanor Odom','images/people/Odom.png','The Masters of Science in Nursing degree I earned from Spring Hill College has enriched my life and professional nursing career. The education I obtained through this program has allowed me to see an opportunity for improvement in every aspect of healthcare. The understanding of evidence-driven practice echoes in my mind whenever a new process, guideline, product, etc. is being considered. I am no longer a task driven clinician but instead I weigh the evidence as to why we do the things we do in the delivery of patient care. '),(193,'alum','Alumni Perspective','Shelia Ross, RN','images/people/Shelia.jpg','It was a challenge to balance work and my courses. During graduate school, I worked weekends only in order to have consecutive weekdays off to complete class assignments and participate in clinical activities. I would often steal away to Burke Memorial Library or computer lab for a quiet space to complete my classwork. I quickly learned how to make the most of my time and adhere to a strict schedule.'),(194,'alum','Alumni Perspective','Tyrone Barnes','images/people/tyrone_2.jpg','My experiences as a nurse and as a graduate student at Spring Hill College have taught me to be the change I would like to see in the world. There is no future like the present and the time to make a difference in one’s life is now. I believe that these are the sort of leaders that Spring Hill College fashions and puts forth into the world.'),(195,'alum','Alumni Perspective','Tyrone Barnes','images/people/tyrone_1.jpg','The professors all bring a variety of thoughts and ideas to the intellectual table, nurturing students, and encouraging open-mindedness. My favorite course during the program was Theoretical Principles of Leadership and Management. In this class, I learned how to align my thoughts and ideas with structured theories and rules that I will use in the field as a clinical nurse leader.'),(196,'fac','Faculty Insight','Dr. Ola Fox','images/people/ola_fox.jpg','What distinguishes our MSN students is that they are practitioner-scholars and appreciate a program of study designed to build on their ability to synthesize and apply theory in clinical settings. '),(197,'fac','Faculty Insight','Dr. Sergio Castello','images/people/castello33.jpg','The SHC MBA program provides a foundation of business disciplines,  management, marketing, business ethics, finance, accounting, quantitative methods, economics, and business strategy, while emphasizing the importance of business leaders to serve others by leading corporations to create good goods, good work, and good wealth for society.'),(198,'alum','Alumni Perspective','Rhoda Pickett','images/people/rhoda.jpg','I chose Spring Hill College because I knew that a Jesuit institution would give me the sound academic foundation I would need for the future. At Spring Hill you don’t get lost in the crowd. After reentering after a several-years hiatus, my advisor remembered my name and his willingness to answer my questions and give advice was very encouraging and helpful to me.'),(199,'fac','Faculty Insight','Tom Hoffman, Program Director','images/people/tom_hoffman.jpg','Our program attracts a lively and diverse group of students. Each comes to explore the liberal arts for their own reasons.   A few are recent undergraduates interested in rounding out their educations or gearing up for their professional careers, but many of them are already established professionals looking to burnish their credentials or to simply enrich their intellects.'),(200,'alum','Alumni Perspective','Lindsay Hughes \'08','images/people/Lindsay_Hughes_2013-2.jpg','Completing the MLA program at Spring Hill College was one of the most rewarding experiences of my life. I truly loved the thought-provoking discussions with my classmates, who became my dear friends throughout our academic journey together. I greatly valued the support from my professors, who were always there to encourage me when I became overwhelmed. The MLA program reignited a love for reading and writing within me. I learned so much about the world and about myself, and for all of these things I am forever grateful.'),(201,'stu','Student Perspective','Jon Host','images/people/jonhost.jpg','Overall, it’s been a great experience, well worth the time and effort. I’ve grown personally and professionally, and most importantly, have found universally-applicable quiet confidence that comes from being challenged in a supportive environment, and enormous value in being able to find a true voice in the context of diverse perspectives.'),(202,'stu','Student Perspective','Jon Host','images/people/jonhost_1.jpg','Whether on-campus, online, or hybrid, Spring Hill College’s courses and curricula have been designed to work with and for the non-traditional student. My classes have been large enough to ensure intellectual stimulation from multiple perspectives, and small enough to guarantee plenty of attention from my instructors.'),(203,'alum','Alumni Perspective','John (Jeb) Bolton','images/people/jeb_bolton.JPG','The Spring Hill College MLA program offers a very personalized graduate education experience. Dr. Hoffman and the other participating SHC professors take the time to help guide you through the exciting and vital process of post-undergraduate education. I have been extremely pleased with the level of coordination and substance available though the program and would recommend it to anyone looking to further their knowledge.');
/*!40000 ALTER TABLE `testimonials_testimonial` ENABLE KEYS */;
UNLOCK TABLES;
/*!40103 SET TIME_ZONE=@OLD_TIME_ZONE */;

/*!40101 SET SQL_MODE=@OLD_SQL_MODE */;
/*!40014 SET FOREIGN_KEY_CHECKS=@OLD_FOREIGN_KEY_CHECKS */;
/*!40014 SET UNIQUE_CHECKS=@OLD_UNIQUE_CHECKS */;
/*!40101 SET CHARACTER_SET_CLIENT=@OLD_CHARACTER_SET_CLIENT */;
/*!40101 SET CHARACTER_SET_RESULTS=@OLD_CHARACTER_SET_RESULTS */;
/*!40101 SET COLLATION_CONNECTION=@OLD_COLLATION_CONNECTION */;
/*!40111 SET SQL_NOTES=@OLD_SQL_NOTES */;

-- Dump completed on 2015-02-04 16:08:18
